-- MySQL dump 10.13  Distrib 5.7.12, for Linux (x86_64)
--
-- Host: localhost    Database: ocena
-- ------------------------------------------------------
-- Server version	5.7.12-0ubuntu1

/*!40101 SET @OLD_CHARACTER_SET_CLIENT=@@CHARACTER_SET_CLIENT */;
/*!40101 SET @OLD_CHARACTER_SET_RESULTS=@@CHARACTER_SET_RESULTS */;
/*!40101 SET @OLD_COLLATION_CONNECTION=@@COLLATION_CONNECTION */;
/*!40101 SET NAMES utf8 */;
/*!40103 SET @OLD_TIME_ZONE=@@TIME_ZONE */;
/*!40103 SET TIME_ZONE='+00:00' */;
/*!40014 SET @OLD_UNIQUE_CHECKS=@@UNIQUE_CHECKS, UNIQUE_CHECKS=0 */;
/*!40014 SET @OLD_FOREIGN_KEY_CHECKS=@@FOREIGN_KEY_CHECKS, FOREIGN_KEY_CHECKS=0 */;
/*!40101 SET @OLD_SQL_MODE=@@SQL_MODE, SQL_MODE='NO_AUTO_VALUE_ON_ZERO' */;
/*!40111 SET @OLD_SQL_NOTES=@@SQL_NOTES, SQL_NOTES=0 */;

--
-- Table structure for table `admission`
--

DROP TABLE IF EXISTS `admission`;
/*!40101 SET @saved_cs_client     = @@character_set_client */;
/*!40101 SET character_set_client = utf8 */;
CREATE TABLE `admission` (
  `id` int(10) unsigned NOT NULL AUTO_INCREMENT,
  `admission` varchar(60) NOT NULL,
  `active` tinyint(1) DEFAULT NULL,
  `version` int(11) DEFAULT NULL,
  PRIMARY KEY (`id`),
  UNIQUE KEY `id_UNIQUE` (`id`),
  UNIQUE KEY `admission_UNIQUE` (`admission`)
) ENGINE=InnoDB AUTO_INCREMENT=3 DEFAULT CHARSET=latin1;
/*!40101 SET character_set_client = @saved_cs_client */;

--
-- Dumping data for table `admission`
--

LOCK TABLES `admission` WRITE;
/*!40000 ALTER TABLE `admission` DISABLE KEYS */;
INSERT INTO `admission` VALUES (1,'Undergraduate',1,NULL),(2,'Graduate',1,NULL);
/*!40000 ALTER TABLE `admission` ENABLE KEYS */;
UNLOCK TABLES;

--
-- Table structure for table `assessed_evaluation`
--

DROP TABLE IF EXISTS `assessed_evaluation`;
/*!40101 SET @saved_cs_client     = @@character_set_client */;
/*!40101 SET character_set_client = utf8 */;
CREATE TABLE `assessed_evaluation` (
  `id` int(10) unsigned NOT NULL AUTO_INCREMENT,
  `question_description` varchar(200) DEFAULT NULL,
  `evaluated_question` int(10) unsigned NOT NULL,
  `question_category` smallint(3) unsigned NOT NULL,
  `rating` varchar(10) DEFAULT NULL,
  `standard_deviation` double(5,2) DEFAULT NULL,
  `percentage_score` varchar(20) DEFAULT NULL,
  `evaluation_session` int(10) unsigned NOT NULL,
  `course_of_session` int(10) unsigned NOT NULL,
  `version` int(11) DEFAULT NULL,
  `active` tinyint(1) DEFAULT NULL,
  PRIMARY KEY (`id`),
  UNIQUE KEY `id_UNIQUE` (`id`),
  KEY `fk_assessed_evaluation_evaluated_question1_idx` (`evaluated_question`),
  KEY `fk_assessed_evaluation_question_category1_idx` (`question_category`),
  KEY `fk_assessed_evaluation_evaluation_session1_idx` (`evaluation_session`),
  KEY `fk_assessed_evaluation_course_of_session1_idx` (`course_of_session`),
  CONSTRAINT `fk_assessed_evaluation_course_of_session1` FOREIGN KEY (`course_of_session`) REFERENCES `course_of_session` (`id`) ON DELETE NO ACTION ON UPDATE NO ACTION,
  CONSTRAINT `fk_assessed_evaluation_evaluated_question1` FOREIGN KEY (`evaluated_question`) REFERENCES `evaluated_question` (`id`) ON DELETE NO ACTION ON UPDATE NO ACTION,
  CONSTRAINT `fk_assessed_evaluation_evaluation_session1` FOREIGN KEY (`evaluation_session`) REFERENCES `evaluation_session` (`id`) ON DELETE NO ACTION ON UPDATE NO ACTION,
  CONSTRAINT `fk_assessed_evaluation_question_category1` FOREIGN KEY (`question_category`) REFERENCES `question_category` (`id`) ON DELETE NO ACTION ON UPDATE NO ACTION
) ENGINE=InnoDB AUTO_INCREMENT=541 DEFAULT CHARSET=latin1;
/*!40101 SET character_set_client = @saved_cs_client */;

--
-- Dumping data for table `assessed_evaluation`
--

LOCK TABLES `assessed_evaluation` WRITE;
/*!40000 ALTER TABLE `assessed_evaluation` DISABLE KEYS */;
INSERT INTO `assessed_evaluation` VALUES (1,'Clarity of course objectives (Classroom/Clinical)',46,1,'4.0',0.82,NULL,2,1,NULL,1),(2,'Achievement of course objectives',47,1,'4.0',0.82,NULL,2,1,NULL,1),(3,'Relevance of course to programme objectives',48,1,'4.0',0.82,NULL,2,1,NULL,1),(4,'Interpretation of concepts and theories',49,2,'3.666666',0.47,NULL,2,1,NULL,1),(5,'Coverage of course syllabus',50,2,'3.666666',0.47,NULL,2,1,NULL,1),(6,'Clarity in presentation',51,2,'3.333333',0.47,NULL,2,1,NULL,1),(7,'Effectiveness of presentation methods',52,2,'3.666666',0.94,NULL,2,1,NULL,1),(8,'Sufficiency of handouts',53,3,'2.5',0.50,NULL,2,1,NULL,1),(9,'Value of recommended resource materials',54,3,'3.0',1.63,NULL,2,1,NULL,1),(10,'Use of audio-visual and other teaching aids',55,3,'2.666666',1.25,NULL,2,1,NULL,1),(11,'Guidance on the use of web based material/journals',56,3,'1.0',0.00,NULL,2,1,NULL,1),(12,'Adequacy of physical facilities',57,3,'4.333333',0.47,NULL,2,1,NULL,1),(13,'Sufficiency of computer(ICT) facility',58,3,'4.666666',0.47,NULL,2,1,NULL,1),(14,'Relevance of laboratory experiment(if any)',59,3,'3.0',0.00,NULL,2,1,NULL,1),(15,'Relevance and usefulness of assignments/practicals/CATs',60,4,'3.666666',0.94,NULL,2,1,NULL,1),(16,'Appropriate coursework assessement',61,4,'3.666666',0.94,NULL,2,1,NULL,1),(17,'Satisfaction with methods of evaluation for classroom theory',62,4,'3.333333',1.25,NULL,2,1,NULL,1),(18,'Satisfaction with methods of assessment for practicals',63,4,'3.0',2.00,NULL,2,1,NULL,1),(19,'Attends class regularly',64,5,'2.333333',0.47,NULL,2,1,NULL,1),(20,'Keeps to the published timetable',65,5,'4.0',0.82,NULL,2,1,NULL,1),(21,'Is available for consultation when necessary(outside class time)',66,5,'2.666666',1.25,NULL,2,1,NULL,1),(22,'Guidance in practical lessons(e.g. Nursing)',67,5,'0.0',0.00,NULL,2,1,NULL,1),(23,'Explains the scope, recommended readings, delivery and evaluation methodology of the course',68,6,'3.666666',0.94,NULL,2,1,NULL,1),(24,'Uses organized, up-to-date notes and course materials',69,6,'4.0',0.82,NULL,2,1,NULL,1),(25,'Manages time well(punctual, uses class time efficiently)',70,6,'4.0',0.82,NULL,2,1,NULL,1),(26,'Demonstration of procedures in the practical sessions',71,6,'3.5',1.50,NULL,2,1,NULL,1),(27,'Presents course concepts and theories in a clear and interesting way',72,7,'3.0',1.41,NULL,2,1,NULL,1),(28,'Facilitates meaningful and active class participation by students',73,7,'3.333333',1.25,NULL,2,1,NULL,1),(29,'Answers questions clearly and knowledgeably',74,7,'3.666666',1.25,NULL,2,1,NULL,1),(30,'Uses relevant examples and illustrations in the class/practical',75,7,'3.666666',1.25,NULL,2,1,NULL,1),(31,'Is open to diverse viewpoints and opinions',76,7,'4.0',0.82,NULL,2,1,NULL,1),(32,'Gives relevant and challenging assignments and tests',77,8,'3.0',1.63,NULL,2,1,NULL,1),(33,'Marks assignments and tests promptly',78,8,'2.0',0.82,NULL,2,1,NULL,1),(34,'Gives helpful feedback on assignments and tests',79,8,'1.333333',0.47,NULL,2,1,NULL,1),(35,'Use of case studies for analysis',80,8,'3.0',1.63,NULL,2,1,NULL,1),(36,'Overall rating of lecturer in the classroom/during lecture',81,9,'3.0',0.00,NULL,2,1,NULL,1),(37,'Overall rating of the lecturer during practical/clinical sessions',82,9,'0.0',0.00,NULL,2,1,NULL,1),(38,'What proportions of classes do you attend?',83,10,NULL,NULL,'87.0%',2,1,NULL,1),(39,'In a normal class/practical sesison, what portion of class members are present?',84,10,NULL,NULL,'87.0%',2,1,NULL,1),(40,'What are the reasons for the level of attendance you have reported above?',85,10,NULL,NULL,NULL,2,1,NULL,1),(41,'Your lecturer would like to know if there are certain aspects you believe he/she has done especially well in his/her teaching of this course?',86,11,NULL,NULL,NULL,2,1,NULL,1),(42,'Your lecturer would also like to know what specific things you believe must be done to improve his/her teaching in the course?',87,11,NULL,NULL,NULL,2,1,NULL,1),(43,'What other materials or resources, if any, should be added to enhance understanding of the course contents?',88,11,NULL,NULL,NULL,2,1,NULL,1),(44,'What is your overall view of the course?',89,11,NULL,NULL,NULL,2,1,NULL,1),(45,'Would you recommend this course to any other group of students?',90,11,NULL,NULL,'100.0%',2,1,NULL,1),(46,'Clarity of course objectives (Classroom/Clinical)',46,1,'3.0',0.00,NULL,2,2,NULL,1),(47,'Achievement of course objectives',47,1,'4.0',0.00,NULL,2,2,NULL,1),(48,'Relevance of course to programme objectives',48,1,'4.0',0.00,NULL,2,2,NULL,1),(49,'Interpretation of concepts and theories',49,2,'3.0',0.00,NULL,2,2,NULL,1),(50,'Coverage of course syllabus',50,2,'4.0',0.00,NULL,2,2,NULL,1),(51,'Clarity in presentation',51,2,'2.0',0.00,NULL,2,2,NULL,1),(52,'Effectiveness of presentation methods',52,2,'2.0',0.00,NULL,2,2,NULL,1),(53,'Sufficiency of handouts',53,3,'1.0',0.00,NULL,2,2,NULL,1),(54,'Value of recommended resource materials',54,3,'2.0',0.00,NULL,2,2,NULL,1),(55,'Use of audio-visual and other teaching aids',55,3,'1.0',0.00,NULL,2,2,NULL,1),(56,'Guidance on the use of web based material/journals',56,3,'1.0',0.00,NULL,2,2,NULL,1),(57,'Adequacy of physical facilities',57,3,'4.0',0.00,NULL,2,2,NULL,1),(58,'Sufficiency of computer(ICT) facility',58,3,'4.0',0.00,NULL,2,2,NULL,1),(59,'Relevance of laboratory experiment(if any)',59,3,'0.0',0.00,NULL,2,2,NULL,1),(60,'Relevance and usefulness of assignments/practicals/CATs',60,4,'4.0',0.00,NULL,2,2,NULL,1),(61,'Appropriate coursework assessement',61,4,'3.0',0.00,NULL,2,2,NULL,1),(62,'Satisfaction with methods of evaluation for classroom theory',62,4,'3.0',0.00,NULL,2,2,NULL,1),(63,'Satisfaction with methods of assessment for practicals',63,4,'0.0',0.00,NULL,2,2,NULL,1),(64,'Attends class regularly',64,5,'4.0',0.00,NULL,2,2,NULL,1),(65,'Keeps to the published timetable',65,5,'2.0',0.00,NULL,2,2,NULL,1),(66,'Is available for consultation when necessary(outside class time)',66,5,'4.0',0.00,NULL,2,2,NULL,1),(67,'Guidance in practical lessons(e.g. Nursing)',67,5,'0.0',0.00,NULL,2,2,NULL,1),(68,'Explains the scope, recommended readings, delivery and evaluation methodology of the course',68,6,'3.0',0.00,NULL,2,2,NULL,1),(69,'Uses organized, up-to-date notes and course materials',69,6,'2.0',0.00,NULL,2,2,NULL,1),(70,'Manages time well(punctual, uses class time efficiently)',70,6,'4.0',0.00,NULL,2,2,NULL,1),(71,'Demonstration of procedures in the practical sessions',71,6,'0.0',0.00,NULL,2,2,NULL,1),(72,'Presents course concepts and theories in a clear and interesting way',72,7,'2.0',0.00,NULL,2,2,NULL,1),(73,'Facilitates meaningful and active class participation by students',73,7,'3.0',0.00,NULL,2,2,NULL,1),(74,'Answers questions clearly and knowledgeably',74,7,'3.0',0.00,NULL,2,2,NULL,1),(75,'Uses relevant examples and illustrations in the class/practical',75,7,'2.0',0.00,NULL,2,2,NULL,1),(76,'Is open to diverse viewpoints and opinions',76,7,'2.0',0.00,NULL,2,2,NULL,1),(77,'Gives relevant and challenging assignments and tests',77,8,'4.0',0.00,NULL,2,2,NULL,1),(78,'Marks assignments and tests promptly',78,8,'4.0',0.00,NULL,2,2,NULL,1),(79,'Gives helpful feedback on assignments and tests',79,8,'3.0',0.00,NULL,2,2,NULL,1),(80,'Use of case studies for analysis',80,8,'2.0',0.00,NULL,2,2,NULL,1),(81,'Overall rating of lecturer in the classroom/during lecture',81,9,'3.0',0.00,NULL,2,2,NULL,1),(82,'Overall rating of the lecturer during practical/clinical sessions',82,9,'0.0',0.00,NULL,2,2,NULL,1),(83,'What proportions of classes do you attend?',83,10,NULL,NULL,'87.0%',2,2,NULL,1),(84,'In a normal class/practical sesison, what portion of class members are present?',84,10,NULL,NULL,'87.0%',2,2,NULL,1),(85,'What are the reasons for the level of attendance you have reported above?',85,10,NULL,NULL,NULL,2,2,NULL,1),(86,'Clarity of course objectives (Classroom/Clinical)',46,1,'4.0',0.82,NULL,2,1,NULL,1),(87,'Achievement of course objectives',47,1,'4.0',0.82,NULL,2,1,NULL,1),(88,'Your lecturer would like to know if there are certain aspects you believe he/she has done especially well in his/her teaching of this course?',86,11,NULL,NULL,NULL,2,2,NULL,1),(89,'Relevance of course to programme objectives',48,1,'4.0',0.82,NULL,2,1,NULL,1),(90,'Your lecturer would also like to know what specific things you believe must be done to improve his/her teaching in the course?',87,11,NULL,NULL,NULL,2,2,NULL,1),(91,'What other materials or resources, if any, should be added to enhance understanding of the course contents?',88,11,NULL,NULL,NULL,2,2,NULL,1),(92,'Interpretation of concepts and theories',49,2,'3.666666',0.47,NULL,2,1,NULL,1),(93,'What is your overall view of the course?',89,11,NULL,NULL,NULL,2,2,NULL,1),(94,'Coverage of course syllabus',50,2,'3.666666',0.47,NULL,2,1,NULL,1),(95,'Clarity in presentation',51,2,'3.333333',0.47,NULL,2,1,NULL,1),(96,'Effectiveness of presentation methods',52,2,'3.666666',0.94,NULL,2,1,NULL,1),(97,'Sufficiency of handouts',53,3,'2.5',0.50,NULL,2,1,NULL,1),(98,'Would you recommend this course to any other group of students?',90,11,NULL,NULL,'100.0%',2,2,NULL,1),(99,'Clarity of course objectives (Classroom/Clinical)',46,1,'4.0',0.00,NULL,2,3,NULL,1),(100,'Value of recommended resource materials',54,3,'3.0',1.63,NULL,2,1,NULL,1),(101,'Achievement of course objectives',47,1,'4.0',0.00,NULL,2,3,NULL,1),(102,'Relevance of course to programme objectives',48,1,'4.0',0.00,NULL,2,3,NULL,1),(103,'Use of audio-visual and other teaching aids',55,3,'2.666666',1.25,NULL,2,1,NULL,1),(104,'Interpretation of concepts and theories',49,2,'4.0',0.00,NULL,2,3,NULL,1),(105,'Guidance on the use of web based material/journals',56,3,'1.0',0.00,NULL,2,1,NULL,1),(106,'Coverage of course syllabus',50,2,'3.0',0.00,NULL,2,3,NULL,1),(107,'Clarity in presentation',51,2,'4.0',0.00,NULL,2,3,NULL,1),(108,'Adequacy of physical facilities',57,3,'4.333333',0.47,NULL,2,1,NULL,1),(109,'Effectiveness of presentation methods',52,2,'3.0',0.00,NULL,2,3,NULL,1),(110,'Sufficiency of computer(ICT) facility',58,3,'4.666666',0.47,NULL,2,1,NULL,1),(111,'Sufficiency of handouts',53,3,'2.0',0.00,NULL,2,3,NULL,1),(112,'Relevance of laboratory experiment(if any)',59,3,'3.0',0.00,NULL,2,1,NULL,1),(113,'Value of recommended resource materials',54,3,'3.0',0.00,NULL,2,3,NULL,1),(114,'Use of audio-visual and other teaching aids',55,3,'2.0',0.00,NULL,2,3,NULL,1),(115,'Relevance and usefulness of assignments/practicals/CATs',60,4,'3.666666',0.94,NULL,2,1,NULL,1),(116,'Guidance on the use of web based material/journals',56,3,'2.0',0.00,NULL,2,3,NULL,1),(117,'Appropriate coursework assessement',61,4,'3.666666',0.94,NULL,2,1,NULL,1),(118,'Adequacy of physical facilities',57,3,'4.0',0.00,NULL,2,3,NULL,1),(119,'Satisfaction with methods of evaluation for classroom theory',62,4,'3.333333',1.25,NULL,2,1,NULL,1),(120,'Sufficiency of computer(ICT) facility',58,3,'4.0',0.00,NULL,2,3,NULL,1),(121,'Relevance of laboratory experiment(if any)',59,3,'0.0',0.00,NULL,2,3,NULL,1),(122,'Satisfaction with methods of assessment for practicals',63,4,'3.0',2.00,NULL,2,1,NULL,1),(123,'Relevance and usefulness of assignments/practicals/CATs',60,4,'3.0',0.00,NULL,2,3,NULL,1),(124,'Attends class regularly',64,5,'2.333333',0.47,NULL,2,1,NULL,1),(125,'Appropriate coursework assessement',61,4,'3.0',0.00,NULL,2,3,NULL,1),(126,'Keeps to the published timetable',65,5,'4.0',0.82,NULL,2,1,NULL,1),(127,'Satisfaction with methods of evaluation for classroom theory',62,4,'5.0',0.00,NULL,2,3,NULL,1),(128,'Is available for consultation when necessary(outside class time)',66,5,'2.666666',1.25,NULL,2,1,NULL,1),(129,'Satisfaction with methods of assessment for practicals',63,4,'5.0',0.00,NULL,2,3,NULL,1),(130,'Attends class regularly',64,5,'5.0',0.00,NULL,2,3,NULL,1),(131,'Guidance in practical lessons(e.g. Nursing)',67,5,'0.0',0.00,NULL,2,1,NULL,1),(132,'Keeps to the published timetable',65,5,'5.0',0.00,NULL,2,3,NULL,1),(133,'Explains the scope, recommended readings, delivery and evaluation methodology of the course',68,6,'3.666666',0.94,NULL,2,1,NULL,1),(134,'Is available for consultation when necessary(outside class time)',66,5,'5.0',0.00,NULL,2,3,NULL,1),(135,'Uses organized, up-to-date notes and course materials',69,6,'4.0',0.82,NULL,2,1,NULL,1),(136,'Guidance in practical lessons(e.g. Nursing)',67,5,'5.0',0.00,NULL,2,3,NULL,1),(137,'Explains the scope, recommended readings, delivery and evaluation methodology of the course',68,6,'5.0',0.00,NULL,2,3,NULL,1),(138,'Manages time well(punctual, uses class time efficiently)',70,6,'4.0',0.82,NULL,2,1,NULL,1),(139,'Uses organized, up-to-date notes and course materials',69,6,'5.0',0.00,NULL,2,3,NULL,1),(140,'Demonstration of procedures in the practical sessions',71,6,'3.5',1.50,NULL,2,1,NULL,1),(141,'Manages time well(punctual, uses class time efficiently)',70,6,'5.0',0.00,NULL,2,3,NULL,1),(142,'Presents course concepts and theories in a clear and interesting way',72,7,'3.0',1.41,NULL,2,1,NULL,1),(143,'Demonstration of procedures in the practical sessions',71,6,'5.0',0.00,NULL,2,3,NULL,1),(144,'Presents course concepts and theories in a clear and interesting way',72,7,'5.0',0.00,NULL,2,3,NULL,1),(145,'Facilitates meaningful and active class participation by students',73,7,'3.333333',1.25,NULL,2,1,NULL,1),(146,'Facilitates meaningful and active class participation by students',73,7,'5.0',0.00,NULL,2,3,NULL,1),(147,'Answers questions clearly and knowledgeably',74,7,'3.666666',1.25,NULL,2,1,NULL,1),(148,'Answers questions clearly and knowledgeably',74,7,'5.0',0.00,NULL,2,3,NULL,1),(149,'Uses relevant examples and illustrations in the class/practical',75,7,'3.666666',1.25,NULL,2,1,NULL,1),(150,'Uses relevant examples and illustrations in the class/practical',75,7,'5.0',0.00,NULL,2,3,NULL,1),(151,'Is open to diverse viewpoints and opinions',76,7,'5.0',0.00,NULL,2,3,NULL,1),(152,'Is open to diverse viewpoints and opinions',76,7,'4.0',0.82,NULL,2,1,NULL,1),(153,'Gives relevant and challenging assignments and tests',77,8,'5.0',0.00,NULL,2,3,NULL,1),(154,'Gives relevant and challenging assignments and tests',77,8,'3.0',1.63,NULL,2,1,NULL,1),(155,'Marks assignments and tests promptly',78,8,'5.0',0.00,NULL,2,3,NULL,1),(156,'Marks assignments and tests promptly',78,8,'2.0',0.82,NULL,2,1,NULL,1),(157,'Gives helpful feedback on assignments and tests',79,8,'5.0',0.00,NULL,2,3,NULL,1),(158,'Gives helpful feedback on assignments and tests',79,8,'1.333333',0.47,NULL,2,1,NULL,1),(159,'Use of case studies for analysis',80,8,'5.0',0.00,NULL,2,3,NULL,1),(160,'Overall rating of lecturer in the classroom/during lecture',81,9,'5.0',0.00,NULL,2,3,NULL,1),(161,'Use of case studies for analysis',80,8,'3.0',1.63,NULL,2,1,NULL,1),(162,'Overall rating of the lecturer during practical/clinical sessions',82,9,'5.0',0.00,NULL,2,3,NULL,1),(163,'Overall rating of lecturer in the classroom/during lecture',81,9,'3.0',0.00,NULL,2,1,NULL,1),(164,'What proportions of classes do you attend?',83,10,NULL,NULL,'100.0%',2,3,NULL,1),(165,'Overall rating of the lecturer during practical/clinical sessions',82,9,'0.0',0.00,NULL,2,1,NULL,1),(166,'In a normal class/practical sesison, what portion of class members are present?',84,10,NULL,NULL,'100.0%',2,3,NULL,1),(167,'What proportions of classes do you attend?',83,10,NULL,NULL,'87.0%',2,1,NULL,1),(168,'In a normal class/practical sesison, what portion of class members are present?',84,10,NULL,NULL,'87.0%',2,1,NULL,1),(169,'What are the reasons for the level of attendance you have reported above?',85,10,NULL,NULL,NULL,2,3,NULL,1),(170,'What are the reasons for the level of attendance you have reported above?',85,10,NULL,NULL,NULL,2,1,NULL,1),(171,'Your lecturer would like to know if there are certain aspects you believe he/she has done especially well in his/her teaching of this course?',86,11,NULL,NULL,NULL,2,3,NULL,1),(172,'Your lecturer would like to know if there are certain aspects you believe he/she has done especially well in his/her teaching of this course?',86,11,NULL,NULL,NULL,2,1,NULL,1),(173,'Your lecturer would also like to know what specific things you believe must be done to improve his/her teaching in the course?',87,11,NULL,NULL,NULL,2,3,NULL,1),(174,'Your lecturer would also like to know what specific things you believe must be done to improve his/her teaching in the course?',87,11,NULL,NULL,NULL,2,1,NULL,1),(175,'What other materials or resources, if any, should be added to enhance understanding of the course contents?',88,11,NULL,NULL,NULL,2,3,NULL,1),(176,'What other materials or resources, if any, should be added to enhance understanding of the course contents?',88,11,NULL,NULL,NULL,2,1,NULL,1),(177,'What is your overall view of the course?',89,11,NULL,NULL,NULL,2,1,NULL,1),(178,'What is your overall view of the course?',89,11,NULL,NULL,NULL,2,3,NULL,1),(179,'Would you recommend this course to any other group of students?',90,11,NULL,NULL,'100.0%',2,1,NULL,1),(180,'Would you recommend this course to any other group of students?',90,11,NULL,NULL,'100.0%',2,3,NULL,1),(181,'Clarity of course objectives (Classroom/Clinical)',46,1,'3.0',0.00,NULL,2,2,NULL,1),(182,'Achievement of course objectives',47,1,'4.0',0.00,NULL,2,2,NULL,1),(183,'Clarity of course objectives (Classroom/Clinical)',46,1,'0.0',0.00,NULL,2,4,NULL,1),(184,'Relevance of course to programme objectives',48,1,'4.0',0.00,NULL,2,2,NULL,1),(185,'Achievement of course objectives',47,1,'0.0',0.00,NULL,2,4,NULL,1),(186,'Relevance of course to programme objectives',48,1,'0.0',0.00,NULL,2,4,NULL,1),(187,'Interpretation of concepts and theories',49,2,'3.0',0.00,NULL,2,2,NULL,1),(188,'Interpretation of concepts and theories',49,2,'0.0',0.00,NULL,2,4,NULL,1),(189,'Coverage of course syllabus',50,2,'4.0',0.00,NULL,2,2,NULL,1),(190,'Coverage of course syllabus',50,2,'0.0',0.00,NULL,2,4,NULL,1),(191,'Clarity in presentation',51,2,'2.0',0.00,NULL,2,2,NULL,1),(192,'Clarity in presentation',51,2,'0.0',0.00,NULL,2,4,NULL,1),(193,'Effectiveness of presentation methods',52,2,'2.0',0.00,NULL,2,2,NULL,1),(194,'Effectiveness of presentation methods',52,2,'0.0',0.00,NULL,2,4,NULL,1),(195,'Sufficiency of handouts',53,3,'1.0',0.00,NULL,2,2,NULL,1),(196,'Sufficiency of handouts',53,3,'0.0',0.00,NULL,2,4,NULL,1),(197,'Value of recommended resource materials',54,3,'2.0',0.00,NULL,2,2,NULL,1),(198,'Value of recommended resource materials',54,3,'0.0',0.00,NULL,2,4,NULL,1),(199,'Use of audio-visual and other teaching aids',55,3,'1.0',0.00,NULL,2,2,NULL,1),(200,'Use of audio-visual and other teaching aids',55,3,'0.0',0.00,NULL,2,4,NULL,1),(201,'Guidance on the use of web based material/journals',56,3,'0.0',0.00,NULL,2,4,NULL,1),(202,'Guidance on the use of web based material/journals',56,3,'1.0',0.00,NULL,2,2,NULL,1),(203,'Adequacy of physical facilities',57,3,'0.0',0.00,NULL,2,4,NULL,1),(204,'Adequacy of physical facilities',57,3,'4.0',0.00,NULL,2,2,NULL,1),(205,'Sufficiency of computer(ICT) facility',58,3,'0.0',0.00,NULL,2,4,NULL,1),(206,'Sufficiency of computer(ICT) facility',58,3,'4.0',0.00,NULL,2,2,NULL,1),(207,'Relevance of laboratory experiment(if any)',59,3,'0.0',0.00,NULL,2,4,NULL,1),(208,'Relevance of laboratory experiment(if any)',59,3,'0.0',0.00,NULL,2,2,NULL,1),(209,'Relevance and usefulness of assignments/practicals/CATs',60,4,'0.0',0.00,NULL,2,4,NULL,1),(210,'Relevance and usefulness of assignments/practicals/CATs',60,4,'4.0',0.00,NULL,2,2,NULL,1),(211,'Appropriate coursework assessement',61,4,'0.0',0.00,NULL,2,4,NULL,1),(212,'Appropriate coursework assessement',61,4,'3.0',0.00,NULL,2,2,NULL,1),(213,'Satisfaction with methods of evaluation for classroom theory',62,4,'0.0',0.00,NULL,2,4,NULL,1),(214,'Satisfaction with methods of evaluation for classroom theory',62,4,'3.0',0.00,NULL,2,2,NULL,1),(215,'Satisfaction with methods of assessment for practicals',63,4,'0.0',0.00,NULL,2,4,NULL,1),(216,'Satisfaction with methods of assessment for practicals',63,4,'0.0',0.00,NULL,2,2,NULL,1),(217,'Attends class regularly',64,5,'0.0',0.00,NULL,2,4,NULL,1),(218,'Attends class regularly',64,5,'4.0',0.00,NULL,2,2,NULL,1),(219,'Keeps to the published timetable',65,5,'0.0',0.00,NULL,2,4,NULL,1),(220,'Keeps to the published timetable',65,5,'2.0',0.00,NULL,2,2,NULL,1),(221,'Is available for consultation when necessary(outside class time)',66,5,'0.0',0.00,NULL,2,4,NULL,1),(222,'Is available for consultation when necessary(outside class time)',66,5,'4.0',0.00,NULL,2,2,NULL,1),(223,'Guidance in practical lessons(e.g. Nursing)',67,5,'0.0',0.00,NULL,2,4,NULL,1),(224,'Guidance in practical lessons(e.g. Nursing)',67,5,'0.0',0.00,NULL,2,2,NULL,1),(225,'Explains the scope, recommended readings, delivery and evaluation methodology of the course',68,6,'0.0',0.00,NULL,2,4,NULL,1),(226,'Explains the scope, recommended readings, delivery and evaluation methodology of the course',68,6,'3.0',0.00,NULL,2,2,NULL,1),(227,'Uses organized, up-to-date notes and course materials',69,6,'0.0',0.00,NULL,2,4,NULL,1),(228,'Uses organized, up-to-date notes and course materials',69,6,'2.0',0.00,NULL,2,2,NULL,1),(229,'Manages time well(punctual, uses class time efficiently)',70,6,'0.0',0.00,NULL,2,4,NULL,1),(230,'Manages time well(punctual, uses class time efficiently)',70,6,'4.0',0.00,NULL,2,2,NULL,1),(231,'Demonstration of procedures in the practical sessions',71,6,'0.0',0.00,NULL,2,4,NULL,1),(232,'Demonstration of procedures in the practical sessions',71,6,'0.0',0.00,NULL,2,2,NULL,1),(233,'Presents course concepts and theories in a clear and interesting way',72,7,'0.0',0.00,NULL,2,4,NULL,1),(234,'Presents course concepts and theories in a clear and interesting way',72,7,'2.0',0.00,NULL,2,2,NULL,1),(235,'Facilitates meaningful and active class participation by students',73,7,'0.0',0.00,NULL,2,4,NULL,1),(236,'Facilitates meaningful and active class participation by students',73,7,'3.0',0.00,NULL,2,2,NULL,1),(237,'Answers questions clearly and knowledgeably',74,7,'0.0',0.00,NULL,2,4,NULL,1),(238,'Answers questions clearly and knowledgeably',74,7,'3.0',0.00,NULL,2,2,NULL,1),(239,'Uses relevant examples and illustrations in the class/practical',75,7,'0.0',0.00,NULL,2,4,NULL,1),(240,'Uses relevant examples and illustrations in the class/practical',75,7,'2.0',0.00,NULL,2,2,NULL,1),(241,'Is open to diverse viewpoints and opinions',76,7,'0.0',0.00,NULL,2,4,NULL,1),(242,'Is open to diverse viewpoints and opinions',76,7,'2.0',0.00,NULL,2,2,NULL,1),(243,'Gives relevant and challenging assignments and tests',77,8,'0.0',0.00,NULL,2,4,NULL,1),(244,'Gives relevant and challenging assignments and tests',77,8,'4.0',0.00,NULL,2,2,NULL,1),(245,'Marks assignments and tests promptly',78,8,'0.0',0.00,NULL,2,4,NULL,1),(246,'Marks assignments and tests promptly',78,8,'4.0',0.00,NULL,2,2,NULL,1),(247,'Gives helpful feedback on assignments and tests',79,8,'0.0',0.00,NULL,2,4,NULL,1),(248,'Gives helpful feedback on assignments and tests',79,8,'3.0',0.00,NULL,2,2,NULL,1),(249,'Use of case studies for analysis',80,8,'0.0',0.00,NULL,2,4,NULL,1),(250,'Overall rating of lecturer in the classroom/during lecture',81,9,'0.0',0.00,NULL,2,4,NULL,1),(251,'Use of case studies for analysis',80,8,'2.0',0.00,NULL,2,2,NULL,1),(252,'Overall rating of the lecturer during practical/clinical sessions',82,9,'0.0',0.00,NULL,2,4,NULL,1),(253,'Overall rating of lecturer in the classroom/during lecture',81,9,'3.0',0.00,NULL,2,2,NULL,1),(254,'What proportions of classes do you attend?',83,10,NULL,NULL,'0.0%',2,4,NULL,1),(255,'Overall rating of the lecturer during practical/clinical sessions',82,9,'0.0',0.00,NULL,2,2,NULL,1),(256,'In a normal class/practical sesison, what portion of class members are present?',84,10,NULL,NULL,'0.0%',2,4,NULL,1),(257,'What proportions of classes do you attend?',83,10,NULL,NULL,'87.0%',2,2,NULL,1),(258,'What are the reasons for the level of attendance you have reported above?',85,10,NULL,NULL,NULL,2,4,NULL,1),(259,'In a normal class/practical sesison, what portion of class members are present?',84,10,NULL,NULL,'87.0%',2,2,NULL,1),(260,'What are the reasons for the level of attendance you have reported above?',85,10,NULL,NULL,NULL,2,2,NULL,1),(261,'Your lecturer would like to know if there are certain aspects you believe he/she has done especially well in his/her teaching of this course?',86,11,NULL,NULL,NULL,2,4,NULL,1),(262,'Your lecturer would also like to know what specific things you believe must be done to improve his/her teaching in the course?',87,11,NULL,NULL,NULL,2,4,NULL,1),(263,'Your lecturer would like to know if there are certain aspects you believe he/she has done especially well in his/her teaching of this course?',86,11,NULL,NULL,NULL,2,2,NULL,1),(264,'What other materials or resources, if any, should be added to enhance understanding of the course contents?',88,11,NULL,NULL,NULL,2,4,NULL,1),(265,'Your lecturer would also like to know what specific things you believe must be done to improve his/her teaching in the course?',87,11,NULL,NULL,NULL,2,2,NULL,1),(266,'What is your overall view of the course?',89,11,NULL,NULL,NULL,2,4,NULL,1),(267,'What other materials or resources, if any, should be added to enhance understanding of the course contents?',88,11,NULL,NULL,NULL,2,2,NULL,1),(268,'What is your overall view of the course?',89,11,NULL,NULL,NULL,2,2,NULL,1),(269,'Would you recommend this course to any other group of students?',90,11,NULL,NULL,'0.0%',2,4,NULL,1),(270,'Would you recommend this course to any other group of students?',90,11,NULL,NULL,'100.0%',2,2,NULL,1),(271,'Clarity of course objectives (Classroom/Clinical)',46,1,'0.0',0.00,NULL,2,5,NULL,1),(272,'Clarity of course objectives (Classroom/Clinical)',46,1,'4.0',0.00,NULL,2,3,NULL,1),(273,'Achievement of course objectives',47,1,'0.0',0.00,NULL,2,5,NULL,1),(274,'Achievement of course objectives',47,1,'4.0',0.00,NULL,2,3,NULL,1),(275,'Relevance of course to programme objectives',48,1,'0.0',0.00,NULL,2,5,NULL,1),(276,'Relevance of course to programme objectives',48,1,'4.0',0.00,NULL,2,3,NULL,1),(277,'Interpretation of concepts and theories',49,2,'0.0',0.00,NULL,2,5,NULL,1),(278,'Interpretation of concepts and theories',49,2,'4.0',0.00,NULL,2,3,NULL,1),(279,'Coverage of course syllabus',50,2,'0.0',0.00,NULL,2,5,NULL,1),(280,'Coverage of course syllabus',50,2,'3.0',0.00,NULL,2,3,NULL,1),(281,'Clarity in presentation',51,2,'0.0',0.00,NULL,2,5,NULL,1),(282,'Effectiveness of presentation methods',52,2,'0.0',0.00,NULL,2,5,NULL,1),(283,'Clarity in presentation',51,2,'4.0',0.00,NULL,2,3,NULL,1),(284,'Sufficiency of handouts',53,3,'0.0',0.00,NULL,2,5,NULL,1),(285,'Effectiveness of presentation methods',52,2,'3.0',0.00,NULL,2,3,NULL,1),(286,'Value of recommended resource materials',54,3,'0.0',0.00,NULL,2,5,NULL,1),(287,'Sufficiency of handouts',53,3,'2.0',0.00,NULL,2,3,NULL,1),(288,'Use of audio-visual and other teaching aids',55,3,'0.0',0.00,NULL,2,5,NULL,1),(289,'Value of recommended resource materials',54,3,'3.0',0.00,NULL,2,3,NULL,1),(290,'Guidance on the use of web based material/journals',56,3,'0.0',0.00,NULL,2,5,NULL,1),(291,'Use of audio-visual and other teaching aids',55,3,'2.0',0.00,NULL,2,3,NULL,1),(292,'Adequacy of physical facilities',57,3,'0.0',0.00,NULL,2,5,NULL,1),(293,'Guidance on the use of web based material/journals',56,3,'2.0',0.00,NULL,2,3,NULL,1),(294,'Sufficiency of computer(ICT) facility',58,3,'0.0',0.00,NULL,2,5,NULL,1),(295,'Adequacy of physical facilities',57,3,'4.0',0.00,NULL,2,3,NULL,1),(296,'Relevance of laboratory experiment(if any)',59,3,'0.0',0.00,NULL,2,5,NULL,1),(297,'Sufficiency of computer(ICT) facility',58,3,'4.0',0.00,NULL,2,3,NULL,1),(298,'Relevance and usefulness of assignments/practicals/CATs',60,4,'0.0',0.00,NULL,2,5,NULL,1),(299,'Relevance of laboratory experiment(if any)',59,3,'0.0',0.00,NULL,2,3,NULL,1),(300,'Appropriate coursework assessement',61,4,'0.0',0.00,NULL,2,5,NULL,1),(301,'Relevance and usefulness of assignments/practicals/CATs',60,4,'3.0',0.00,NULL,2,3,NULL,1),(302,'Satisfaction with methods of evaluation for classroom theory',62,4,'0.0',0.00,NULL,2,5,NULL,1),(303,'Satisfaction with methods of assessment for practicals',63,4,'0.0',0.00,NULL,2,5,NULL,1),(304,'Appropriate coursework assessement',61,4,'3.0',0.00,NULL,2,3,NULL,1),(305,'Attends class regularly',64,5,'0.0',0.00,NULL,2,5,NULL,1),(306,'Satisfaction with methods of evaluation for classroom theory',62,4,'5.0',0.00,NULL,2,3,NULL,1),(307,'Keeps to the published timetable',65,5,'0.0',0.00,NULL,2,5,NULL,1),(308,'Satisfaction with methods of assessment for practicals',63,4,'5.0',0.00,NULL,2,3,NULL,1),(309,'Is available for consultation when necessary(outside class time)',66,5,'0.0',0.00,NULL,2,5,NULL,1),(310,'Attends class regularly',64,5,'5.0',0.00,NULL,2,3,NULL,1),(311,'Guidance in practical lessons(e.g. Nursing)',67,5,'0.0',0.00,NULL,2,5,NULL,1),(312,'Keeps to the published timetable',65,5,'5.0',0.00,NULL,2,3,NULL,1),(313,'Explains the scope, recommended readings, delivery and evaluation methodology of the course',68,6,'0.0',0.00,NULL,2,5,NULL,1),(314,'Is available for consultation when necessary(outside class time)',66,5,'5.0',0.00,NULL,2,3,NULL,1),(315,'Uses organized, up-to-date notes and course materials',69,6,'0.0',0.00,NULL,2,5,NULL,1),(316,'Guidance in practical lessons(e.g. Nursing)',67,5,'5.0',0.00,NULL,2,3,NULL,1),(317,'Manages time well(punctual, uses class time efficiently)',70,6,'0.0',0.00,NULL,2,5,NULL,1),(318,'Explains the scope, recommended readings, delivery and evaluation methodology of the course',68,6,'5.0',0.00,NULL,2,3,NULL,1),(319,'Demonstration of procedures in the practical sessions',71,6,'0.0',0.00,NULL,2,5,NULL,1),(320,'Presents course concepts and theories in a clear and interesting way',72,7,'0.0',0.00,NULL,2,5,NULL,1),(321,'Uses organized, up-to-date notes and course materials',69,6,'5.0',0.00,NULL,2,3,NULL,1),(322,'Facilitates meaningful and active class participation by students',73,7,'0.0',0.00,NULL,2,5,NULL,1),(323,'Manages time well(punctual, uses class time efficiently)',70,6,'5.0',0.00,NULL,2,3,NULL,1),(324,'Answers questions clearly and knowledgeably',74,7,'0.0',0.00,NULL,2,5,NULL,1),(325,'Demonstration of procedures in the practical sessions',71,6,'5.0',0.00,NULL,2,3,NULL,1),(326,'Uses relevant examples and illustrations in the class/practical',75,7,'0.0',0.00,NULL,2,5,NULL,1),(327,'Presents course concepts and theories in a clear and interesting way',72,7,'5.0',0.00,NULL,2,3,NULL,1),(328,'Facilitates meaningful and active class participation by students',73,7,'5.0',0.00,NULL,2,3,NULL,1),(329,'Is open to diverse viewpoints and opinions',76,7,'0.0',0.00,NULL,2,5,NULL,1),(330,'Answers questions clearly and knowledgeably',74,7,'5.0',0.00,NULL,2,3,NULL,1),(331,'Gives relevant and challenging assignments and tests',77,8,'0.0',0.00,NULL,2,5,NULL,1),(332,'Uses relevant examples and illustrations in the class/practical',75,7,'5.0',0.00,NULL,2,3,NULL,1),(333,'Marks assignments and tests promptly',78,8,'0.0',0.00,NULL,2,5,NULL,1),(334,'Gives helpful feedback on assignments and tests',79,8,'0.0',0.00,NULL,2,5,NULL,1),(335,'Is open to diverse viewpoints and opinions',76,7,'5.0',0.00,NULL,2,3,NULL,1),(336,'Use of case studies for analysis',80,8,'0.0',0.00,NULL,2,5,NULL,1),(337,'Gives relevant and challenging assignments and tests',77,8,'5.0',0.00,NULL,2,3,NULL,1),(338,'Overall rating of lecturer in the classroom/during lecture',81,9,'0.0',0.00,NULL,2,5,NULL,1),(339,'Marks assignments and tests promptly',78,8,'5.0',0.00,NULL,2,3,NULL,1),(340,'Overall rating of the lecturer during practical/clinical sessions',82,9,'0.0',0.00,NULL,2,5,NULL,1),(341,'Gives helpful feedback on assignments and tests',79,8,'5.0',0.00,NULL,2,3,NULL,1),(342,'What proportions of classes do you attend?',83,10,NULL,NULL,'0.0%',2,5,NULL,1),(343,'Use of case studies for analysis',80,8,'5.0',0.00,NULL,2,3,NULL,1),(344,'In a normal class/practical sesison, what portion of class members are present?',84,10,NULL,NULL,'0.0%',2,5,NULL,1),(345,'What are the reasons for the level of attendance you have reported above?',85,10,NULL,NULL,NULL,2,5,NULL,1),(346,'Overall rating of lecturer in the classroom/during lecture',81,9,'5.0',0.00,NULL,2,3,NULL,1),(347,'Overall rating of the lecturer during practical/clinical sessions',82,9,'5.0',0.00,NULL,2,3,NULL,1),(348,'What proportions of classes do you attend?',83,10,NULL,NULL,'100.0%',2,3,NULL,1),(349,'In a normal class/practical sesison, what portion of class members are present?',84,10,NULL,NULL,'100.0%',2,3,NULL,1),(350,'What are the reasons for the level of attendance you have reported above?',85,10,NULL,NULL,NULL,2,3,NULL,1),(351,'Your lecturer would like to know if there are certain aspects you believe he/she has done especially well in his/her teaching of this course?',86,11,NULL,NULL,NULL,2,5,NULL,1),(352,'Your lecturer would also like to know what specific things you believe must be done to improve his/her teaching in the course?',87,11,NULL,NULL,NULL,2,5,NULL,1),(353,'What other materials or resources, if any, should be added to enhance understanding of the course contents?',88,11,NULL,NULL,NULL,2,5,NULL,1),(354,'What is your overall view of the course?',89,11,NULL,NULL,NULL,2,5,NULL,1),(355,'Your lecturer would like to know if there are certain aspects you believe he/she has done especially well in his/her teaching of this course?',86,11,NULL,NULL,NULL,2,3,NULL,1),(356,'Your lecturer would also like to know what specific things you believe must be done to improve his/her teaching in the course?',87,11,NULL,NULL,NULL,2,3,NULL,1),(357,'What other materials or resources, if any, should be added to enhance understanding of the course contents?',88,11,NULL,NULL,NULL,2,3,NULL,1),(358,'Would you recommend this course to any other group of students?',90,11,NULL,NULL,'0.0%',2,5,NULL,1),(359,'Clarity of course objectives (Classroom/Clinical)',46,1,'0.0',0.00,NULL,2,6,NULL,1),(360,'What is your overall view of the course?',89,11,NULL,NULL,NULL,2,3,NULL,1),(361,'Achievement of course objectives',47,1,'0.0',0.00,NULL,2,6,NULL,1),(362,'Relevance of course to programme objectives',48,1,'0.0',0.00,NULL,2,6,NULL,1),(363,'Interpretation of concepts and theories',49,2,'0.0',0.00,NULL,2,6,NULL,1),(364,'Coverage of course syllabus',50,2,'0.0',0.00,NULL,2,6,NULL,1),(365,'Clarity in presentation',51,2,'0.0',0.00,NULL,2,6,NULL,1),(366,'Effectiveness of presentation methods',52,2,'0.0',0.00,NULL,2,6,NULL,1),(367,'Sufficiency of handouts',53,3,'0.0',0.00,NULL,2,6,NULL,1),(368,'Would you recommend this course to any other group of students?',90,11,NULL,NULL,'100.0%',2,3,NULL,1),(369,'Value of recommended resource materials',54,3,'0.0',0.00,NULL,2,6,NULL,1),(370,'Clarity of course objectives (Classroom/Clinical)',46,1,'0.0',0.00,NULL,2,4,NULL,1),(371,'Use of audio-visual and other teaching aids',55,3,'0.0',0.00,NULL,2,6,NULL,1),(372,'Achievement of course objectives',47,1,'0.0',0.00,NULL,2,4,NULL,1),(373,'Guidance on the use of web based material/journals',56,3,'0.0',0.00,NULL,2,6,NULL,1),(374,'Relevance of course to programme objectives',48,1,'0.0',0.00,NULL,2,4,NULL,1),(375,'Adequacy of physical facilities',57,3,'0.0',0.00,NULL,2,6,NULL,1),(376,'Interpretation of concepts and theories',49,2,'0.0',0.00,NULL,2,4,NULL,1),(377,'Sufficiency of computer(ICT) facility',58,3,'0.0',0.00,NULL,2,6,NULL,1),(378,'Coverage of course syllabus',50,2,'0.0',0.00,NULL,2,4,NULL,1),(379,'Relevance of laboratory experiment(if any)',59,3,'0.0',0.00,NULL,2,6,NULL,1),(380,'Clarity in presentation',51,2,'0.0',0.00,NULL,2,4,NULL,1),(381,'Relevance and usefulness of assignments/practicals/CATs',60,4,'0.0',0.00,NULL,2,6,NULL,1),(382,'Effectiveness of presentation methods',52,2,'0.0',0.00,NULL,2,4,NULL,1),(383,'Appropriate coursework assessement',61,4,'0.0',0.00,NULL,2,6,NULL,1),(384,'Sufficiency of handouts',53,3,'0.0',0.00,NULL,2,4,NULL,1),(385,'Value of recommended resource materials',54,3,'0.0',0.00,NULL,2,4,NULL,1),(386,'Satisfaction with methods of evaluation for classroom theory',62,4,'0.0',0.00,NULL,2,6,NULL,1),(387,'Use of audio-visual and other teaching aids',55,3,'0.0',0.00,NULL,2,4,NULL,1),(388,'Satisfaction with methods of assessment for practicals',63,4,'0.0',0.00,NULL,2,6,NULL,1),(389,'Guidance on the use of web based material/journals',56,3,'0.0',0.00,NULL,2,4,NULL,1),(390,'Attends class regularly',64,5,'0.0',0.00,NULL,2,6,NULL,1),(391,'Keeps to the published timetable',65,5,'0.0',0.00,NULL,2,6,NULL,1),(392,'Adequacy of physical facilities',57,3,'0.0',0.00,NULL,2,4,NULL,1),(393,'Is available for consultation when necessary(outside class time)',66,5,'0.0',0.00,NULL,2,6,NULL,1),(394,'Sufficiency of computer(ICT) facility',58,3,'0.0',0.00,NULL,2,4,NULL,1),(395,'Guidance in practical lessons(e.g. Nursing)',67,5,'0.0',0.00,NULL,2,6,NULL,1),(396,'Relevance of laboratory experiment(if any)',59,3,'0.0',0.00,NULL,2,4,NULL,1),(397,'Explains the scope, recommended readings, delivery and evaluation methodology of the course',68,6,'0.0',0.00,NULL,2,6,NULL,1),(398,'Relevance and usefulness of assignments/practicals/CATs',60,4,'0.0',0.00,NULL,2,4,NULL,1),(399,'Uses organized, up-to-date notes and course materials',69,6,'0.0',0.00,NULL,2,6,NULL,1),(400,'Appropriate coursework assessement',61,4,'0.0',0.00,NULL,2,4,NULL,1),(401,'Manages time well(punctual, uses class time efficiently)',70,6,'0.0',0.00,NULL,2,6,NULL,1),(402,'Satisfaction with methods of evaluation for classroom theory',62,4,'0.0',0.00,NULL,2,4,NULL,1),(403,'Demonstration of procedures in the practical sessions',71,6,'0.0',0.00,NULL,2,6,NULL,1),(404,'Satisfaction with methods of assessment for practicals',63,4,'0.0',0.00,NULL,2,4,NULL,1),(405,'Presents course concepts and theories in a clear and interesting way',72,7,'0.0',0.00,NULL,2,6,NULL,1),(406,'Attends class regularly',64,5,'0.0',0.00,NULL,2,4,NULL,1),(407,'Facilitates meaningful and active class participation by students',73,7,'0.0',0.00,NULL,2,6,NULL,1),(408,'Keeps to the published timetable',65,5,'0.0',0.00,NULL,2,4,NULL,1),(409,'Is available for consultation when necessary(outside class time)',66,5,'0.0',0.00,NULL,2,4,NULL,1),(410,'Answers questions clearly and knowledgeably',74,7,'0.0',0.00,NULL,2,6,NULL,1),(411,'Guidance in practical lessons(e.g. Nursing)',67,5,'0.0',0.00,NULL,2,4,NULL,1),(412,'Uses relevant examples and illustrations in the class/practical',75,7,'0.0',0.00,NULL,2,6,NULL,1),(413,'Explains the scope, recommended readings, delivery and evaluation methodology of the course',68,6,'0.0',0.00,NULL,2,4,NULL,1),(414,'Is open to diverse viewpoints and opinions',76,7,'0.0',0.00,NULL,2,6,NULL,1),(415,'Uses organized, up-to-date notes and course materials',69,6,'0.0',0.00,NULL,2,4,NULL,1),(416,'Gives relevant and challenging assignments and tests',77,8,'0.0',0.00,NULL,2,6,NULL,1),(417,'Manages time well(punctual, uses class time efficiently)',70,6,'0.0',0.00,NULL,2,4,NULL,1),(418,'Marks assignments and tests promptly',78,8,'0.0',0.00,NULL,2,6,NULL,1),(419,'Demonstration of procedures in the practical sessions',71,6,'0.0',0.00,NULL,2,4,NULL,1),(420,'Gives helpful feedback on assignments and tests',79,8,'0.0',0.00,NULL,2,6,NULL,1),(421,'Presents course concepts and theories in a clear and interesting way',72,7,'0.0',0.00,NULL,2,4,NULL,1),(422,'Facilitates meaningful and active class participation by students',73,7,'0.0',0.00,NULL,2,4,NULL,1),(423,'Use of case studies for analysis',80,8,'0.0',0.00,NULL,2,6,NULL,1),(424,'Answers questions clearly and knowledgeably',74,7,'0.0',0.00,NULL,2,4,NULL,1),(425,'Overall rating of lecturer in the classroom/during lecture',81,9,'0.0',0.00,NULL,2,6,NULL,1),(426,'Uses relevant examples and illustrations in the class/practical',75,7,'0.0',0.00,NULL,2,4,NULL,1),(427,'Overall rating of the lecturer during practical/clinical sessions',82,9,'0.0',0.00,NULL,2,6,NULL,1),(428,'Is open to diverse viewpoints and opinions',76,7,'0.0',0.00,NULL,2,4,NULL,1),(429,'What proportions of classes do you attend?',83,10,NULL,NULL,'0.0%',2,6,NULL,1),(430,'Gives relevant and challenging assignments and tests',77,8,'0.0',0.00,NULL,2,4,NULL,1),(431,'In a normal class/practical sesison, what portion of class members are present?',84,10,NULL,NULL,'0.0%',2,6,NULL,1),(432,'Marks assignments and tests promptly',78,8,'0.0',0.00,NULL,2,4,NULL,1),(433,'What are the reasons for the level of attendance you have reported above?',85,10,NULL,NULL,NULL,2,6,NULL,1),(434,'Gives helpful feedback on assignments and tests',79,8,'0.0',0.00,NULL,2,4,NULL,1),(435,'Use of case studies for analysis',80,8,'0.0',0.00,NULL,2,4,NULL,1),(436,'Overall rating of lecturer in the classroom/during lecture',81,9,'0.0',0.00,NULL,2,4,NULL,1),(437,'Your lecturer would like to know if there are certain aspects you believe he/she has done especially well in his/her teaching of this course?',86,11,NULL,NULL,NULL,2,6,NULL,1),(438,'Overall rating of the lecturer during practical/clinical sessions',82,9,'0.0',0.00,NULL,2,4,NULL,1),(439,'Your lecturer would also like to know what specific things you believe must be done to improve his/her teaching in the course?',87,11,NULL,NULL,NULL,2,6,NULL,1),(440,'What proportions of classes do you attend?',83,10,NULL,NULL,'0.0%',2,4,NULL,1),(441,'What other materials or resources, if any, should be added to enhance understanding of the course contents?',88,11,NULL,NULL,NULL,2,6,NULL,1),(442,'What is your overall view of the course?',89,11,NULL,NULL,NULL,2,6,NULL,1),(443,'In a normal class/practical sesison, what portion of class members are present?',84,10,NULL,NULL,'0.0%',2,4,NULL,1),(444,'What are the reasons for the level of attendance you have reported above?',85,10,NULL,NULL,NULL,2,4,NULL,1),(445,'Would you recommend this course to any other group of students?',90,11,NULL,NULL,'0.0%',2,6,NULL,1),(446,'Your lecturer would like to know if there are certain aspects you believe he/she has done especially well in his/her teaching of this course?',86,11,NULL,NULL,NULL,2,4,NULL,1),(447,'Your lecturer would also like to know what specific things you believe must be done to improve his/her teaching in the course?',87,11,NULL,NULL,NULL,2,4,NULL,1),(448,'What other materials or resources, if any, should be added to enhance understanding of the course contents?',88,11,NULL,NULL,NULL,2,4,NULL,1),(449,'What is your overall view of the course?',89,11,NULL,NULL,NULL,2,4,NULL,1),(450,'Would you recommend this course to any other group of students?',90,11,NULL,NULL,'0.0%',2,4,NULL,1),(451,'Clarity of course objectives (Classroom/Clinical)',46,1,'0.0',0.00,NULL,2,5,NULL,1),(452,'Achievement of course objectives',47,1,'0.0',0.00,NULL,2,5,NULL,1),(453,'Relevance of course to programme objectives',48,1,'0.0',0.00,NULL,2,5,NULL,1),(454,'Interpretation of concepts and theories',49,2,'0.0',0.00,NULL,2,5,NULL,1),(455,'Coverage of course syllabus',50,2,'0.0',0.00,NULL,2,5,NULL,1),(456,'Clarity in presentation',51,2,'0.0',0.00,NULL,2,5,NULL,1),(457,'Effectiveness of presentation methods',52,2,'0.0',0.00,NULL,2,5,NULL,1),(458,'Sufficiency of handouts',53,3,'0.0',0.00,NULL,2,5,NULL,1),(459,'Value of recommended resource materials',54,3,'0.0',0.00,NULL,2,5,NULL,1),(460,'Use of audio-visual and other teaching aids',55,3,'0.0',0.00,NULL,2,5,NULL,1),(461,'Guidance on the use of web based material/journals',56,3,'0.0',0.00,NULL,2,5,NULL,1),(462,'Adequacy of physical facilities',57,3,'0.0',0.00,NULL,2,5,NULL,1),(463,'Sufficiency of computer(ICT) facility',58,3,'0.0',0.00,NULL,2,5,NULL,1),(464,'Relevance of laboratory experiment(if any)',59,3,'0.0',0.00,NULL,2,5,NULL,1),(465,'Relevance and usefulness of assignments/practicals/CATs',60,4,'0.0',0.00,NULL,2,5,NULL,1),(466,'Appropriate coursework assessement',61,4,'0.0',0.00,NULL,2,5,NULL,1),(467,'Satisfaction with methods of evaluation for classroom theory',62,4,'0.0',0.00,NULL,2,5,NULL,1),(468,'Satisfaction with methods of assessment for practicals',63,4,'0.0',0.00,NULL,2,5,NULL,1),(469,'Attends class regularly',64,5,'0.0',0.00,NULL,2,5,NULL,1),(470,'Keeps to the published timetable',65,5,'0.0',0.00,NULL,2,5,NULL,1),(471,'Is available for consultation when necessary(outside class time)',66,5,'0.0',0.00,NULL,2,5,NULL,1),(472,'Guidance in practical lessons(e.g. Nursing)',67,5,'0.0',0.00,NULL,2,5,NULL,1),(473,'Explains the scope, recommended readings, delivery and evaluation methodology of the course',68,6,'0.0',0.00,NULL,2,5,NULL,1),(474,'Uses organized, up-to-date notes and course materials',69,6,'0.0',0.00,NULL,2,5,NULL,1),(475,'Manages time well(punctual, uses class time efficiently)',70,6,'0.0',0.00,NULL,2,5,NULL,1),(476,'Demonstration of procedures in the practical sessions',71,6,'0.0',0.00,NULL,2,5,NULL,1),(477,'Presents course concepts and theories in a clear and interesting way',72,7,'0.0',0.00,NULL,2,5,NULL,1),(478,'Facilitates meaningful and active class participation by students',73,7,'0.0',0.00,NULL,2,5,NULL,1),(479,'Answers questions clearly and knowledgeably',74,7,'0.0',0.00,NULL,2,5,NULL,1),(480,'Uses relevant examples and illustrations in the class/practical',75,7,'0.0',0.00,NULL,2,5,NULL,1),(481,'Is open to diverse viewpoints and opinions',76,7,'0.0',0.00,NULL,2,5,NULL,1),(482,'Gives relevant and challenging assignments and tests',77,8,'0.0',0.00,NULL,2,5,NULL,1),(483,'Marks assignments and tests promptly',78,8,'0.0',0.00,NULL,2,5,NULL,1),(484,'Gives helpful feedback on assignments and tests',79,8,'0.0',0.00,NULL,2,5,NULL,1),(485,'Use of case studies for analysis',80,8,'0.0',0.00,NULL,2,5,NULL,1),(486,'Overall rating of lecturer in the classroom/during lecture',81,9,'0.0',0.00,NULL,2,5,NULL,1),(487,'Overall rating of the lecturer during practical/clinical sessions',82,9,'0.0',0.00,NULL,2,5,NULL,1),(488,'What proportions of classes do you attend?',83,10,NULL,NULL,'0.0%',2,5,NULL,1),(489,'In a normal class/practical sesison, what portion of class members are present?',84,10,NULL,NULL,'0.0%',2,5,NULL,1),(490,'What are the reasons for the level of attendance you have reported above?',85,10,NULL,NULL,NULL,2,5,NULL,1),(491,'Your lecturer would like to know if there are certain aspects you believe he/she has done especially well in his/her teaching of this course?',86,11,NULL,NULL,NULL,2,5,NULL,1),(492,'Your lecturer would also like to know what specific things you believe must be done to improve his/her teaching in the course?',87,11,NULL,NULL,NULL,2,5,NULL,1),(493,'What other materials or resources, if any, should be added to enhance understanding of the course contents?',88,11,NULL,NULL,NULL,2,5,NULL,1),(494,'What is your overall view of the course?',89,11,NULL,NULL,NULL,2,5,NULL,1),(495,'Would you recommend this course to any other group of students?',90,11,NULL,NULL,'0.0%',2,5,NULL,1),(496,'Clarity of course objectives (Classroom/Clinical)',46,1,'0.0',0.00,NULL,2,6,NULL,1),(497,'Achievement of course objectives',47,1,'0.0',0.00,NULL,2,6,NULL,1),(498,'Relevance of course to programme objectives',48,1,'0.0',0.00,NULL,2,6,NULL,1),(499,'Interpretation of concepts and theories',49,2,'0.0',0.00,NULL,2,6,NULL,1),(500,'Coverage of course syllabus',50,2,'0.0',0.00,NULL,2,6,NULL,1),(501,'Clarity in presentation',51,2,'0.0',0.00,NULL,2,6,NULL,1),(502,'Effectiveness of presentation methods',52,2,'0.0',0.00,NULL,2,6,NULL,1),(503,'Sufficiency of handouts',53,3,'0.0',0.00,NULL,2,6,NULL,1),(504,'Value of recommended resource materials',54,3,'0.0',0.00,NULL,2,6,NULL,1),(505,'Use of audio-visual and other teaching aids',55,3,'0.0',0.00,NULL,2,6,NULL,1),(506,'Guidance on the use of web based material/journals',56,3,'0.0',0.00,NULL,2,6,NULL,1),(507,'Adequacy of physical facilities',57,3,'0.0',0.00,NULL,2,6,NULL,1),(508,'Sufficiency of computer(ICT) facility',58,3,'0.0',0.00,NULL,2,6,NULL,1),(509,'Relevance of laboratory experiment(if any)',59,3,'0.0',0.00,NULL,2,6,NULL,1),(510,'Relevance and usefulness of assignments/practicals/CATs',60,4,'0.0',0.00,NULL,2,6,NULL,1),(511,'Appropriate coursework assessement',61,4,'0.0',0.00,NULL,2,6,NULL,1),(512,'Satisfaction with methods of evaluation for classroom theory',62,4,'0.0',0.00,NULL,2,6,NULL,1),(513,'Satisfaction with methods of assessment for practicals',63,4,'0.0',0.00,NULL,2,6,NULL,1),(514,'Attends class regularly',64,5,'0.0',0.00,NULL,2,6,NULL,1),(515,'Keeps to the published timetable',65,5,'0.0',0.00,NULL,2,6,NULL,1),(516,'Is available for consultation when necessary(outside class time)',66,5,'0.0',0.00,NULL,2,6,NULL,1),(517,'Guidance in practical lessons(e.g. Nursing)',67,5,'0.0',0.00,NULL,2,6,NULL,1),(518,'Explains the scope, recommended readings, delivery and evaluation methodology of the course',68,6,'0.0',0.00,NULL,2,6,NULL,1),(519,'Uses organized, up-to-date notes and course materials',69,6,'0.0',0.00,NULL,2,6,NULL,1),(520,'Manages time well(punctual, uses class time efficiently)',70,6,'0.0',0.00,NULL,2,6,NULL,1),(521,'Demonstration of procedures in the practical sessions',71,6,'0.0',0.00,NULL,2,6,NULL,1),(522,'Presents course concepts and theories in a clear and interesting way',72,7,'0.0',0.00,NULL,2,6,NULL,1),(523,'Facilitates meaningful and active class participation by students',73,7,'0.0',0.00,NULL,2,6,NULL,1),(524,'Answers questions clearly and knowledgeably',74,7,'0.0',0.00,NULL,2,6,NULL,1),(525,'Uses relevant examples and illustrations in the class/practical',75,7,'0.0',0.00,NULL,2,6,NULL,1),(526,'Is open to diverse viewpoints and opinions',76,7,'0.0',0.00,NULL,2,6,NULL,1),(527,'Gives relevant and challenging assignments and tests',77,8,'0.0',0.00,NULL,2,6,NULL,1),(528,'Marks assignments and tests promptly',78,8,'0.0',0.00,NULL,2,6,NULL,1),(529,'Gives helpful feedback on assignments and tests',79,8,'0.0',0.00,NULL,2,6,NULL,1),(530,'Use of case studies for analysis',80,8,'0.0',0.00,NULL,2,6,NULL,1),(531,'Overall rating of lecturer in the classroom/during lecture',81,9,'0.0',0.00,NULL,2,6,NULL,1),(532,'Overall rating of the lecturer during practical/clinical sessions',82,9,'0.0',0.00,NULL,2,6,NULL,1),(533,'What proportions of classes do you attend?',83,10,NULL,NULL,'0.0%',2,6,NULL,1),(534,'In a normal class/practical sesison, what portion of class members are present?',84,10,NULL,NULL,'0.0%',2,6,NULL,1),(535,'What are the reasons for the level of attendance you have reported above?',85,10,NULL,NULL,NULL,2,6,NULL,1),(536,'Your lecturer would like to know if there are certain aspects you believe he/she has done especially well in his/her teaching of this course?',86,11,NULL,NULL,NULL,2,6,NULL,1),(537,'Your lecturer would also like to know what specific things you believe must be done to improve his/her teaching in the course?',87,11,NULL,NULL,NULL,2,6,NULL,1),(538,'What other materials or resources, if any, should be added to enhance understanding of the course contents?',88,11,NULL,NULL,NULL,2,6,NULL,1),(539,'What is your overall view of the course?',89,11,NULL,NULL,NULL,2,6,NULL,1),(540,'Would you recommend this course to any other group of students?',90,11,NULL,NULL,'0.0%',2,6,NULL,1);
/*!40000 ALTER TABLE `assessed_evaluation` ENABLE KEYS */;
UNLOCK TABLES;

--
-- Table structure for table `assessed_evaluation_comment`
--

DROP TABLE IF EXISTS `assessed_evaluation_comment`;
/*!40101 SET @saved_cs_client     = @@character_set_client */;
/*!40101 SET character_set_client = utf8 */;
CREATE TABLE `assessed_evaluation_comment` (
  `id` int(10) unsigned NOT NULL AUTO_INCREMENT,
  `comment` varchar(200) DEFAULT NULL,
  `assessed_evaluation` int(10) unsigned NOT NULL,
  `active` tinyint(1) DEFAULT NULL,
  `version` int(11) DEFAULT NULL,
  PRIMARY KEY (`id`),
  UNIQUE KEY `id_UNIQUE` (`id`),
  KEY `fk_assessed_evaluation_comments_assessed_evaluation1_idx` (`assessed_evaluation`),
  CONSTRAINT `fk_assessed_evaluation_comments_assessed_evaluation1` FOREIGN KEY (`assessed_evaluation`) REFERENCES `assessed_evaluation` (`id`) ON DELETE NO ACTION ON UPDATE NO ACTION
) ENGINE=InnoDB AUTO_INCREMENT=9 DEFAULT CHARSET=latin1;
/*!40101 SET character_set_client = @saved_cs_client */;

--
-- Dumping data for table `assessed_evaluation_comment`
--

LOCK TABLES `assessed_evaluation_comment` WRITE;
/*!40000 ALTER TABLE `assessed_evaluation_comment` DISABLE KEYS */;
INSERT INTO `assessed_evaluation_comment` VALUES (1,'Public holidays, sickness.',40,1,NULL),(2,'Amazing',44,1,NULL),(3,'NONE',169,1,NULL),(4,'Public holidays, sickness.',170,1,NULL),(5,'Amazing',177,1,NULL),(6,'GREAT',178,1,NULL),(7,'NONE',350,1,NULL),(8,'GREAT',360,1,NULL);
/*!40000 ALTER TABLE `assessed_evaluation_comment` ENABLE KEYS */;
UNLOCK TABLES;

--
-- Table structure for table `college`
--

DROP TABLE IF EXISTS `college`;
/*!40101 SET @saved_cs_client     = @@character_set_client */;
/*!40101 SET character_set_client = utf8 */;
CREATE TABLE `college` (
  `id` int(10) unsigned NOT NULL AUTO_INCREMENT,
  `name` varchar(300) NOT NULL,
  `abbreviation` varchar(20) NOT NULL,
  `institution` int(10) unsigned NOT NULL,
  `active` tinyint(1) DEFAULT NULL,
  `version` int(11) DEFAULT NULL,
  PRIMARY KEY (`id`),
  UNIQUE KEY `idcollege_UNIQUE` (`id`),
  UNIQUE KEY `collegecol_UNIQUE` (`name`),
  UNIQUE KEY `abbreviation_UNIQUE` (`abbreviation`),
  KEY `fk_college_institution_idx` (`institution`),
  CONSTRAINT `fk_college_institution` FOREIGN KEY (`institution`) REFERENCES `institution` (`id`) ON DELETE NO ACTION ON UPDATE NO ACTION
) ENGINE=InnoDB AUTO_INCREMENT=8 DEFAULT CHARSET=latin1;
/*!40101 SET character_set_client = @saved_cs_client */;

--
-- Dumping data for table `college`
--

LOCK TABLES `college` WRITE;
/*!40000 ALTER TABLE `college` DISABLE KEYS */;
INSERT INTO `college` VALUES (1,'College Agriculture and Veterinary Sciences','CAVS',1,1,NULL),(2,'College of Biological and Physical Sciences 	','CBPS',1,1,NULL),(3,'College of Architecture and Engineering','CAE',1,1,NULL),(4,'College of Education And External Studies 	','CEES',1,1,NULL),(5,'College of Health Sciences 	','CHS',1,1,NULL),(6,'College of Humanities and Social Sciences','CHSS',1,1,NULL),(7,'Alumni Association','UONAA',1,1,NULL);
/*!40000 ALTER TABLE `college` ENABLE KEYS */;
UNLOCK TABLES;

--
-- Table structure for table `contact`
--

DROP TABLE IF EXISTS `contact`;
/*!40101 SET @saved_cs_client     = @@character_set_client */;
/*!40101 SET character_set_client = utf8 */;
CREATE TABLE `contact` (
  `id` int(10) unsigned NOT NULL AUTO_INCREMENT,
  `active` tinyint(1) DEFAULT NULL,
  `version` int(11) DEFAULT NULL,
  PRIMARY KEY (`id`),
  UNIQUE KEY `id_UNIQUE` (`id`)
) ENGINE=InnoDB AUTO_INCREMENT=958 DEFAULT CHARSET=latin1;
/*!40101 SET character_set_client = @saved_cs_client */;

--
-- Dumping data for table `contact`
--

LOCK TABLES `contact` WRITE;
/*!40000 ALTER TABLE `contact` DISABLE KEYS */;
INSERT INTO `contact` VALUES (1,1,NULL),(2,1,NULL),(3,1,NULL),(4,1,NULL),(5,1,NULL),(6,1,NULL),(7,1,NULL),(8,1,NULL),(9,1,NULL),(10,1,NULL),(11,1,NULL),(12,1,NULL),(13,1,NULL),(14,1,NULL),(19,1,NULL),(20,1,NULL),(21,1,NULL),(22,1,NULL),(23,1,NULL),(24,1,NULL),(25,1,NULL),(26,1,NULL),(27,1,NULL),(28,1,NULL),(29,1,NULL),(30,1,NULL),(31,1,NULL),(32,1,NULL),(33,1,NULL),(34,1,NULL),(35,1,NULL),(36,1,NULL),(37,1,NULL),(38,1,NULL),(39,1,NULL),(40,1,NULL),(41,1,NULL),(42,1,NULL),(43,1,NULL),(44,1,NULL),(45,1,NULL),(46,1,NULL),(47,1,NULL),(48,1,NULL),(49,1,NULL),(50,1,NULL),(51,1,NULL),(52,1,NULL),(53,1,NULL),(54,1,NULL),(55,1,NULL),(56,1,NULL),(57,1,NULL),(58,1,NULL),(59,1,NULL),(60,1,NULL),(61,1,NULL),(62,1,NULL),(63,1,NULL),(64,1,NULL),(65,1,NULL),(66,1,NULL),(67,1,NULL),(68,1,NULL),(69,1,NULL),(70,1,NULL),(71,1,NULL),(72,1,NULL),(73,1,NULL),(74,1,NULL),(75,1,NULL),(76,1,NULL),(77,1,NULL),(78,1,NULL),(79,1,NULL),(80,1,NULL),(81,1,NULL),(82,1,NULL),(83,1,NULL),(84,1,NULL),(85,1,NULL),(86,1,NULL),(87,1,NULL),(88,1,NULL),(89,1,NULL),(90,1,NULL),(91,1,NULL),(92,1,NULL),(93,1,NULL),(94,1,NULL),(95,1,NULL),(96,1,NULL),(97,1,NULL),(98,1,NULL),(99,1,NULL),(100,1,NULL),(101,1,NULL),(102,1,NULL),(103,1,NULL),(104,1,NULL),(105,1,NULL),(106,1,NULL),(107,1,NULL),(108,1,NULL),(109,1,NULL),(110,1,NULL),(111,1,NULL),(112,1,NULL),(113,1,NULL),(114,1,NULL),(115,1,NULL),(116,1,NULL),(117,1,NULL),(118,1,NULL),(119,1,NULL),(120,1,NULL),(121,1,NULL),(122,1,NULL),(123,1,NULL),(124,1,NULL),(125,1,NULL),(126,1,NULL),(127,1,NULL),(128,1,NULL),(129,1,NULL),(130,1,NULL),(131,1,NULL),(132,1,NULL),(133,1,NULL),(134,1,NULL),(135,1,NULL),(136,1,NULL),(137,1,NULL),(138,1,NULL),(139,1,NULL),(140,1,NULL),(141,1,NULL),(142,1,NULL),(143,1,NULL),(144,1,NULL),(145,1,NULL),(146,1,NULL),(147,1,NULL),(148,1,NULL),(149,1,NULL),(150,1,NULL),(151,1,NULL),(152,1,NULL),(153,1,NULL),(154,1,NULL),(155,1,NULL),(156,1,NULL),(157,1,NULL),(158,1,NULL),(159,1,NULL),(160,1,NULL),(161,1,NULL),(162,1,NULL),(163,1,NULL),(164,1,NULL),(165,1,NULL),(166,1,NULL),(167,1,NULL),(168,1,NULL),(169,1,NULL),(170,1,NULL),(171,1,NULL),(172,1,NULL),(173,1,NULL),(174,1,NULL),(175,1,NULL),(176,1,NULL),(177,1,NULL),(178,1,NULL),(179,1,NULL),(180,1,NULL),(181,1,NULL),(182,1,NULL),(183,1,NULL),(184,1,NULL),(185,1,NULL),(186,1,NULL),(187,1,NULL),(188,1,NULL),(189,1,NULL),(190,1,NULL),(191,1,NULL),(192,1,NULL),(193,1,NULL),(194,1,NULL),(195,1,NULL),(196,1,NULL),(197,1,NULL),(198,1,NULL),(199,1,NULL),(200,1,NULL),(201,1,NULL),(202,1,NULL),(203,1,NULL),(204,1,NULL),(205,1,NULL),(206,1,NULL),(207,1,NULL),(208,1,NULL),(209,1,NULL),(210,1,NULL),(211,1,NULL),(212,1,NULL),(213,1,NULL),(214,1,NULL),(215,1,NULL),(216,1,NULL),(217,1,NULL),(218,1,NULL),(219,1,NULL),(220,1,NULL),(221,1,NULL),(222,1,NULL),(223,1,NULL),(224,1,NULL),(225,1,NULL),(226,1,NULL),(227,1,NULL),(228,1,NULL),(229,1,NULL),(230,1,NULL),(231,1,NULL),(232,1,NULL),(233,1,NULL),(234,1,NULL),(235,1,NULL),(236,1,NULL),(237,1,NULL),(238,1,NULL),(239,1,NULL),(240,1,NULL),(241,1,NULL),(242,1,NULL),(243,1,NULL),(244,1,NULL),(245,1,NULL),(246,1,NULL),(247,1,NULL),(248,1,NULL),(249,1,NULL),(250,1,NULL),(251,1,NULL),(252,1,NULL),(253,1,NULL),(254,1,NULL),(255,1,NULL),(256,1,NULL),(257,1,NULL),(258,1,NULL),(260,1,NULL),(261,1,NULL),(262,1,NULL),(263,1,NULL),(264,1,NULL),(265,1,NULL),(266,1,NULL),(267,1,NULL),(268,1,NULL),(269,1,NULL),(270,1,NULL),(271,1,NULL),(272,1,NULL),(273,1,NULL),(274,1,NULL),(275,1,NULL),(276,1,NULL),(277,1,NULL),(278,1,NULL),(279,1,NULL),(280,1,NULL),(281,1,NULL),(282,1,NULL),(283,1,NULL),(284,1,NULL),(285,1,NULL),(286,1,NULL),(287,1,NULL),(288,1,NULL),(289,1,NULL),(290,1,NULL),(291,1,NULL),(292,1,NULL),(293,1,NULL),(294,1,NULL),(295,1,NULL),(296,1,NULL),(297,1,NULL),(298,1,NULL),(299,1,NULL),(300,1,NULL),(301,1,NULL),(302,1,NULL),(303,1,NULL),(304,1,NULL),(305,1,NULL),(306,1,NULL),(307,1,NULL),(308,1,NULL),(309,1,NULL),(310,1,NULL),(311,1,NULL),(312,1,NULL),(313,1,NULL),(314,1,NULL),(315,1,NULL),(316,1,NULL),(317,1,NULL),(318,1,NULL),(319,1,NULL),(320,1,NULL),(321,1,NULL),(322,1,NULL),(323,1,NULL),(324,1,NULL),(325,1,NULL),(326,1,NULL),(327,1,NULL),(328,1,NULL),(329,1,NULL),(330,1,NULL),(331,1,NULL),(332,1,NULL),(333,1,NULL),(334,1,NULL),(335,1,NULL),(336,1,NULL),(337,1,NULL),(338,1,NULL),(339,1,NULL),(340,1,NULL),(341,1,NULL),(342,1,NULL),(343,1,NULL),(344,1,NULL),(345,1,NULL),(346,1,NULL),(347,1,NULL),(348,1,NULL),(349,1,NULL),(350,1,NULL),(351,1,NULL),(352,1,NULL),(353,1,NULL),(354,1,NULL),(355,1,NULL),(356,1,NULL),(357,1,NULL),(358,1,NULL),(359,1,NULL),(360,1,NULL),(361,1,NULL),(362,1,NULL),(363,1,NULL),(364,1,NULL),(365,1,NULL),(366,1,NULL),(367,1,NULL),(368,1,NULL),(369,1,NULL),(370,1,NULL),(371,1,NULL),(372,1,NULL),(373,1,NULL),(374,1,NULL),(375,1,NULL),(376,1,NULL),(377,1,NULL),(378,1,NULL),(379,1,NULL),(380,1,NULL),(381,1,NULL),(382,1,NULL),(383,1,NULL),(384,1,NULL),(385,1,NULL),(386,1,NULL),(387,1,NULL),(388,1,NULL),(389,1,NULL),(390,1,NULL),(391,1,NULL),(392,1,NULL),(393,1,NULL),(394,1,NULL),(395,1,NULL),(396,1,NULL),(397,1,NULL),(398,1,NULL),(399,1,NULL),(400,1,NULL),(401,1,NULL),(402,1,NULL),(403,1,NULL),(404,1,NULL),(405,1,NULL),(406,1,NULL),(407,1,NULL),(408,1,NULL),(409,1,NULL),(410,1,NULL),(411,1,NULL),(412,1,NULL),(413,1,NULL),(414,1,NULL),(415,1,NULL),(416,1,NULL),(417,1,NULL),(418,1,NULL),(419,1,NULL),(420,1,NULL),(421,1,NULL),(422,1,NULL),(423,1,NULL),(424,1,NULL),(425,1,NULL),(426,1,NULL),(427,1,NULL),(428,1,NULL),(429,1,NULL),(430,1,NULL),(431,1,NULL),(432,1,NULL),(433,1,NULL),(434,1,NULL),(435,1,NULL),(436,1,NULL),(437,1,NULL),(438,1,NULL),(439,1,NULL),(440,1,NULL),(441,1,NULL),(442,1,NULL),(443,1,NULL),(444,1,NULL),(445,1,NULL),(446,1,NULL),(447,1,NULL),(448,1,NULL),(449,1,NULL),(450,1,NULL),(451,1,NULL),(452,1,NULL),(453,1,NULL),(454,1,NULL),(455,1,NULL),(456,1,NULL),(457,1,NULL),(458,1,NULL),(459,1,NULL),(460,1,NULL),(461,1,NULL),(462,1,NULL),(463,1,NULL),(464,1,NULL),(465,1,NULL),(466,1,NULL),(467,1,NULL),(468,1,NULL),(469,1,NULL),(470,1,NULL),(471,1,NULL),(472,1,NULL),(473,1,NULL),(474,1,NULL),(475,1,NULL),(476,1,NULL),(477,1,NULL),(478,1,NULL),(479,1,NULL),(480,1,NULL),(481,1,NULL),(482,1,NULL),(483,1,NULL),(484,1,NULL),(485,1,NULL),(486,1,NULL),(487,1,NULL),(488,1,NULL),(489,1,NULL),(490,1,NULL),(491,1,NULL),(492,1,NULL),(493,1,NULL),(494,1,NULL),(495,1,NULL),(496,1,NULL),(497,1,NULL),(498,1,NULL),(499,1,NULL),(500,1,NULL),(501,1,NULL),(502,1,NULL),(503,1,NULL),(504,1,NULL),(505,1,NULL),(506,1,NULL),(507,1,NULL),(508,1,NULL),(509,1,NULL),(510,1,NULL),(511,1,NULL),(512,1,NULL),(513,1,NULL),(514,1,NULL),(515,1,NULL),(516,1,NULL),(517,1,NULL),(518,1,NULL),(519,1,NULL),(520,1,NULL),(521,1,NULL),(522,1,NULL),(523,1,NULL),(524,1,NULL),(525,1,NULL),(526,1,NULL),(527,1,NULL),(528,1,NULL),(529,1,NULL),(530,1,NULL),(531,1,NULL),(532,1,NULL),(533,1,NULL),(534,1,NULL),(535,1,NULL),(536,1,NULL),(537,1,NULL),(538,1,NULL),(539,1,NULL),(540,1,NULL),(541,1,NULL),(542,1,NULL),(543,1,NULL),(544,1,NULL),(545,1,NULL),(546,1,NULL),(547,1,NULL),(548,1,NULL),(549,1,NULL),(550,1,NULL),(551,1,NULL),(552,1,NULL),(553,1,NULL),(554,1,NULL),(555,1,NULL),(556,1,NULL),(557,1,NULL),(558,1,NULL),(559,1,NULL),(560,1,NULL),(561,1,NULL),(562,1,NULL),(563,1,NULL),(564,1,NULL),(565,1,NULL),(566,1,NULL),(567,1,NULL),(568,1,NULL),(569,1,NULL),(570,1,NULL),(571,1,NULL),(572,1,NULL),(573,1,NULL),(574,1,NULL),(575,1,NULL),(576,1,NULL),(577,1,NULL),(578,1,NULL),(579,1,NULL),(580,1,NULL),(581,1,NULL),(582,1,NULL),(583,1,NULL),(584,1,NULL),(585,1,NULL),(586,1,NULL),(587,1,NULL),(588,1,NULL),(589,1,NULL),(590,1,NULL),(591,1,NULL),(592,1,NULL),(593,1,NULL),(594,1,NULL),(595,1,NULL),(596,1,NULL),(597,1,NULL),(598,1,NULL),(599,1,NULL),(600,1,NULL),(601,1,NULL),(602,1,NULL),(603,1,NULL),(604,1,NULL),(605,1,NULL),(606,1,NULL),(607,1,NULL),(608,1,NULL),(609,1,NULL),(610,1,NULL),(611,1,NULL),(612,1,NULL),(613,1,NULL),(614,1,NULL),(615,1,NULL),(616,1,NULL),(617,1,NULL),(618,1,NULL),(619,1,NULL),(620,1,NULL),(621,1,NULL),(622,1,NULL),(623,1,NULL),(624,1,NULL),(625,1,NULL),(626,1,NULL),(627,1,NULL),(628,1,NULL),(629,1,NULL),(630,1,NULL),(631,1,NULL),(632,1,NULL),(633,1,NULL),(634,1,NULL),(635,1,NULL),(636,1,NULL),(637,1,NULL),(638,1,NULL),(639,1,NULL),(640,1,NULL),(641,1,NULL),(642,1,NULL),(643,1,NULL),(644,1,NULL),(645,1,NULL),(646,1,NULL),(647,1,NULL),(648,1,NULL),(649,1,NULL),(650,1,NULL),(651,1,NULL),(652,1,NULL),(653,1,NULL),(654,1,NULL),(655,1,NULL),(656,1,NULL),(657,1,NULL),(658,1,NULL),(659,1,NULL),(660,1,NULL),(661,1,NULL),(662,1,NULL),(663,1,NULL),(664,1,NULL),(665,1,NULL),(666,1,NULL),(667,1,NULL),(668,1,NULL),(669,1,NULL),(670,1,NULL),(671,1,NULL),(672,1,NULL),(673,1,NULL),(674,1,NULL),(675,1,NULL),(676,1,NULL),(677,1,NULL),(678,1,NULL),(679,1,NULL),(680,1,NULL),(681,1,NULL),(682,1,NULL),(683,1,NULL),(684,1,NULL),(685,1,NULL),(686,1,NULL),(687,1,NULL),(688,1,NULL),(689,1,NULL),(690,1,NULL),(691,1,NULL),(692,1,NULL),(693,1,NULL),(694,1,NULL),(695,1,NULL),(696,1,NULL),(697,1,NULL),(698,1,NULL),(699,1,NULL),(700,1,NULL),(701,1,NULL),(702,1,NULL),(703,1,NULL),(704,1,NULL),(705,1,NULL),(706,1,NULL),(707,1,NULL),(708,1,NULL),(709,1,NULL),(710,1,NULL),(711,1,NULL),(712,1,NULL),(713,1,NULL),(714,1,NULL),(715,1,NULL),(716,1,NULL),(717,1,NULL),(718,1,NULL),(719,1,NULL),(720,1,NULL),(721,1,NULL),(722,1,NULL),(723,1,NULL),(724,1,NULL),(725,1,NULL),(726,1,NULL),(727,1,NULL),(728,1,NULL),(729,1,NULL),(730,1,NULL),(731,1,NULL),(732,1,NULL),(733,1,NULL),(734,1,NULL),(735,1,NULL),(736,1,NULL),(737,1,NULL),(738,1,NULL),(739,1,NULL),(740,1,NULL),(741,1,NULL),(742,1,NULL),(743,1,NULL),(744,1,NULL),(745,1,NULL),(746,1,NULL),(747,1,NULL),(748,1,NULL),(749,1,NULL),(750,1,NULL),(751,1,NULL),(752,1,NULL),(753,1,NULL),(754,1,NULL),(755,1,NULL),(756,1,NULL),(757,1,NULL),(758,1,NULL),(759,1,NULL),(760,1,NULL),(761,1,NULL),(762,1,NULL),(763,1,NULL),(764,1,NULL),(765,1,NULL),(766,1,NULL),(767,1,NULL),(768,1,NULL),(769,1,NULL),(770,1,NULL),(771,1,NULL),(772,1,NULL),(773,1,NULL),(774,1,NULL),(775,1,NULL),(776,1,NULL),(777,1,NULL),(778,1,NULL),(779,1,NULL),(780,1,NULL),(781,1,NULL),(782,1,NULL),(783,1,NULL),(784,1,NULL),(785,1,NULL),(786,1,NULL),(787,1,NULL),(788,1,NULL),(789,1,NULL),(790,1,NULL),(791,1,NULL),(792,1,NULL),(793,1,NULL),(794,1,NULL),(795,1,NULL),(796,1,NULL),(797,1,NULL),(798,1,NULL),(799,1,NULL),(800,1,NULL),(801,1,NULL),(802,1,NULL),(803,1,NULL),(804,1,NULL),(805,1,NULL),(806,1,NULL),(807,1,NULL),(808,1,NULL),(809,1,NULL),(810,1,NULL),(811,1,NULL),(812,1,NULL),(813,1,NULL),(814,1,NULL),(815,1,NULL),(816,1,NULL),(817,1,NULL),(818,1,NULL),(819,1,NULL),(820,1,NULL),(821,1,NULL),(822,1,NULL),(823,1,NULL),(824,1,NULL),(825,1,NULL),(826,1,NULL),(827,1,NULL),(828,1,NULL),(829,1,NULL),(830,1,NULL),(831,1,NULL),(832,1,NULL),(833,1,NULL),(834,1,NULL),(835,1,NULL),(836,1,NULL),(837,1,NULL),(838,1,NULL),(839,1,NULL),(840,1,NULL),(841,1,NULL),(842,1,NULL),(843,1,NULL),(844,1,NULL),(845,1,NULL),(846,1,NULL),(847,1,NULL),(848,1,NULL),(849,1,NULL),(850,1,NULL),(851,1,NULL),(852,1,NULL),(853,1,NULL),(854,1,NULL),(855,1,NULL),(856,1,NULL),(857,1,NULL),(858,1,NULL),(859,1,NULL),(860,1,NULL),(861,1,NULL),(862,1,NULL),(863,1,NULL),(864,1,NULL),(865,1,NULL),(866,1,NULL),(867,1,NULL),(868,1,NULL),(869,1,NULL),(870,1,NULL),(871,1,NULL),(872,1,NULL),(873,1,NULL),(874,1,NULL),(875,1,NULL),(876,1,NULL),(877,1,NULL),(878,1,NULL),(879,1,NULL),(880,1,NULL),(881,1,NULL),(882,1,NULL),(883,1,NULL),(884,1,NULL),(885,1,NULL),(886,1,NULL),(887,1,NULL),(888,1,NULL),(889,1,NULL),(890,1,NULL),(891,1,NULL),(892,1,NULL),(893,1,NULL),(894,1,NULL),(895,1,NULL),(896,1,NULL),(897,1,NULL),(898,1,NULL),(899,1,NULL),(900,1,NULL),(901,1,NULL),(902,1,NULL),(903,1,NULL),(904,1,NULL),(905,1,NULL),(906,1,NULL),(907,1,NULL),(908,1,NULL),(909,1,NULL),(910,1,NULL),(911,1,NULL),(912,1,NULL),(913,1,NULL),(914,1,NULL),(915,1,NULL),(916,1,NULL),(917,1,NULL),(918,1,NULL),(919,1,NULL),(920,1,NULL),(921,1,NULL),(922,1,NULL),(923,1,NULL),(924,1,NULL),(925,1,NULL),(926,1,NULL),(927,1,NULL),(928,1,NULL),(929,1,NULL),(930,1,NULL),(931,1,NULL),(932,1,NULL),(933,1,NULL),(934,1,NULL),(935,1,NULL),(936,1,NULL),(937,1,NULL),(938,1,NULL),(939,1,NULL),(940,1,NULL),(941,1,NULL),(942,1,NULL),(943,1,NULL),(944,1,NULL),(945,1,NULL),(946,1,NULL),(947,1,NULL),(948,1,NULL),(949,1,NULL),(950,1,NULL),(951,1,NULL),(952,1,NULL),(953,1,NULL),(954,1,NULL),(955,1,NULL),(956,1,NULL),(957,1,NULL);
/*!40000 ALTER TABLE `contact` ENABLE KEYS */;
UNLOCK TABLES;

--
-- Table structure for table `country`
--

DROP TABLE IF EXISTS `country`;
/*!40101 SET @saved_cs_client     = @@character_set_client */;
/*!40101 SET character_set_client = utf8 */;
CREATE TABLE `country` (
  `id` int(10) unsigned NOT NULL AUTO_INCREMENT,
  `iso` char(2) NOT NULL,
  `name` varchar(80) NOT NULL,
  `nice_name` varchar(80) NOT NULL,
  `iso3` char(3) DEFAULT NULL,
  `num_code` smallint(6) DEFAULT NULL,
  `phone_code` int(11) NOT NULL,
  `active` tinyint(1) DEFAULT NULL,
  `version` int(11) DEFAULT NULL,
  PRIMARY KEY (`id`),
  UNIQUE KEY `idcountry_UNIQUE` (`id`)
) ENGINE=InnoDB AUTO_INCREMENT=254 DEFAULT CHARSET=latin1;
/*!40101 SET character_set_client = @saved_cs_client */;

--
-- Dumping data for table `country`
--

LOCK TABLES `country` WRITE;
/*!40000 ALTER TABLE `country` DISABLE KEYS */;
INSERT INTO `country` VALUES (1,'AF','AFGHANISTAN','Afghanistan','AFG',4,93,NULL,NULL),(2,'AL','ALBANIA','Albania','ALB',8,355,NULL,NULL),(3,'DZ','ALGERIA','Algeria','DZA',12,213,NULL,NULL),(4,'AS','AMERICAN SAMOA','American Samoa','ASM',16,1684,NULL,NULL),(5,'AD','ANDORRA','Andorra','AND',20,376,NULL,NULL),(6,'AO','ANGOLA','Angola','AGO',24,244,NULL,NULL),(7,'AI','ANGUILLA','Anguilla','AIA',660,1264,NULL,NULL),(8,'AQ','ANTARCTICA','Antarctica',NULL,NULL,0,NULL,NULL),(9,'AG','ANTIGUA AND BARBUDA','Antigua and Barbuda','ATG',28,1268,NULL,NULL),(10,'AR','ARGENTINA','Argentina','ARG',32,54,NULL,NULL),(11,'AM','ARMENIA','Armenia','ARM',51,374,NULL,NULL),(12,'AW','ARUBA','Aruba','ABW',533,297,NULL,NULL),(13,'AU','AUSTRALIA','Australia','AUS',36,61,NULL,NULL),(14,'AT','AUSTRIA','Austria','AUT',40,43,NULL,NULL),(15,'AZ','AZERBAIJAN','Azerbaijan','AZE',31,994,NULL,NULL),(16,'BS','BAHAMAS','Bahamas','BHS',44,1242,NULL,NULL),(17,'BH','BAHRAIN','Bahrain','BHR',48,973,NULL,NULL),(18,'BD','BANGLADESH','Bangladesh','BGD',50,880,NULL,NULL),(19,'BB','BARBADOS','Barbados','BRB',52,1246,NULL,NULL),(20,'BY','BELARUS','Belarus','BLR',112,375,NULL,NULL),(21,'BE','BELGIUM','Belgium','BEL',56,32,NULL,NULL),(22,'BZ','BELIZE','Belize','BLZ',84,501,NULL,NULL),(23,'BJ','BENIN','Benin','BEN',204,229,NULL,NULL),(24,'BM','BERMUDA','Bermuda','BMU',60,1441,NULL,NULL),(25,'BT','BHUTAN','Bhutan','BTN',64,975,NULL,NULL),(26,'BO','BOLIVIA','Bolivia','BOL',68,591,NULL,NULL),(27,'BA','BOSNIA AND HERZEGOVINA','Bosnia and Herzegovina','BIH',70,387,NULL,NULL),(28,'BW','BOTSWANA','Botswana','BWA',72,267,NULL,NULL),(29,'BV','BOUVET ISLAND','Bouvet Island',NULL,NULL,0,NULL,NULL),(30,'BR','BRAZIL','Brazil','BRA',76,55,NULL,NULL),(31,'IO','BRITISH INDIAN OCEAN TERRITORY','British Indian Ocean Territory',NULL,NULL,246,NULL,NULL),(32,'BN','BRUNEI DARUSSALAM','Brunei Darussalam','BRN',96,673,NULL,NULL),(33,'BG','BULGARIA','Bulgaria','BGR',100,359,NULL,NULL),(34,'BF','BURKINA FASO','Burkina Faso','BFA',854,226,NULL,NULL),(35,'BI','BURUNDI','Burundi','BDI',108,257,NULL,NULL),(36,'KH','CAMBODIA','Cambodia','KHM',116,855,NULL,NULL),(37,'CM','CAMEROON','Cameroon','CMR',120,237,NULL,NULL),(38,'CA','CANADA','Canada','CAN',124,1,NULL,NULL),(39,'CV','CAPE VERDE','Cape Verde','CPV',132,238,NULL,NULL),(40,'KY','CAYMAN ISLANDS','Cayman Islands','CYM',136,1345,NULL,NULL),(41,'CF','CENTRAL AFRICAN REPUBLIC','Central African Republic','CAF',140,236,NULL,NULL),(42,'TD','CHAD','Chad','TCD',148,235,NULL,NULL),(43,'CL','CHILE','Chile','CHL',152,56,NULL,NULL),(44,'CN','CHINA','China','CHN',156,86,NULL,NULL),(45,'CX','CHRISTMAS ISLAND','Christmas Island',NULL,NULL,61,NULL,NULL),(46,'CC','COCOS (KEELING) ISLANDS','Cocos (Keeling) Islands',NULL,NULL,672,NULL,NULL),(47,'CO','COLOMBIA','Colombia','COL',170,57,NULL,NULL),(48,'KM','COMOROS','Comoros','COM',174,269,NULL,NULL),(49,'CG','CONGO','Congo','COG',178,242,NULL,NULL),(50,'CD','CONGO, THE DEMOCRATIC REPUBLIC OF THE','Congo, the Democratic Republic of the','COD',180,243,NULL,NULL),(51,'CK','COOK ISLANDS','Cook Islands','COK',184,682,NULL,NULL),(52,'CR','COSTA RICA','Costa Rica','CRI',188,506,NULL,NULL),(53,'CI','COTE D\'IVOIRE','Cote D\'Ivoire','CIV',384,225,NULL,NULL),(54,'HR','CROATIA','Croatia','HRV',191,385,NULL,NULL),(55,'CU','CUBA','Cuba','CUB',192,53,NULL,NULL),(56,'CY','CYPRUS','Cyprus','CYP',196,357,NULL,NULL),(57,'CZ','CZECH REPUBLIC','Czech Republic','CZE',203,420,NULL,NULL),(58,'DK','DENMARK','Denmark','DNK',208,45,NULL,NULL),(59,'DJ','DJIBOUTI','Djibouti','DJI',262,253,NULL,NULL),(60,'DM','DOMINICA','Dominica','DMA',212,1767,NULL,NULL),(61,'DO','DOMINICAN REPUBLIC','Dominican Republic','DOM',214,1809,NULL,NULL),(62,'EC','ECUADOR','Ecuador','ECU',218,593,NULL,NULL),(63,'EG','EGYPT','Egypt','EGY',818,20,NULL,NULL),(64,'SV','EL SALVADOR','El Salvador','SLV',222,503,NULL,NULL),(65,'GQ','EQUATORIAL GUINEA','Equatorial Guinea','GNQ',226,240,NULL,NULL),(66,'ER','ERITREA','Eritrea','ERI',232,291,NULL,NULL),(67,'EE','ESTONIA','Estonia','EST',233,372,NULL,NULL),(68,'ET','ETHIOPIA','Ethiopia','ETH',231,251,NULL,NULL),(69,'FK','FALKLAND ISLANDS (MALVINAS)','Falkland Islands (Malvinas)','FLK',238,500,NULL,NULL),(70,'FO','FAROE ISLANDS','Faroe Islands','FRO',234,298,NULL,NULL),(71,'FJ','FIJI','Fiji','FJI',242,679,NULL,NULL),(72,'FI','FINLAND','Finland','FIN',246,358,NULL,NULL),(73,'FR','FRANCE','France','FRA',250,33,NULL,NULL),(74,'GF','FRENCH GUIANA','French Guiana','GUF',254,594,NULL,NULL),(75,'PF','FRENCH POLYNESIA','French Polynesia','PYF',258,689,NULL,NULL),(76,'TF','FRENCH SOUTHERN TERRITORIES','French Southern Territories',NULL,NULL,0,NULL,NULL),(77,'GA','GABON','Gabon','GAB',266,241,NULL,NULL),(78,'GM','GAMBIA','Gambia','GMB',270,220,NULL,NULL),(79,'GE','GEORGIA','Georgia','GEO',268,995,NULL,NULL),(80,'DE','GERMANY','Germany','DEU',276,49,NULL,NULL),(81,'GH','GHANA','Ghana','GHA',288,233,NULL,NULL),(82,'GI','GIBRALTAR','Gibraltar','GIB',292,350,NULL,NULL),(83,'GR','GREECE','Greece','GRC',300,30,NULL,NULL),(84,'GL','GREENLAND','Greenland','GRL',304,299,NULL,NULL),(85,'GD','GRENADA','Grenada','GRD',308,1473,NULL,NULL),(86,'GP','GUADELOUPE','Guadeloupe','GLP',312,590,NULL,NULL),(87,'GU','GUAM','Guam','GUM',316,1671,NULL,NULL),(88,'GT','GUATEMALA','Guatemala','GTM',320,502,NULL,NULL),(89,'GN','GUINEA','Guinea','GIN',324,224,NULL,NULL),(90,'GW','GUINEA-BISSAU','Guinea-Bissau','GNB',624,245,NULL,NULL),(91,'GY','GUYANA','Guyana','GUY',328,592,NULL,NULL),(92,'HT','HAITI','Haiti','HTI',332,509,NULL,NULL),(93,'HM','HEARD ISLAND AND MCDONALD ISLANDS','Heard Island and Mcdonald Islands',NULL,NULL,0,NULL,NULL),(94,'VA','HOLY SEE (VATICAN CITY STATE)','Holy See (Vatican City State)','VAT',336,39,NULL,NULL),(95,'HN','HONDURAS','Honduras','HND',340,504,NULL,NULL),(96,'HK','HONG KONG','Hong Kong','HKG',344,852,NULL,NULL),(97,'HU','HUNGARY','Hungary','HUN',348,36,NULL,NULL),(98,'IS','ICELAND','Iceland','ISL',352,354,NULL,NULL),(99,'IN','INDIA','India','IND',356,91,NULL,NULL),(100,'ID','INDONESIA','Indonesia','IDN',360,62,NULL,NULL),(101,'IR','IRAN, ISLAMIC REPUBLIC OF','Iran, Islamic Republic of','IRN',364,98,NULL,NULL),(102,'IQ','IRAQ','Iraq','IRQ',368,964,NULL,NULL),(103,'IE','IRELAND','Ireland','IRL',372,353,NULL,NULL),(104,'IL','ISRAEL','Israel','ISR',376,972,NULL,NULL),(105,'IT','ITALY','Italy','ITA',380,39,NULL,NULL),(106,'JM','JAMAICA','Jamaica','JAM',388,1876,NULL,NULL),(107,'JP','JAPAN','Japan','JPN',392,81,NULL,NULL),(108,'JO','JORDAN','Jordan','JOR',400,962,NULL,NULL),(109,'KZ','KAZAKHSTAN','Kazakhstan','KAZ',398,7,NULL,NULL),(110,'KE','KENYA','Kenya','KEN',404,254,NULL,NULL),(111,'KI','KIRIBATI','Kiribati','KIR',296,686,NULL,NULL),(112,'KP','KOREA, DEMOCRATIC PEOPLE\'S REPUBLIC OF','Korea, Democratic People\'s Republic of','PRK',408,850,NULL,NULL),(113,'KR','KOREA, REPUBLIC OF','Korea, Republic of','KOR',410,82,NULL,NULL),(114,'KW','KUWAIT','Kuwait','KWT',414,965,NULL,NULL),(115,'KG','KYRGYZSTAN','Kyrgyzstan','KGZ',417,996,NULL,NULL),(116,'LA','LAO PEOPLE\'S DEMOCRATIC REPUBLIC','Lao People\'s Democratic Republic','LAO',418,856,NULL,NULL),(117,'LV','LATVIA','Latvia','LVA',428,371,NULL,NULL),(118,'LB','LEBANON','Lebanon','LBN',422,961,NULL,NULL),(119,'LS','LESOTHO','Lesotho','LSO',426,266,NULL,NULL),(120,'LR','LIBERIA','Liberia','LBR',430,231,NULL,NULL),(121,'LY','LIBYAN ARAB JAMAHIRIYA','Libyan Arab Jamahiriya','LBY',434,218,NULL,NULL),(122,'LI','LIECHTENSTEIN','Liechtenstein','LIE',438,423,NULL,NULL),(123,'LT','LITHUANIA','Lithuania','LTU',440,370,NULL,NULL),(124,'LU','LUXEMBOURG','Luxembourg','LUX',442,352,NULL,NULL),(125,'MO','MACAO','Macao','MAC',446,853,NULL,NULL),(126,'MK','MACEDONIA, THE FORMER YUGOSLAV REPUBLIC OF','Macedonia, the Former Yugoslav Republic of','MKD',807,389,NULL,NULL),(127,'MG','MADAGASCAR','Madagascar','MDG',450,261,NULL,NULL),(128,'MW','MALAWI','Malawi','MWI',454,265,NULL,NULL),(129,'MY','MALAYSIA','Malaysia','MYS',458,60,NULL,NULL),(130,'MV','MALDIVES','Maldives','MDV',462,960,NULL,NULL),(131,'ML','MALI','Mali','MLI',466,223,NULL,NULL),(132,'MT','MALTA','Malta','MLT',470,356,NULL,NULL),(133,'MH','MARSHALL ISLANDS','Marshall Islands','MHL',584,692,NULL,NULL),(134,'MQ','MARTINIQUE','Martinique','MTQ',474,596,NULL,NULL),(135,'MR','MAURITANIA','Mauritania','MRT',478,222,NULL,NULL),(136,'MU','MAURITIUS','Mauritius','MUS',480,230,NULL,NULL),(137,'YT','MAYOTTE','Mayotte',NULL,NULL,269,NULL,NULL),(138,'MX','MEXICO','Mexico','MEX',484,52,NULL,NULL),(139,'FM','MICRONESIA, FEDERATED STATES OF','Micronesia, Federated States of','FSM',583,691,NULL,NULL),(140,'MD','MOLDOVA, REPUBLIC OF','Moldova, Republic of','MDA',498,373,NULL,NULL),(141,'MC','MONACO','Monaco','MCO',492,377,NULL,NULL),(142,'MN','MONGOLIA','Mongolia','MNG',496,976,NULL,NULL),(143,'MS','MONTSERRAT','Montserrat','MSR',500,1664,NULL,NULL),(144,'MA','MOROCCO','Morocco','MAR',504,212,NULL,NULL),(145,'MZ','MOZAMBIQUE','Mozambique','MOZ',508,258,NULL,NULL),(146,'MM','MYANMAR','Myanmar','MMR',104,95,NULL,NULL),(147,'NA','NAMIBIA','Namibia','NAM',516,264,NULL,NULL),(148,'NR','NAURU','Nauru','NRU',520,674,NULL,NULL),(149,'NP','NEPAL','Nepal','NPL',524,977,NULL,NULL),(150,'NL','NETHERLANDS','Netherlands','NLD',528,31,NULL,NULL),(151,'AN','NETHERLANDS ANTILLES','Netherlands Antilles','ANT',530,599,NULL,NULL),(152,'NC','NEW CALEDONIA','New Caledonia','NCL',540,687,NULL,NULL),(153,'NZ','NEW ZEALAND','New Zealand','NZL',554,64,NULL,NULL),(154,'NI','NICARAGUA','Nicaragua','NIC',558,505,NULL,NULL),(155,'NE','NIGER','Niger','NER',562,227,NULL,NULL),(156,'NG','NIGERIA','Nigeria','NGA',566,234,NULL,NULL),(157,'NU','NIUE','Niue','NIU',570,683,NULL,NULL),(158,'NF','NORFOLK ISLAND','Norfolk Island','NFK',574,672,NULL,NULL),(159,'MP','NORTHERN MARIANA ISLANDS','Northern Mariana Islands','MNP',580,1670,NULL,NULL),(160,'NO','NORWAY','Norway','NOR',578,47,NULL,NULL),(161,'OM','OMAN','Oman','OMN',512,968,NULL,NULL),(162,'PK','PAKISTAN','Pakistan','PAK',586,92,NULL,NULL),(163,'PW','PALAU','Palau','PLW',585,680,NULL,NULL),(164,'PS','PALESTINIAN TERRITORY, OCCUPIED','Palestinian Territory, Occupied',NULL,NULL,970,NULL,NULL),(165,'PA','PANAMA','Panama','PAN',591,507,NULL,NULL),(166,'PG','PAPUA NEW GUINEA','Papua New Guinea','PNG',598,675,NULL,NULL),(167,'PY','PARAGUAY','Paraguay','PRY',600,595,NULL,NULL),(168,'PE','PERU','Peru','PER',604,51,NULL,NULL),(169,'PH','PHILIPPINES','Philippines','PHL',608,63,NULL,NULL),(170,'PN','PITCAIRN','Pitcairn','PCN',612,0,NULL,NULL),(171,'PL','POLAND','Poland','POL',616,48,NULL,NULL),(172,'PT','PORTUGAL','Portugal','PRT',620,351,NULL,NULL),(173,'PR','PUERTO RICO','Puerto Rico','PRI',630,1787,NULL,NULL),(174,'QA','QATAR','Qatar','QAT',634,974,NULL,NULL),(175,'RE','REUNION','Reunion','REU',638,262,NULL,NULL),(176,'RO','ROMANIA','Romania','ROM',642,40,NULL,NULL),(177,'RU','RUSSIAN FEDERATION','Russian Federation','RUS',643,7,NULL,NULL),(178,'RW','RWANDA','Rwanda','RWA',646,250,NULL,NULL),(179,'SH','SAINT HELENA','Saint Helena','SHN',654,290,NULL,NULL),(180,'KN','SAINT KITTS AND NEVIS','Saint Kitts and Nevis','KNA',659,1869,NULL,NULL),(181,'LC','SAINT LUCIA','Saint Lucia','LCA',662,1758,NULL,NULL),(182,'PM','SAINT PIERRE AND MIQUELON','Saint Pierre and Miquelon','SPM',666,508,NULL,NULL),(183,'VC','SAINT VINCENT AND THE GRENADINES','Saint Vincent and the Grenadines','VCT',670,1784,NULL,NULL),(184,'WS','SAMOA','Samoa','WSM',882,684,NULL,NULL),(185,'SM','SAN MARINO','San Marino','SMR',674,378,NULL,NULL),(186,'ST','SAO TOME AND PRINCIPE','Sao Tome and Principe','STP',678,239,NULL,NULL),(187,'SA','SAUDI ARABIA','Saudi Arabia','SAU',682,966,NULL,NULL),(188,'SN','SENEGAL','Senegal','SEN',686,221,NULL,NULL),(190,'SC','SEYCHELLES','Seychelles','SYC',690,248,NULL,NULL),(191,'SL','SIERRA LEONE','Sierra Leone','SLE',694,232,NULL,NULL),(192,'SG','SINGAPORE','Singapore','SGP',702,65,NULL,NULL),(193,'SK','SLOVAKIA','Slovakia','SVK',703,421,NULL,NULL),(194,'SI','SLOVENIA','Slovenia','SVN',705,386,NULL,NULL),(195,'SB','SOLOMON ISLANDS','Solomon Islands','SLB',90,677,NULL,NULL),(196,'SO','SOMALIA','Somalia','SOM',706,252,NULL,NULL),(197,'ZA','SOUTH AFRICA','South Africa','ZAF',710,27,NULL,NULL),(198,'GS','SOUTH GEORGIA AND THE SOUTH SANDWICH ISLANDS','South Georgia and the South Sandwich Islands',NULL,NULL,0,NULL,NULL),(199,'ES','SPAIN','Spain','ESP',724,34,NULL,NULL),(200,'LK','SRI LANKA','Sri Lanka','LKA',144,94,NULL,NULL),(201,'SD','SUDAN','Sudan','SDN',736,249,NULL,NULL),(202,'SR','SURINAME','Suriname','SUR',740,597,NULL,NULL),(203,'SJ','SVALBARD AND JAN MAYEN','Svalbard and Jan Mayen','SJM',744,47,NULL,NULL),(204,'SZ','SWAZILAND','Swaziland','SWZ',748,268,NULL,NULL),(205,'SE','SWEDEN','Sweden','SWE',752,46,NULL,NULL),(206,'CH','SWITZERLAND','Switzerland','CHE',756,41,NULL,NULL),(207,'SY','SYRIAN ARAB REPUBLIC','Syrian Arab Republic','SYR',760,963,NULL,NULL),(208,'TW','TAIWAN, PROVINCE OF CHINA','Taiwan, Province of China','TWN',158,886,NULL,NULL),(209,'TJ','TAJIKISTAN','Tajikistan','TJK',762,992,NULL,NULL),(210,'TZ','TANZANIA, UNITED REPUBLIC OF','Tanzania, United Republic of','TZA',834,255,NULL,NULL),(211,'TH','THAILAND','Thailand','THA',764,66,NULL,NULL),(212,'TL','TIMOR-LESTE','Timor-Leste',NULL,NULL,670,NULL,NULL),(213,'TG','TOGO','Togo','TGO',768,228,NULL,NULL),(214,'TK','TOKELAU','Tokelau','TKL',772,690,NULL,NULL),(215,'TO','TONGA','Tonga','TON',776,676,NULL,NULL),(216,'TT','TRINIDAD AND TOBAGO','Trinidad and Tobago','TTO',780,1868,NULL,NULL),(217,'TN','TUNISIA','Tunisia','TUN',788,216,NULL,NULL),(218,'TR','TURKEY','Turkey','TUR',792,90,NULL,NULL),(219,'TM','TURKMENISTAN','Turkmenistan','TKM',795,7370,NULL,NULL),(220,'TC','TURKS AND CAICOS ISLANDS','Turks and Caicos Islands','TCA',796,1649,NULL,NULL),(221,'TV','TUVALU','Tuvalu','TUV',798,688,NULL,NULL),(222,'UG','UGANDA','Uganda','UGA',800,256,NULL,NULL),(223,'UA','UKRAINE','Ukraine','UKR',804,380,NULL,NULL),(224,'AE','UNITED ARAB EMIRATES','United Arab Emirates','ARE',784,971,NULL,NULL),(225,'GB','UNITED KINGDOM','United Kingdom','GBR',826,44,NULL,NULL),(226,'US','UNITED STATES','United States','USA',840,1,NULL,NULL),(227,'UM','UNITED STATES MINOR OUTLYING ISLANDS','United States Minor Outlying Islands',NULL,NULL,1,NULL,NULL),(228,'UY','URUGUAY','Uruguay','URY',858,598,NULL,NULL),(229,'UZ','UZBEKISTAN','Uzbekistan','UZB',860,998,NULL,NULL),(230,'VU','VANUATU','Vanuatu','VUT',548,678,NULL,NULL),(231,'VE','VENEZUELA','Venezuela','VEN',862,58,NULL,NULL),(232,'VN','VIET NAM','Viet Nam','VNM',704,84,NULL,NULL),(233,'VG','VIRGIN ISLANDS, BRITISH','Virgin Islands, British','VGB',92,1284,NULL,NULL),(234,'VI','VIRGIN ISLANDS, U.S.','Virgin Islands, U.s.','VIR',850,1340,NULL,NULL),(235,'WF','WALLIS AND FUTUNA','Wallis and Futuna','WLF',876,681,NULL,NULL),(236,'EH','WESTERN SAHARA','Western Sahara','ESH',732,212,NULL,NULL),(237,'YE','YEMEN','Yemen','YEM',887,967,NULL,NULL),(238,'ZM','ZAMBIA','Zambia','ZMB',894,260,NULL,NULL),(239,'ZW','ZIMBABWE','Zimbabwe','ZWE',716,263,NULL,NULL),(240,'RS','SERBIA','Serbia','SRB',688,381,NULL,NULL),(241,'AP','ASIA PACIFIC REGION','Asia / Pacific Region','0',0,0,NULL,NULL),(242,'ME','MONTENEGRO','Montenegro','MNE',499,382,NULL,NULL),(243,'AX','ALAND ISLANDS','Aland Islands','ALA',248,358,NULL,NULL),(244,'BQ','BONAIRE, SINT EUSTATIUS AND SABA','Bonaire, Sint Eustatius and Saba','BES',535,599,NULL,NULL),(245,'CW','CURACAO','Curacao','CUW',531,599,NULL,NULL),(246,'GG','GUERNSEY','Guernsey','GGY',831,44,NULL,NULL),(247,'IM','ISLE OF MAN','Isle of Man','IMN',833,44,NULL,NULL),(248,'JE','JERSEY','Jersey','JEY',832,44,NULL,NULL),(249,'XK','KOSOVO','Kosovo','---',0,381,NULL,NULL),(250,'BL','SAINT BARTHELEMY','Saint Barthelemy','BLM',652,590,NULL,NULL),(251,'MF','SAINT MARTIN','Saint Martin','MAF',663,590,NULL,NULL),(252,'SX','SINT MAARTEN','Sint Maarten','SXM',534,1,NULL,NULL),(253,'SS','SOUTH SUDAN','South Sudan','SSD',728,211,NULL,NULL);
/*!40000 ALTER TABLE `country` ENABLE KEYS */;
UNLOCK TABLES;

--
-- Table structure for table `course`
--

DROP TABLE IF EXISTS `course`;
/*!40101 SET @saved_cs_client     = @@character_set_client */;
/*!40101 SET character_set_client = utf8 */;
CREATE TABLE `course` (
  `id` int(10) unsigned NOT NULL AUTO_INCREMENT,
  `title` varchar(120) NOT NULL,
  `code` varchar(20) NOT NULL,
  `degree` int(10) unsigned NOT NULL,
  `active` tinyint(1) DEFAULT NULL,
  `version` int(11) DEFAULT NULL,
  PRIMARY KEY (`id`),
  UNIQUE KEY `title_UNIQUE` (`title`),
  UNIQUE KEY `id_UNIQUE` (`id`),
  KEY `fk_course_degree1_idx` (`degree`),
  CONSTRAINT `fk_course_degree1` FOREIGN KEY (`degree`) REFERENCES `degree` (`id`) ON DELETE NO ACTION ON UPDATE NO ACTION
) ENGINE=InnoDB AUTO_INCREMENT=15 DEFAULT CHARSET=latin1;
/*!40101 SET character_set_client = @saved_cs_client */;

--
-- Dumping data for table `course`
--

LOCK TABLES `course` WRITE;
/*!40000 ALTER TABLE `course` DISABLE KEYS */;
INSERT INTO `course` VALUES (2,'Object Oriented Programming','CSC 221',1,1,NULL),(3,'Automata Theory','CSC 222',1,1,NULL),(4,'Operating Systems','CSC 223',1,1,NULL),(5,'Software Engineering','CSC 224',1,1,NULL),(6,'Computer Networks','CSC 225',1,1,NULL),(7,'Networking Lab','CSC 226',1,1,NULL),(8,'Programming Project','CSC 227',1,1,NULL),(9,'Introduction to Computer Systems','CSC 111',1,1,NULL),(10,'Introduction to Programming ','CSC 112',1,1,NULL),(11,'Discrete Maths','CSC 113',1,1,NULL),(12,'Differential and Integral Calculus','CSC 114',1,1,NULL),(13,'Communication and Learning  Skills','CCS 001',1,1,NULL),(14,'Elements of Economics','CCS 009',1,1,NULL);
/*!40000 ALTER TABLE `course` ENABLE KEYS */;
UNLOCK TABLES;

--
-- Table structure for table `course_of_instance`
--

DROP TABLE IF EXISTS `course_of_instance`;
/*!40101 SET @saved_cs_client     = @@character_set_client */;
/*!40101 SET character_set_client = utf8 */;
CREATE TABLE `course_of_instance` (
  `id` int(10) unsigned NOT NULL AUTO_INCREMENT,
  `course_of_session` int(10) unsigned NOT NULL,
  `evaluation_instance` int(10) unsigned NOT NULL,
  `active` tinyint(1) DEFAULT NULL,
  `version` int(11) DEFAULT NULL,
  PRIMARY KEY (`id`),
  UNIQUE KEY `id_UNIQUE` (`id`),
  KEY `fk_course_of_session_has_evaluation_instance_evaluation_ins_idx` (`evaluation_instance`),
  KEY `fk_course_of_session_has_evaluation_instance_course_of_sess_idx` (`course_of_session`),
  CONSTRAINT `fk_course_of_session_has_evaluation_instance_course_of_session1` FOREIGN KEY (`course_of_session`) REFERENCES `course_of_session` (`id`) ON DELETE NO ACTION ON UPDATE NO ACTION,
  CONSTRAINT `fk_course_of_session_has_evaluation_instance_evaluation_insta1` FOREIGN KEY (`evaluation_instance`) REFERENCES `evaluation_instance` (`id`) ON DELETE NO ACTION ON UPDATE NO ACTION
) ENGINE=InnoDB AUTO_INCREMENT=63 DEFAULT CHARSET=latin1;
/*!40101 SET character_set_client = @saved_cs_client */;

--
-- Dumping data for table `course_of_instance`
--

LOCK TABLES `course_of_instance` WRITE;
/*!40000 ALTER TABLE `course_of_instance` DISABLE KEYS */;
INSERT INTO `course_of_instance` VALUES (1,1,5,1,NULL),(2,1,4,1,NULL),(3,1,14,1,NULL),(4,1,17,1,NULL),(5,2,14,1,NULL),(6,1,16,1,NULL),(7,1,10,1,NULL),(8,2,17,1,NULL),(9,1,15,1,NULL),(10,3,17,1,NULL),(11,4,17,1,NULL),(12,1,22,1,NULL),(13,2,4,1,NULL),(14,5,17,1,NULL),(15,3,22,1,NULL),(16,6,17,1,NULL),(17,3,4,1,NULL),(18,2,15,1,NULL),(19,4,14,1,NULL),(20,5,12,1,NULL),(21,3,15,1,NULL),(22,4,4,1,NULL),(23,2,11,1,NULL),(24,2,10,1,NULL),(25,2,22,1,NULL),(26,5,4,1,NULL),(27,4,15,1,NULL),(28,6,4,1,NULL),(29,4,22,1,NULL),(30,1,19,1,NULL),(31,5,22,1,NULL),(32,6,22,1,NULL),(33,5,15,1,NULL),(34,3,11,1,NULL),(35,1,28,1,NULL),(36,6,15,1,NULL),(37,3,10,1,NULL),(38,1,11,1,NULL),(39,2,19,1,NULL),(40,2,28,1,NULL),(41,3,28,1,NULL),(42,4,28,1,NULL),(43,4,10,1,NULL),(44,5,28,1,NULL),(45,4,11,1,NULL),(46,5,10,1,NULL),(47,6,14,1,NULL),(48,6,28,1,NULL),(49,6,10,1,NULL),(50,3,19,1,NULL),(51,5,11,1,NULL),(52,2,5,1,NULL),(53,6,11,1,NULL),(54,3,5,1,NULL),(55,4,19,1,NULL),(56,4,5,1,NULL),(57,5,5,1,NULL),(58,5,19,1,NULL),(59,6,5,1,NULL),(60,6,19,1,NULL),(61,3,14,1,NULL),(62,5,14,1,NULL);
/*!40000 ALTER TABLE `course_of_instance` ENABLE KEYS */;
UNLOCK TABLES;

--
-- Table structure for table `course_of_session`
--

DROP TABLE IF EXISTS `course_of_session`;
/*!40101 SET @saved_cs_client     = @@character_set_client */;
/*!40101 SET character_set_client = utf8 */;
CREATE TABLE `course_of_session` (
  `id` int(10) unsigned NOT NULL AUTO_INCREMENT,
  `course` int(10) unsigned NOT NULL,
  `faculty_member` int(10) unsigned NOT NULL,
  `evaluation_session` int(10) unsigned NOT NULL,
  `active` tinyint(1) DEFAULT NULL,
  `version` int(11) DEFAULT NULL,
  PRIMARY KEY (`id`),
  UNIQUE KEY `id_UNIQUE` (`id`),
  KEY `fk_courses_of_session_course1_idx` (`course`),
  KEY `fk_courses_of_session_faculty_member1_idx` (`faculty_member`),
  KEY `fk_course_of_session_evaluation_session1_idx` (`evaluation_session`),
  CONSTRAINT `fk_course_of_session_evaluation_session1` FOREIGN KEY (`evaluation_session`) REFERENCES `evaluation_session` (`id`) ON DELETE NO ACTION ON UPDATE NO ACTION,
  CONSTRAINT `fk_courses_of_session_course1` FOREIGN KEY (`course`) REFERENCES `course` (`id`) ON DELETE NO ACTION ON UPDATE NO ACTION,
  CONSTRAINT `fk_courses_of_session_faculty_member1` FOREIGN KEY (`faculty_member`) REFERENCES `faculty_member` (`id`) ON DELETE NO ACTION ON UPDATE NO ACTION
) ENGINE=InnoDB AUTO_INCREMENT=7 DEFAULT CHARSET=latin1;
/*!40101 SET character_set_client = @saved_cs_client */;

--
-- Dumping data for table `course_of_session`
--

LOCK TABLES `course_of_session` WRITE;
/*!40000 ALTER TABLE `course_of_session` DISABLE KEYS */;
INSERT INTO `course_of_session` VALUES (1,9,151,2,1,NULL),(2,10,152,2,1,NULL),(3,11,153,2,1,NULL),(4,12,153,2,1,NULL),(5,13,154,2,1,NULL),(6,14,155,2,1,NULL);
/*!40000 ALTER TABLE `course_of_session` ENABLE KEYS */;
UNLOCK TABLES;

--
-- Table structure for table `degree`
--

DROP TABLE IF EXISTS `degree`;
/*!40101 SET @saved_cs_client     = @@character_set_client */;
/*!40101 SET character_set_client = utf8 */;
CREATE TABLE `degree` (
  `id` int(10) unsigned NOT NULL AUTO_INCREMENT,
  `name` varchar(120) NOT NULL,
  `admission` int(10) unsigned NOT NULL,
  `faculty` int(10) unsigned DEFAULT NULL,
  `department` int(10) unsigned DEFAULT NULL,
  `active` tinyint(1) DEFAULT NULL,
  `version` int(11) DEFAULT NULL,
  PRIMARY KEY (`id`),
  UNIQUE KEY `id_UNIQUE` (`id`),
  UNIQUE KEY `name_UNIQUE` (`name`),
  KEY `fk_degree_admission1_idx` (`admission`),
  KEY `fk_degree_faculty1_idx` (`faculty`),
  KEY `fk_degree_department1_idx` (`department`),
  CONSTRAINT `fk_degree_admission1` FOREIGN KEY (`admission`) REFERENCES `admission` (`id`) ON DELETE NO ACTION ON UPDATE NO ACTION,
  CONSTRAINT `fk_degree_department1` FOREIGN KEY (`department`) REFERENCES `department` (`id`) ON DELETE NO ACTION ON UPDATE NO ACTION,
  CONSTRAINT `fk_degree_faculty1` FOREIGN KEY (`faculty`) REFERENCES `faculty` (`id`) ON DELETE NO ACTION ON UPDATE NO ACTION
) ENGINE=InnoDB AUTO_INCREMENT=2 DEFAULT CHARSET=latin1;
/*!40101 SET character_set_client = @saved_cs_client */;

--
-- Dumping data for table `degree`
--

LOCK TABLES `degree` WRITE;
/*!40000 ALTER TABLE `degree` DISABLE KEYS */;
INSERT INTO `degree` VALUES (1,'BSc. Computer Science',1,8,NULL,1,NULL);
/*!40000 ALTER TABLE `degree` ENABLE KEYS */;
UNLOCK TABLES;

--
-- Table structure for table `department`
--

DROP TABLE IF EXISTS `department`;
/*!40101 SET @saved_cs_client     = @@character_set_client */;
/*!40101 SET character_set_client = utf8 */;
CREATE TABLE `department` (
  `id` int(10) unsigned NOT NULL AUTO_INCREMENT,
  `name` varchar(300) NOT NULL,
  `abbreviation` varchar(20) NOT NULL,
  `faculty` int(10) unsigned NOT NULL,
  `contact` int(10) unsigned NOT NULL,
  `active` tinyint(1) DEFAULT NULL,
  `version` int(11) DEFAULT NULL,
  PRIMARY KEY (`id`),
  UNIQUE KEY `id_UNIQUE` (`id`),
  UNIQUE KEY `name_UNIQUE` (`name`),
  UNIQUE KEY `abbreviation_UNIQUE` (`abbreviation`),
  KEY `fk_department_faculty1_idx` (`faculty`),
  KEY `fk_department_contact1_idx` (`contact`),
  CONSTRAINT `fk_department_contact1` FOREIGN KEY (`contact`) REFERENCES `contact` (`id`) ON DELETE NO ACTION ON UPDATE NO ACTION,
  CONSTRAINT `fk_department_faculty1` FOREIGN KEY (`faculty`) REFERENCES `faculty` (`id`) ON DELETE NO ACTION ON UPDATE NO ACTION
) ENGINE=InnoDB AUTO_INCREMENT=76 DEFAULT CHARSET=latin1;
/*!40101 SET character_set_client = @saved_cs_client */;

--
-- Dumping data for table `department`
--

LOCK TABLES `department` WRITE;
/*!40000 ALTER TABLE `department` DISABLE KEYS */;
INSERT INTO `department` VALUES (1,'Agricultural Economics','AE',1,179,1,NULL),(2,'Field Station','FS',1,180,1,NULL),(3,'Food Science, Nutrition and Technology','FSNT',1,181,1,NULL),(4,'Land Resource Management ','LRAMT',1,182,1,NULL),(5,'Plant Science and Crop Protection','PSCP',1,183,1,NULL),(6,'The Center for Sustainable Dryland Ecosystems and Societies','CSDSS',1,184,1,NULL),(7,'Kibwezi Field Station','KFS',1,185,1,NULL),(8,'Animal Production','AP',3,186,1,NULL),(9,'Clinical Studies','CS',3,187,1,NULL),(10,'Public Health Pharmacology ','PHPT',3,188,1,NULL),(11,'Vet Farm','VF',3,189,1,NULL),(12,'Vet Anatomy, Physiology and Tox','VAP',3,190,1,NULL),(13,'Veterinary Pathology, Microbiology  and Parasitology','VPMP',3,191,1,NULL),(14,'Chemistry Department','CD',6,198,1,NULL),(15,'Geology Department','GD',6,199,1,NULL),(16,'Meteorology','M',6,200,1,NULL),(17,'Physics ','P',6,201,1,NULL),(18,'Civil and Construction Engineering','CCE',11,206,1,NULL),(19,'Electrical and Information Engineering','EIE',11,207,1,NULL),(20,'Geospatial and Space Technology','GST',11,208,1,NULL),(21,'Mechanical and Manufacturing Engineering','MME',11,209,1,NULL),(22,'Environmental and Biosystems Engineering','EBE',11,210,1,NULL),(23,'Architecture and Building Science','ABS',13,211,1,NULL),(24,'Real Estate and Construction Management','RECM',13,212,1,NULL),(25,'Urban And Regional Planning','URP',13,213,1,NULL),(26,'Extra Mural Studies','EMS',16,218,1,NULL),(27,'Distance Studies','DS',16,219,1,NULL),(28,'Education Studies','ES',16,220,1,NULL),(29,'Education Administration And Planning','EAP',17,221,1,NULL),(30,'Education Communication and Technology','ECT',17,222,1,NULL),(31,'Educational Foundations','EF',17,223,1,NULL),(32,'Physical Education and Sports','PES',17,224,1,NULL),(33,'Conservative and Prosthetic Dentistry','CPD',19,233,1,NULL),(34,'Oral/Maxillofacial Surgery, Oral Medicine/Pathology, Oral/Maxillofacial Radiology','OMS/OMP/OMR',19,234,1,NULL),(35,'Paediatric/Dentistry and Orthodontics','PDO',19,235,1,NULL),(36,'Periodontology/Community and Preventive Dentistry','PCPD',19,236,1,NULL),(37,'Biochemistry','B',21,237,1,NULL),(38,'Clinical Medicine and Therapeutics','CMT',21,238,1,NULL),(39,'Diagnostic Imaging ','DIRM',21,239,1,NULL),(40,'Human Anatomy','HA',21,240,1,NULL),(41,'Human Pathology','HP',21,241,1,NULL),(42,'Medical Microbiology','MM',21,242,1,NULL),(43,'Medical Physiology','MP',21,243,1,NULL),(44,'Obstetrics ','OG',21,244,1,NULL),(45,'Opthalmology','O',21,245,1,NULL),(46,'Orthopaedic Surgery','OS',21,246,1,NULL),(47,'Paediatrics ','PCH',21,247,1,NULL),(48,'Surgery','S',21,248,1,NULL),(49,'Anaesthesia Department ','AD',21,249,1,NULL),(50,'Pharmaceutical Chemistry','PC',23,250,1,NULL),(51,'Pharmaceutics and Pharmacy Practice','PPP',23,251,1,NULL),(52,'Pharmacology and Pharmacognosy','PP',23,252,1,NULL),(53,'Commercial Law','CL',36,267,1,NULL),(54,'Private Law','PrL',36,268,1,NULL),(55,'Public Law','PL',36,269,1,NULL),(56,'Business Administration','BA',29,270,1,NULL),(57,'Finance and Accounting','FA',29,271,1,NULL),(58,'Management Science','MS',29,272,1,NULL),(59,'Geography and Environmental Studies','GES',28,273,1,NULL),(60,'Library and Information Science','LIS',28,274,1,NULL),(61,'History and Archaeological Studies','HAS',28,275,1,NULL),(62,'Literature','L',28,276,1,NULL),(63,'Linguistics ','LL',28,277,1,NULL),(64,'Arabic','A',28,278,1,NULL),(65,'Korean Centre','KC',28,279,1,NULL),(66,'Kiswahili','K',28,280,1,NULL),(67,'German Studies','GS',28,281,1,NULL),(68,'Confucius','C',28,282,1,NULL),(69,'Psychology','Psy',28,283,1,NULL),(70,'Philosophy and Religious Studies','PRS',28,284,1,NULL),(71,'Centre for Human Rights and Peace','CHRP',28,285,1,NULL),(72,'Sociology and Social Work','SSW',28,286,1,NULL),(73,'Political Science and Public Administration','PSPA',28,287,1,NULL),(74,'Communication Skills and Studies','CSS',28,288,1,NULL),(75,'French','F',28,289,1,NULL);
/*!40000 ALTER TABLE `department` ENABLE KEYS */;
UNLOCK TABLES;

--
-- Table structure for table `email_contact`
--

DROP TABLE IF EXISTS `email_contact`;
/*!40101 SET @saved_cs_client     = @@character_set_client */;
/*!40101 SET character_set_client = utf8 */;
CREATE TABLE `email_contact` (
  `id` int(10) unsigned NOT NULL AUTO_INCREMENT,
  `email_address` varchar(65) NOT NULL,
  `contact` int(10) unsigned NOT NULL,
  `active` tinyint(1) DEFAULT NULL,
  `version` int(11) DEFAULT NULL,
  PRIMARY KEY (`id`),
  UNIQUE KEY `email_address_UNIQUE` (`email_address`),
  UNIQUE KEY `id_UNIQUE` (`id`),
  KEY `fk_email_contact_contact1_idx` (`contact`),
  CONSTRAINT `fk_email_contact_contact1` FOREIGN KEY (`contact`) REFERENCES `contact` (`id`) ON DELETE NO ACTION ON UPDATE NO ACTION
) ENGINE=InnoDB AUTO_INCREMENT=781 DEFAULT CHARSET=latin1;
/*!40101 SET character_set_client = @saved_cs_client */;

--
-- Dumping data for table `email_contact`
--

LOCK TABLES `email_contact` WRITE;
/*!40000 ALTER TABLE `email_contact` DISABLE KEYS */;
INSERT INTO `email_contact` VALUES (1,'fa.cavs@uonbi.ac.ke',176,1,NULL),(2,'wmipes.cavs@uonbi.ac.ke',177,1,NULL),(3,'vm.cavs@uonbi.ac.ke',178,1,NULL),(4,'ae.fa@uonbi.ac.ke',179,1,NULL),(5,'fs.fa@uonbi.ac.ke',180,1,NULL),(6,'fsnt.fa@uonbi.ac.ke',181,1,NULL),(7,'lramt.fa@uonbi.ac.ke',182,1,NULL),(8,'pscp.fa@uonbi.ac.ke',183,1,NULL),(9,'csdss.fa@uonbi.ac.ke',184,1,NULL),(10,'kfs.fa@uonbi.ac.ke',185,1,NULL),(11,'ap.vm@uonbi.ac.ke',186,1,NULL),(12,'cs.vm@uonbi.ac.ke',187,1,NULL),(13,'phpt.vm@uonbi.ac.ke',188,1,NULL),(14,'vf.vm@uonbi.ac.ke',189,1,NULL),(15,'vap.vm@uonbi.ac.ke',190,1,NULL),(16,'vpmp.vm@uonbi.ac.ke',191,1,NULL),(17,'cbb.cbps@uonbi.ac.ke',192,1,NULL),(18,'iccauon.cbps@uonbi.ac.ke',193,1,NULL),(19,'ps.cbps@uonbi.ac.ke',194,1,NULL),(20,'sbs.cbps@uonbi.ac.ke',195,1,NULL),(21,'sci.cbps@uonbi.ac.ke',196,1,NULL),(22,'sm.cbps@uonbi.ac.ke',197,1,NULL),(23,'cd.ps@uonbi.ac.ke',198,1,NULL),(24,'gd.ps@uonbi.ac.ke',199,1,NULL),(25,'m.ps@uonbi.ac.ke',200,1,NULL),(26,'p.ps@uonbi.ac.ke',201,1,NULL),(27,'ad.cae@uonbi.ac.ke',202,1,NULL),(28,'e.cae@uonbi.ac.ke',203,1,NULL),(29,'nst.cae@uonbi.ac.ke',204,1,NULL),(30,'be.cae@uonbi.ac.ke',205,1,NULL),(31,'cce.e@uonbi.ac.ke',206,1,NULL),(32,'eie.e@uonbi.ac.ke',207,1,NULL),(33,'gst.e@uonbi.ac.ke',208,1,NULL),(34,'mme.e@uonbi.ac.ke',209,1,NULL),(35,'ebe.e@uonbi.ac.ke',210,1,NULL),(36,'abs.be@uonbi.ac.ke',211,1,NULL),(37,'recm.be@uonbi.ac.ke',212,1,NULL),(38,'urp.be@uonbi.ac.ke',213,1,NULL),(39,'codl.cees@uonbi.ac.ke',214,1,NULL),(40,'ksc.cees@uonbi.ac.ke',215,1,NULL),(41,'scde.cees@uonbi.ac.ke',216,1,NULL),(42,'se.cees@uonbi.ac.ke',217,1,NULL),(43,'ems.scde@uonbi.ac.ke',218,1,NULL),(44,'ds.scde@uonbi.ac.ke',219,1,NULL),(45,'es.scde@uonbi.ac.ke',220,1,NULL),(46,'eap.se@uonbi.ac.ke',221,1,NULL),(47,'ect.se@uonbi.ac.ke',222,1,NULL),(48,'ef.se@uonbi.ac.ke',223,1,NULL),(49,'pes.se@uonbi.ac.ke',224,1,NULL),(50,'chpr.chs@uonbi.ac.ke',225,1,NULL),(51,'ds.chs@uonbi.ac.ke',226,1,NULL),(52,'itid.chs@uonbi.ac.ke',227,1,NULL),(53,'m.chs@uonbi.ac.ke',228,1,NULL),(54,'n.chs@uonbi.ac.ke',229,1,NULL),(55,'p.chs@uonbi.ac.ke',230,1,NULL),(56,'ph.chs@uonbi.ac.ke',231,1,NULL),(57,'chsl.chs@uonbi.ac.ke',232,1,NULL),(58,'cpd.ds@uonbi.ac.ke',233,1,NULL),(59,'oms/omp/omr.ds@uonbi.ac.ke',234,1,NULL),(60,'pdo.ds@uonbi.ac.ke',235,1,NULL),(61,'pcpd.ds@uonbi.ac.ke',236,1,NULL),(62,'b.m@uonbi.ac.ke',237,1,NULL),(63,'cmt.m@uonbi.ac.ke',238,1,NULL),(64,'dirm.m@uonbi.ac.ke',239,1,NULL),(65,'ha.m@uonbi.ac.ke',240,1,NULL),(66,'hp.m@uonbi.ac.ke',241,1,NULL),(67,'mm.m@uonbi.ac.ke',242,1,NULL),(68,'mp.m@uonbi.ac.ke',243,1,NULL),(69,'og.m@uonbi.ac.ke',244,1,NULL),(70,'o.m@uonbi.ac.ke',245,1,NULL),(71,'os.m@uonbi.ac.ke',246,1,NULL),(72,'pch.m@uonbi.ac.ke',247,1,NULL),(73,'s.m@uonbi.ac.ke',248,1,NULL),(74,'ad.m@uonbi.ac.ke',249,1,NULL),(75,'pc.p@uonbi.ac.ke',250,1,NULL),(76,'ppp.p@uonbi.ac.ke',251,1,NULL),(77,'pp.p@uonbi.ac.ke',252,1,NULL),(78,'awsc.chss@uonbi.ac.ke',253,1,NULL),(79,'as.chss@uonbi.ac.ke',254,1,NULL),(80,'a.chss@uonbi.ac.ke',255,1,NULL),(81,'b.chss@uonbi.ac.ke',256,1,NULL),(82,'caselap.chss@uonbi.ac.ke',257,1,NULL),(83,'dis.chss@uonbi.ac.ke',258,1,NULL),(85,'ids.chss@uonbi.ac.ke',260,1,NULL),(86,'j.chss@uonbi.ac.ke',261,1,NULL),(87,'kc.chss@uonbi.ac.ke',262,1,NULL),(88,'l.chss@uonbi.ac.ke',263,1,NULL),(89,'mc.chss@uonbi.ac.ke',264,1,NULL),(90,'psri.chss@uonbi.ac.ke',265,1,NULL),(91,'cti.chss@uonbi.ac.ke',266,1,NULL),(92,'cl.l@uonbi.ac.ke',267,1,NULL),(93,'prl.l@uonbi.ac.ke',268,1,NULL),(94,'pl.l@uonbi.ac.ke',269,1,NULL),(95,'ba.b@uonbi.ac.ke',270,1,NULL),(96,'fa.b@uonbi.ac.ke',271,1,NULL),(97,'ms.b@uonbi.ac.ke',272,1,NULL),(98,'ges.a@uonbi.ac.ke',273,1,NULL),(99,'lis.a@uonbi.ac.ke',274,1,NULL),(100,'has.a@uonbi.ac.ke',275,1,NULL),(101,'l.a@uonbi.ac.ke',276,1,NULL),(102,'ll.a@uonbi.ac.ke',277,1,NULL),(103,'a.a@uonbi.ac.ke',278,1,NULL),(104,'kc.a@uonbi.ac.ke',279,1,NULL),(105,'k.a@uonbi.ac.ke',280,1,NULL),(106,'gs.a@uonbi.ac.ke',281,1,NULL),(107,'c.a@uonbi.ac.ke',282,1,NULL),(108,'psy.a@uonbi.ac.ke',283,1,NULL),(109,'prs.a@uonbi.ac.ke',284,1,NULL),(110,'chrp.a@uonbi.ac.ke',285,1,NULL),(111,'ssw.a@uonbi.ac.ke',286,1,NULL),(112,'pspa.a@uonbi.ac.ke',287,1,NULL),(113,'css.a@uonbi.ac.ke',288,1,NULL),(114,'f.a@uonbi.ac.ke',289,1,NULL),(115,'abdallamohamed23@gmail.com',290,1,NULL),(116,'abdallanawaalkassim53@gmail.com',291,1,NULL),(117,'abdubaguyomohamed34@gmail.com',292,1,NULL),(118,'adanmohamednajib74@gmail.com',293,1,NULL),(119,'adembaaquinousrabongo05@gmail.com',294,1,NULL),(120,'aggreytevinlitunda35@gmail.com',295,1,NULL),(121,'aginelvis65@gmail.com',296,1,NULL),(122,'akivayakevinesendi06@gmail.com',297,1,NULL),(123,'paulstern.m@students.uonbi.ac.ke',298,1,NULL),(124,'amokewycliffeochieng68@gmail.com',299,1,NULL),(125,'atienoadhiambofay98@gmail.com',300,1,NULL),(126,'barakachillah10@gmail.com',301,1,NULL),(127,'barminogichowabenedict51@gmail.com',302,1,NULL),(128,'allanebarua@students.uonbi.ac.ke',303,1,NULL),(129,'bettkiplimotonny32@gmail.com',304,1,NULL),(130,'bhundianavikjayant82@gmail.com',305,1,NULL),(131,'boitmichaelkipkosgei23@gmail.com',306,1,NULL),(132,'borusnorahchelagat83@gmail.com',307,1,NULL),(133,'catherinewaigwe14@gmail.com',308,1,NULL),(134,'chumbatrevorkiprop65@gmail.com',309,1,NULL),(135,'damjikodievans36@gmail.com',310,1,NULL),(136,'gacengahoseaciuti96@gmail.com',311,1,NULL),(137,'gachokamarvin70@gmail.com',312,1,NULL),(138,'gagidenisandrew48@gmail.com',313,1,NULL),(139,'gakengebensonmugo10@gmail.com',314,1,NULL),(140,'gichukievanswahome90@gmail.com',315,1,NULL),(141,'judyanne740@gmail.com',316,1,NULL),(142,'gitausamuelnjoroge91@gmail.com',317,1,NULL),(143,'ibrahimaliabdi32@gmail.com',318,1,NULL),(144,'ibrahimanasmohamed72@gmail.com',319,1,NULL),(145,'inindalaurencebugasu03@gmail.com',320,1,NULL),(146,'irungumartinmuriuki53@gmail.com',321,1,NULL),(147,'jacksonericknzuki04@gmail.com',322,1,NULL),(148,'jamawarsamemohamud71@gmail.com',323,1,NULL),(149,'jefwakelvinmukare82@gmail.com',324,1,NULL),(150,'jumaedgaronyango33@gmail.com',325,1,NULL),(151,'kahihukelvingitogo34@gmail.com',326,1,NULL),(152,'kahinkhalifmohamed74@gmail.com',327,1,NULL),(153,'kahuranipeterkibicha85@gmail.com',328,1,NULL),(154,'kajiruabubakarmohamed26@gmail.com',329,1,NULL),(155,'kamadieugenesambula76@gmail.com',330,1,NULL),(156,'kamamimoseswamae17@gmail.com',331,1,NULL),(157,'kamaubrianmukuhi62@gmail.com',332,1,NULL),(158,'karimivincentkarani50@gmail.com',333,1,NULL),(159,'kariukimarkmuigai02@gmail.com',334,1,NULL),(160,'salomekariuki22@gmail.com',335,1,NULL),(161,'kasyokivictor13@gmail.com',336,1,NULL),(162,'keringjoanjepkogei63@gmail.com',337,1,NULL),(163,'kibetmichaelbrian14@gmail.com',338,1,NULL),(164,'kingoriahmichaelmutuma54@gmail.com',339,1,NULL),(165,'kipkemeikevin74@gmail.com',340,1,NULL),(166,'kipkoriradrianabrahamk95@gmail.com',341,1,NULL),(167,'kirujaiangitonga26@gmail.com',342,1,NULL),(168,'kiutejackmwakai56@gmail.com',343,1,NULL),(169,'kuriamarkkaruku76@gmail.com',344,1,NULL),(170,'kuriamichaelwamathai07@gmail.com',345,1,NULL),(171,'kwambaichepkogeimercy27@gmail.com',346,1,NULL),(172,'kyalokelvinmuindi47@gmail.com',347,1,NULL),(173,'kyandemichaeljohn67@gmail.com',348,1,NULL),(174,'langatcalvinkiptoo87@gmail.com',349,1,NULL),(175,'langatdanielkipyegon18@gmail.com',350,1,NULL),(176,'langatvictorkiprono48@gmail.com',351,1,NULL),(177,'likonoian@gmail.com',352,1,NULL),(178,'lucynjoki98@gmail.com',353,1,NULL),(179,'lupaowanjalaclive19@gmail.com',354,1,NULL),(180,'luttaelvisemmanuel39@gmail.com',355,1,NULL),(181,'machariasantananjoki69@gmail.com',356,1,NULL),(182,'machokatomfrank89@gmail.com',357,1,NULL),(183,'magetoallanbikundo20@gmail.com',358,1,NULL),(184,'mainakelvinmwangi11@gmail.com',359,1,NULL),(185,'makoribahatiagata41@gmail.com',360,1,NULL),(186,'maleyaclarkstinjumba12@gmail.com',361,1,NULL),(187,'malingaerickmuigei32@gmail.com',362,1,NULL),(188,'marosigregoryjosephokari62@gmail.com',363,1,NULL),(189,'mathusharonwanjiru82@gmail.com',364,1,NULL),(190,'mbakaabneroisebe13@gmail.com',365,1,NULL),(191,'mbarijohnwambugu43@gmail.com',366,1,NULL),(192,'mbuguajustusnjuru63@gmail.com',367,1,NULL),(193,'mbuguaphilipndungu93@gmail.com',368,1,NULL),(194,'mbuiteddykamau14@gmail.com',369,1,NULL),(195,'moseticaritonmaranga54@gmail.com',370,1,NULL),(196,'muchendubonifacemichuki74@gmail.com',371,1,NULL),(197,'muchirulewiskuria94@gmail.com',372,1,NULL),(198,'mugenyaemmanuelwilson75@gmail.com',373,1,NULL),(199,'muigailukekivunaga06@gmail.com',374,1,NULL),(200,'mulwaisaackiptoo36@gmail.com',375,1,NULL),(201,'mungacollinsgichuhi56@gmail.com',376,1,NULL),(202,'mungaiericmburu86@gmail.com',377,1,NULL),(203,'mungaitevinchege07@gmail.com',378,1,NULL),(204,'innocentkithinji9@students.uonbi.ac.ke',379,1,NULL),(205,'muriithiedwinkabui77@gmail.com',380,1,NULL),(206,'murayasammyndirangu08@gmail.com',381,1,NULL),(207,'murimimartin28@gmail.com',382,1,NULL),(208,'muriukitajirigitonga68@gmail.com',383,1,NULL),(209,'musyokarosianahwanza98@gmail.com',384,1,NULL),(210,'mutendederekprince19@gmail.com',385,1,NULL),(211,'mutindajaphethkioko49@gmail.com',386,1,NULL),(212,'mutuaaugustinenganga79@gmail.com',387,1,NULL),(213,'mutuasolomon99@gmail.com',388,1,NULL),(214,'mutukumaureenmumbua50@gmail.com',389,1,NULL),(215,'mwangibrianmacharia21@gmail.com',390,1,NULL),(216,'mwangifreudkariuki41@gmail.com',391,1,NULL),(217,'mwanikiedwinmbuthia71@gmail.com',392,1,NULL),(218,'mwanziadaudikasia91@gmail.com',393,1,NULL),(219,'mwanziasamuelnzyuko12@gmail.com',394,1,NULL),(220,'mwelesapauletteemali62@gmail.com',395,1,NULL),(221,'mwemaphenaedith23@gmail.com',396,1,NULL),(222,'mwenjestephen43@gmail.com',397,1,NULL),(223,'mwithalievincentmurithi63@gmail.com',398,1,NULL),(224,'ndambukilabankioko93@gmail.com',399,1,NULL),(225,'ndichustevekevin14@gmail.com',400,1,NULL),(226,'ndungudennisgichu44@gmail.com',401,1,NULL),(227,'ndwigalewismunyi54@gmail.com',402,1,NULL),(228,'ngugimichaelgichora74@gmail.com',403,1,NULL),(229,'ngatiasimonmuraguri15@gmail.com',404,1,NULL),(230,'njerusimonmugo45@gmail.com',405,1,NULL),(231,'njoguwinniewanjiru75@gmail.com',406,1,NULL),(232,'njokipeterkahenya95@gmail.com',407,1,NULL),(233,'nyagapetermwaniki16@gmail.com',408,1,NULL),(234,'abiudrn@students.uonbi.ac.ke',409,1,NULL),(235,'nzumajonathanndambuki86@gmail.com',410,1,NULL),(236,'ochiengfelixomondi37@gmail.com',411,1,NULL),(237,'ochomootienowilliam57@gmail.com',412,1,NULL),(238,'steveodhiambo07@gmail.com',413,1,NULL),(239,'odongobrianrailaamolo58@gmail.com',414,1,NULL),(240,'odundostephenopiyo78@gmail.com',415,1,NULL),(241,'okellojobopiyo09@gmail.com',416,1,NULL),(242,'okeromichaelomondi29@gmail.com',417,1,NULL),(243,'olookevinomondi79@gmail.com',418,1,NULL),(244,'oludhepascaloduor10@gmail.com',419,1,NULL),(245,'oluochbilloduor80@gmail.com',420,1,NULL),(246,'omarmohamedabdi21@gmail.com',421,1,NULL),(247,'ombasomohamednyanamba51@gmail.com',422,1,NULL),(248,'onamujamesrodney71@gmail.com',423,1,NULL),(249,'onyangorobertmark02@gmail.com',424,1,NULL),(250,'onyinsitobiaswest22@gmail.com',425,1,NULL),(251,'otienoanitaajwang42@gmail.com',426,1,NULL),(252,'otienoerniembock82@gmail.com',427,1,NULL),(253,'oyiekeallenongado33@gmail.com',428,1,NULL),(254,'sakaligabrielirungu73@gmail.com',429,1,NULL),(255,'thaganakmark93@gmail.com',430,1,NULL),(256,'wahomedennislinus24@gmail.com',431,1,NULL),(257,'wamaejosephwanyoike44@gmail.com',432,1,NULL),(258,'wamuigakelvinkamau74@gmail.com',433,1,NULL),(259,'wanjohibrianmuturi94@gmail.com',434,1,NULL),(260,'wanjohiryangitonga15@gmail.com',435,1,NULL),(261,'wayualikomora45@gmail.com',436,1,NULL),(262,'yassinahmedfaiz65@gmail.com',437,1,NULL),(263,'yusufmoheenrashid95@gmail.com',438,1,NULL),(264,'zakariahusseinabdi16@gmail.com',439,1,NULL),(265,'drevansmiriti46@gmail.com',440,1,NULL),(266,'profomwengaomwenga76@gmail.com',441,1,NULL),(267,'drcorneliusabungu96@gmail.com',442,1,NULL),(268,'drmaryokebe37@gmail.com',443,1,NULL),(269,'drpetermuriu57@gmail.com',444,1,NULL),(270,'pweke@uonbi.ac.ke',445,1,NULL),(271,'surnameothernames22@gmail.com',446,1,NULL),(272,'abdallamohamed82@gmail.com',447,1,NULL),(273,'abdallanawaalkassim13@gmail.com',448,1,NULL),(274,'abdubaguyomohamed43@gmail.com',449,1,NULL),(275,'adanmohamednajib83@gmail.com',450,1,NULL),(276,'adembaaquinousrabongo04@gmail.com',451,1,NULL),(277,'aggreytevinlitunda34@gmail.com',452,1,NULL),(278,'aginelvis64@gmail.com',453,1,NULL),(279,'akivayakevinesendi94@gmail.com',454,1,NULL),(280,'ambanipaulsternmadegwa25@gmail.com',455,1,NULL),(281,'amokewycliffeochieng55@gmail.com',456,1,NULL),(282,'atienoadhiambofay95@gmail.com',457,1,NULL),(283,'barakachillah26@gmail.com',458,1,NULL),(284,'barminogichowabenedict56@gmail.com',459,1,NULL),(285,'baruaemusugutallan86@gmail.com',460,1,NULL),(286,'bettkiplimotonny17@gmail.com',461,1,NULL),(287,'bhundianavikjayant57@gmail.com',462,1,NULL),(288,'boitmichaelkipkosgei77@gmail.com',463,1,NULL),(289,'borusnorahchelagat18@gmail.com',464,1,NULL),(290,'catherinewaigwe48@gmail.com',465,1,NULL),(291,'chumbatrevorkiprop78@gmail.com',466,1,NULL),(292,'damjikodievans09@gmail.com',467,1,NULL),(293,'gacengahoseaciuti39@gmail.com',468,1,NULL),(294,'gachokamarvin69@gmail.com',469,1,NULL),(295,'gagidenisandrew00@gmail.com',470,1,NULL),(296,'gakengebensonmugo30@gmail.com',471,1,NULL),(297,'gichukievanswahome60@gmail.com',472,1,NULL),(298,'gitahijudyannwanjiku90@gmail.com',473,1,NULL),(299,'gitausamuelnjoroge31@gmail.com',474,1,NULL),(300,'ibrahimaliabdi61@gmail.com',475,1,NULL),(301,'ibrahimanasmohamed91@gmail.com',476,1,NULL),(302,'inindalaurencebugasu32@gmail.com',477,1,NULL),(303,'irungumartinmuriuki82@gmail.com',478,1,NULL),(304,'jacksonericknzuki13@gmail.com',479,1,NULL),(305,'jamawarsamemohamud43@gmail.com',480,1,NULL),(306,'jefwakelvinmukare73@gmail.com',481,1,NULL),(307,'jumaedgaronyango34@gmail.com',482,1,NULL),(308,'kahihukelvingitogo05@gmail.com',483,1,NULL),(309,'kahinkhalifmohamed45@gmail.com',484,1,NULL),(311,'kajiruabubakarmohamed06@gmail.com',486,1,NULL),(312,'kamadieugenesambula36@gmail.com',487,1,NULL),(313,'kamamimoseswamae66@gmail.com',488,1,NULL),(314,'kamaubrianmukuhi86@gmail.com',489,1,NULL),(315,'karimivincentkarani17@gmail.com',490,1,NULL),(316,'kariukimarkmuigai47@gmail.com',491,1,NULL),(317,'kariukiwairimusalome67@gmail.com',492,1,NULL),(318,'kasyokivictor97@gmail.com',493,1,NULL),(319,'keringjoanjepkogei28@gmail.com',494,1,NULL),(320,'kibetmichaelbrian68@gmail.com',495,1,NULL),(321,'kingoriahmichaelmutuma98@gmail.com',496,1,NULL),(322,'kipkemeikevin29@gmail.com',497,1,NULL),(323,'kipkoriradrianabrahamk59@gmail.com',498,1,NULL),(324,'kirujaiangitonga99@gmail.com',499,1,NULL),(325,'kiutejackmwakai40@gmail.com',500,1,NULL),(326,'kuriamarkkaruku11@gmail.com',501,1,NULL),(327,'kuriamichaelwamathai71@gmail.com',502,1,NULL),(328,'kwambaichepkogeimercy02@gmail.com',503,1,NULL),(329,'kyalokelvinmuindi32@gmail.com',504,1,NULL),(330,'kyandemichaeljohn62@gmail.com',505,1,NULL),(331,'langatcalvinkiptoo03@gmail.com',506,1,NULL),(332,'langatdanielkipyegon53@gmail.com',507,1,NULL),(333,'langatvictorkiprono83@gmail.com',508,1,NULL),(334,'likonoian14@gmail.com',509,1,NULL),(335,'lucynjoki54@gmail.com',510,1,NULL),(336,'lupaowanjalaclive84@gmail.com',511,1,NULL),(337,'luttaelvisemmanuel25@gmail.com',512,1,NULL),(338,'machariasantananjoki45@gmail.com',513,1,NULL),(339,'machokatomfrank85@gmail.com',514,1,NULL),(340,'magetoallanbikundo16@gmail.com',515,1,NULL),(341,'mainakelvinmwangi36@gmail.com',516,1,NULL),(342,'makoribahatiagata76@gmail.com',517,1,NULL),(343,'maleyaclarkstinjumba07@gmail.com',518,1,NULL),(344,'malingaerickmuigei37@gmail.com',519,1,NULL),(345,'marosigregoryjosephokari77@gmail.com',520,1,NULL),(346,'mathusharonwanjiru08@gmail.com',521,1,NULL),(347,'mbakaabneroisebe38@gmail.com',522,1,NULL),(348,'mbarijohnwambugu78@gmail.com',523,1,NULL),(349,'mbuguajustusnjuru09@gmail.com',524,1,NULL),(350,'mbuguaphilipndungu39@gmail.com',525,1,NULL),(351,'mbuiteddykamau69@gmail.com',526,1,NULL),(352,'moseticaritonmaranga99@gmail.com',527,1,NULL),(353,'muchendubonifacemichuki20@gmail.com',528,1,NULL),(354,'muchirulewiskuria50@gmail.com',529,1,NULL),(355,'mugenyaemmanuelwilson80@gmail.com',530,1,NULL),(356,'muigailukekivunaga11@gmail.com',531,1,NULL),(357,'mulwaisaackiptoo41@gmail.com',532,1,NULL),(358,'mungacollinsgichuhi81@gmail.com',533,1,NULL),(359,'mungaiericmburu12@gmail.com',534,1,NULL),(360,'mungaitevinchege52@gmail.com',535,1,NULL),(361,'mungathiainnocentkithinji82@gmail.com',536,1,NULL),(362,'muriithiedwinkabui23@gmail.com',537,1,NULL),(363,'murayasammyndirangu63@gmail.com',538,1,NULL),(364,'murimimartin04@gmail.com',539,1,NULL),(365,'muriukitajirigitonga34@gmail.com',540,1,NULL),(366,'musyokarosianahwanza94@gmail.com',541,1,NULL),(367,'mutendederekprince75@gmail.com',542,1,NULL),(368,'mutindajaphethkioko06@gmail.com',543,1,NULL),(369,'mutuaaugustinenganga46@gmail.com',544,1,NULL),(370,'mutuasolomon76@gmail.com',545,1,NULL),(371,'mutukumaureenmumbua17@gmail.com',546,1,NULL),(372,'mwangibrianmacharia57@gmail.com',547,1,NULL),(373,'mwangifreudkariuki87@gmail.com',548,1,NULL),(374,'mwanikiedwinmbuthia18@gmail.com',549,1,NULL),(375,'mwanziadaudikasia48@gmail.com',550,1,NULL),(376,'mwanziasamuelnzyuko78@gmail.com',551,1,NULL),(377,'mwelesapauletteemali19@gmail.com',552,1,NULL),(378,'mwemaphenaedith59@gmail.com',553,1,NULL),(379,'mwenjestephen89@gmail.com',554,1,NULL),(380,'mwithalievincentmurithi10@gmail.com',555,1,NULL),(381,'ndambukilabankioko30@gmail.com',556,1,NULL),(382,'ndichustevekevin70@gmail.com',557,1,NULL),(383,'ndungudennisgichu01@gmail.com',558,1,NULL),(384,'ndwigalewismunyi31@gmail.com',559,1,NULL),(385,'ngugimichaelgichora71@gmail.com',560,1,NULL),(386,'ngatiasimonmuraguri02@gmail.com',561,1,NULL),(387,'njerusimonmugo42@gmail.com',562,1,NULL),(388,'njoguwinniewanjiru72@gmail.com',563,1,NULL),(389,'njokipeterkahenya03@gmail.com',564,1,NULL),(390,'nyagapetermwaniki33@gmail.com',565,1,NULL),(391,'nyagesoaabiudorina63@gmail.com',566,1,NULL),(392,'nzumajonathanndambuki93@gmail.com',567,1,NULL),(393,'ochiengfelixomondi44@gmail.com',568,1,NULL),(394,'ochomootienowilliam84@gmail.com',569,1,NULL),(395,'odhiambostephenochieng15@gmail.com',570,1,NULL),(396,'odongobrianrailaamolo55@gmail.com',571,1,NULL),(397,'odundostephenopiyo85@gmail.com',572,1,NULL),(398,'okellojobopiyo16@gmail.com',573,1,NULL),(399,'okeromichaelomondi56@gmail.com',574,1,NULL),(400,'olookevinomondi86@gmail.com',575,1,NULL),(401,'oludhepascaloduor07@gmail.com',576,1,NULL),(402,'oluochbilloduor37@gmail.com',577,1,NULL),(403,'omarmohamedabdi57@gmail.com',578,1,NULL),(404,'ombasomohamednyanamba77@gmail.com',579,1,NULL),(405,'onamujamesrodney97@gmail.com',580,1,NULL),(406,'onyangorobertmark38@gmail.com',581,1,NULL),(407,'onyinsitobiaswest68@gmail.com',582,1,NULL),(408,'otienoanitaajwang98@gmail.com',583,1,NULL),(409,'otienoerniembock39@gmail.com',584,1,NULL),(410,'oyiekeallenongado69@gmail.com',585,1,NULL),(411,'sakaligabrielirungu00@gmail.com',586,1,NULL),(412,'thaganakmark30@gmail.com',587,1,NULL),(413,'wahomedennislinus70@gmail.com',588,1,NULL),(414,'wamaejosephwanyoike01@gmail.com',589,1,NULL),(415,'wamuigakelvinkamau31@gmail.com',590,1,NULL),(416,'wanjohibrianmuturi61@gmail.com',591,1,NULL),(417,'wanjohiryangitonga02@gmail.com',592,1,NULL),(418,'wayualikomora32@gmail.com',593,1,NULL),(419,'yassinahmedfaiz72@gmail.com',594,1,NULL),(420,'yusufmoheenrashid92@gmail.com',595,1,NULL),(421,'surnameothernames54@gmail.com',596,1,NULL),(422,'abdallamohamed94@gmail.com',597,1,NULL),(423,'abdallanawaalkassim25@gmail.com',598,1,NULL),(424,'abdubaguyomohamed55@gmail.com',599,1,NULL),(425,'adanmohamednajib85@gmail.com',600,1,NULL),(426,'adembaaquinousrabongo16@gmail.com',601,1,NULL),(427,'aggreytevinlitunda46@gmail.com',602,1,NULL),(428,'aginelvis76@gmail.com',603,1,NULL),(429,'akivayakevinesendi96@gmail.com',604,1,NULL),(430,'ambanipaulsternmadegwa37@gmail.com',605,1,NULL),(431,'amokewycliffeochieng67@gmail.com',606,1,NULL),(432,'atienoadhiambofay08@gmail.com',607,1,NULL),(433,'barakachillah38@gmail.com',608,1,NULL),(434,'barminogichowabenedict78@gmail.com',609,1,NULL),(435,'baruaemusugutallan09@gmail.com',610,1,NULL),(436,'bettkiplimotonny39@gmail.com',611,1,NULL),(437,'bhundianavikjayant79@gmail.com',612,1,NULL),(438,'boitmichaelkipkosgei99@gmail.com',613,1,NULL),(439,'borusnorahchelagat20@gmail.com',614,1,NULL),(440,'catherinewaigwe50@gmail.com',615,1,NULL),(441,'chumbatrevorkiprop80@gmail.com',616,1,NULL),(442,'damjikodievans11@gmail.com',617,1,NULL),(443,'gacengahoseaciuti41@gmail.com',618,1,NULL),(444,'gachokamarvin81@gmail.com',619,1,NULL),(445,'gagidenisandrew12@gmail.com',620,1,NULL),(446,'gakengebensonmugo42@gmail.com',621,1,NULL),(447,'gichukievanswahome72@gmail.com',622,1,NULL),(448,'gitahijudyannwanjiku03@gmail.com',623,1,NULL),(449,'gitausamuelnjoroge33@gmail.com',624,1,NULL),(450,'ibrahimaliabdi63@gmail.com',625,1,NULL),(451,'ibrahimanasmohamed93@gmail.com',626,1,NULL),(452,'inindalaurencebugasu24@gmail.com',627,1,NULL),(453,'irungumartinmuriuki54@gmail.com',628,1,NULL),(454,'jacksonericknzuki05@gmail.com',629,1,NULL),(455,'jamawarsamemohamud45@gmail.com',630,1,NULL),(456,'jefwakelvinmukare75@gmail.com',631,1,NULL),(457,'jumaedgaronyango16@gmail.com',632,1,NULL),(458,'kahihukelvingitogo46@gmail.com',633,1,NULL),(459,'kahinkhalifmohamed76@gmail.com',634,1,NULL),(460,'kahuranipeterkibicha07@gmail.com',635,1,NULL),(461,'kajiruabubakarmohamed47@gmail.com',636,1,NULL),(462,'kamadieugenesambula67@gmail.com',637,1,NULL),(463,'kamamimoseswamae97@gmail.com',638,1,NULL),(464,'kamaubrianmukuhi38@gmail.com',639,1,NULL),(465,'karimivincentkarani78@gmail.com',640,1,NULL),(466,'kariukimarkmuigai29@gmail.com',641,1,NULL),(467,'kariukiwairimusalome59@gmail.com',642,1,NULL),(468,'kasyokivictor99@gmail.com',643,1,NULL),(469,'keringjoanjepkogei40@gmail.com',644,1,NULL),(470,'kibetmichaelbrian01@gmail.com',645,1,NULL),(471,'kingoriahmichaelmutuma81@gmail.com',646,1,NULL),(472,'kipkemeikevin32@gmail.com',647,1,NULL),(473,'kipkoriradrianabrahamk03@gmail.com',648,1,NULL),(474,'kirujaiangitonga04@gmail.com',649,1,NULL),(475,'kiutejackmwakai74@gmail.com',650,1,NULL),(476,'kuriamarkkaruku25@gmail.com',651,1,NULL),(477,'kuriamichaelwamathai95@gmail.com',652,1,NULL),(478,'kwambaichepkogeimercy46@gmail.com',653,1,NULL),(479,'kyalokelvinmuindi17@gmail.com',654,1,NULL),(480,'kyandemichaeljohn87@gmail.com',655,1,NULL),(481,'langatcalvinkiptoo28@gmail.com',656,1,NULL),(482,'langatdanielkipyegon68@gmail.com',657,1,NULL),(483,'langatvictorkiprono09@gmail.com',658,1,NULL),(484,'likonoian69@gmail.com',659,1,NULL),(485,'lucynjoki10@gmail.com',660,1,NULL),(486,'lupaowanjalaclive70@gmail.com',661,1,NULL),(487,'luttaelvisemmanuel41@gmail.com',662,1,NULL),(488,'machariasantananjoki71@gmail.com',663,1,NULL),(489,'machokatomfrank02@gmail.com',664,1,NULL),(490,'magetoallanbikundo52@gmail.com',665,1,NULL),(491,'mainakelvinmwangi92@gmail.com',666,1,NULL),(492,'surnameothernames90@gmail.com',667,1,NULL),(493,'abdallamohamed21@gmail.com',668,1,NULL),(494,'abdallanawaalkassim41@gmail.com',669,1,NULL),(495,'abdubaguyomohamed71@gmail.com',670,1,NULL),(496,'adanmohamednajib02@gmail.com',671,1,NULL),(497,'adembaaquinousrabongo22@gmail.com',672,1,NULL),(498,'aggreytevinlitunda62@gmail.com',673,1,NULL),(499,'aginelvis92@gmail.com',674,1,NULL),(500,'akivayakevinesendi23@gmail.com',675,1,NULL),(501,'ambanipaulsternmadegwa73@gmail.com',676,1,NULL),(502,'amokewycliffeochieng04@gmail.com',677,1,NULL),(503,'atienoadhiambofay34@gmail.com',678,1,NULL),(504,'barakachillah84@gmail.com',679,1,NULL),(505,'barminogichowabenedict35@gmail.com',680,1,NULL),(506,'baruaemusugutallan95@gmail.com',681,1,NULL),(507,'bettkiplimotonny56@gmail.com',682,1,NULL),(508,'bhundianavikjayant76@gmail.com',683,1,NULL),(509,'boitmichaelkipkosgei07@gmail.com',684,1,NULL),(510,'borusnorahchelagat37@gmail.com',685,1,NULL),(511,'catherinewaigwe57@gmail.com',686,1,NULL),(512,'chumbatrevorkiprop97@gmail.com',687,1,NULL),(513,'damjikodievans58@gmail.com',688,1,NULL),(514,'gacengahoseaciuti69@gmail.com',689,1,NULL),(515,'gachokamarvin99@gmail.com',690,1,NULL),(516,'gagidenisandrew30@gmail.com',691,1,NULL),(517,'gakengebensonmugo60@gmail.com',692,1,NULL),(518,'gichukievanswahome01@gmail.com',693,1,NULL),(519,'surnameothernames88@gmail.com',695,1,NULL),(520,'abdallamohamed49@gmail.com',696,1,NULL),(521,'abdallanawaalkassim79@gmail.com',697,1,NULL),(522,'abdubaguyomohamed00@gmail.com',698,1,NULL),(523,'adanmohamednajib30@gmail.com',699,1,NULL),(524,'adembaaquinousrabongo60@gmail.com',700,1,NULL),(525,'aggreytevinlitunda80@gmail.com',701,1,NULL),(526,'aginelvis11@gmail.com',702,1,NULL),(527,'akivayakevinesendi41@gmail.com',703,1,NULL),(528,'ambanipaulsternmadegwa71@gmail.com',704,1,NULL),(529,'surnameothernames53@gmail.com',705,1,NULL),(530,'abdallamohamed83@gmail.com',706,1,NULL),(531,'abdallanawaalkassim14@gmail.com',707,1,NULL),(532,'abdubaguyomohamed44@gmail.com',708,1,NULL),(534,'adembaaquinousrabongo84@gmail.com',710,1,NULL),(535,'aggreytevinlitunda25@gmail.com',711,1,NULL),(536,'aginelvis55@gmail.com',712,1,NULL),(537,'akivayakevinesendi85@gmail.com',713,1,NULL),(538,'ambanipaulsternmadegwa46@gmail.com',714,1,NULL),(539,'amokewycliffeochieng96@gmail.com',715,1,NULL),(540,'atienoadhiambofay37@gmail.com',716,1,NULL),(541,'barakachillah67@gmail.com',717,1,NULL),(542,'barminogichowabenedict97@gmail.com',718,1,NULL),(543,'baruaemusugutallan28@gmail.com',719,1,NULL),(544,'bettkiplimotonny58@gmail.com',720,1,NULL),(545,'bhundianavikjayant88@gmail.com',721,1,NULL),(546,'boitmichaelkipkosgei09@gmail.com',722,1,NULL),(547,'borusnorahchelagat49@gmail.com',723,1,NULL),(548,'catherinewaigwe79@gmail.com',724,1,NULL),(549,'chumbatrevorkiprop00@gmail.com',725,1,NULL),(550,'damjikodievans30@gmail.com',726,1,NULL),(551,'gacengahoseaciuti60@gmail.com',727,1,NULL),(552,'gachokamarvin90@gmail.com',728,1,NULL),(553,'gagidenisandrew31@gmail.com',729,1,NULL),(554,'gakengebensonmugo51@gmail.com',730,1,NULL),(555,'gichukievanswahome81@gmail.com',731,1,NULL),(556,'gitahijudyannwanjiku12@gmail.com',732,1,NULL),(557,'gitausamuelnjoroge42@gmail.com',733,1,NULL),(558,'ibrahimaliabdi62@gmail.com',734,1,NULL),(559,'ibrahimanasmohamed92@gmail.com',735,1,NULL),(560,'inindalaurencebugasu33@gmail.com',736,1,NULL),(561,'irungumartinmuriuki73@gmail.com',737,1,NULL),(562,'jacksonericknzuki24@gmail.com',738,1,NULL),(563,'jamawarsamemohamud54@gmail.com',739,1,NULL),(564,'jefwakelvinmukare84@gmail.com',740,1,NULL),(565,'jumaedgaronyango15@gmail.com',741,1,NULL),(566,'kahihukelvingitogo45@gmail.com',742,1,NULL),(567,'kahinkhalifmohamed75@gmail.com',743,1,NULL),(568,'kahuranipeterkibicha26@gmail.com',744,1,NULL),(569,'kajiruabubakarmohamed76@gmail.com',745,1,NULL),(570,'kamadieugenesambula27@gmail.com',746,1,NULL),(571,'kamamimoseswamae77@gmail.com',747,1,NULL),(572,'kamaubrianmukuhi28@gmail.com',748,1,NULL),(573,'karimivincentkarani59@gmail.com',749,1,NULL),(574,'kariukimarkmuigai89@gmail.com',750,1,NULL),(575,'kariukiwairimusalome10@gmail.com',751,1,NULL),(576,'kasyokivictor40@gmail.com',752,1,NULL),(577,'keringjoanjepkogei80@gmail.com',753,1,NULL),(578,'kibetmichaelbrian11@gmail.com',754,1,NULL),(579,'kingoriahmichaelmutuma31@gmail.com',755,1,NULL),(580,'kipkemeikevin61@gmail.com',756,1,NULL),(581,'kipkoriradrianabrahamk91@gmail.com',757,1,NULL),(582,'kirujaiangitonga22@gmail.com',758,1,NULL),(583,'kiutejackmwakai42@gmail.com',759,1,NULL),(584,'kuriamarkkaruku82@gmail.com',760,1,NULL),(585,'kuriamichaelwamathai13@gmail.com',761,1,NULL),(586,'kwambaichepkogeimercy43@gmail.com',762,1,NULL),(587,'kyalokelvinmuindi73@gmail.com',763,1,NULL),(588,'kyandemichaeljohn04@gmail.com',764,1,NULL),(589,'langatcalvinkiptoo44@gmail.com',765,1,NULL),(590,'langatdanielkipyegon94@gmail.com',766,1,NULL),(591,'langatvictorkiprono25@gmail.com',767,1,NULL),(592,'likonoian55@gmail.com',768,1,NULL),(593,'lucynjoki85@gmail.com',769,1,NULL),(594,'lupaowanjalaclive26@gmail.com',770,1,NULL),(595,'luttaelvisemmanuel76@gmail.com',771,1,NULL),(596,'machariasantananjoki27@gmail.com',772,1,NULL),(597,'machokatomfrank67@gmail.com',773,1,NULL),(598,'magetoallanbikundo97@gmail.com',774,1,NULL),(599,'mainakelvinmwangi28@gmail.com',775,1,NULL),(600,'makoribahatiagata58@gmail.com',776,1,NULL),(601,'maleyaclarkstinjumba88@gmail.com',777,1,NULL),(602,'malingaerickmuigei19@gmail.com',778,1,NULL),(603,'marosigregoryjosephokari49@gmail.com',779,1,NULL),(604,'mathusharonwanjiru79@gmail.com',780,1,NULL),(605,'mbakaabneroisebe00@gmail.com',781,1,NULL),(606,'mbarijohnwambugu30@gmail.com',782,1,NULL),(607,'mbuguajustusnjuru50@gmail.com',783,1,NULL),(608,'mbuguaphilipndungu80@gmail.com',784,1,NULL),(609,'mbuiteddykamau11@gmail.com',785,1,NULL),(610,'moseticaritonmaranga41@gmail.com',786,1,NULL),(611,'muchendubonifacemichuki71@gmail.com',787,1,NULL),(612,'muchirulewiskuria12@gmail.com',788,1,NULL),(613,'mugenyaemmanuelwilson42@gmail.com',789,1,NULL),(614,'muigailukekivunaga72@gmail.com',790,1,NULL),(615,'mulwaisaackiptoo13@gmail.com',791,1,NULL),(616,'mungacollinsgichuhi33@gmail.com',792,1,NULL),(617,'mungaiericmburu63@gmail.com',793,1,NULL),(618,'mungaitevinchege93@gmail.com',794,1,NULL),(619,'mungathiainnocentkithinji24@gmail.com',795,1,NULL),(620,'muriithiedwinkabui44@gmail.com',796,1,NULL),(621,'murayasammyndirangu74@gmail.com',797,1,NULL),(622,'murimimartin05@gmail.com',798,1,NULL),(623,'muriukitajirigitonga55@gmail.com',799,1,NULL),(624,'musyokarosianahwanza95@gmail.com',800,1,NULL),(625,'mutendederekprince66@gmail.com',801,1,NULL),(626,'mutindajaphethkioko27@gmail.com',802,1,NULL),(627,'mutuaaugustinenganga77@gmail.com',803,1,NULL),(628,'mutuasolomon08@gmail.com',804,1,NULL),(629,'mutukumaureenmumbua38@gmail.com',805,1,NULL),(630,'mwangibrianmacharia98@gmail.com',806,1,NULL),(631,'mwangifreudkariuki59@gmail.com',807,1,NULL),(632,'mwanikiedwinmbuthia99@gmail.com',808,1,NULL),(633,'mwanziadaudikasia10@gmail.com',809,1,NULL),(634,'mwanziasamuelnzyuko40@gmail.com',810,1,NULL),(635,'mwelesapauletteemali80@gmail.com',811,1,NULL),(636,'mwemaphenaedith11@gmail.com',812,1,NULL),(637,'mwenjestephen41@gmail.com',813,1,NULL),(638,'mwithalievincentmurithi71@gmail.com',814,1,NULL),(639,'ndambukilabankioko02@gmail.com',815,1,NULL),(640,'ndichustevekevin32@gmail.com',816,1,NULL),(641,'ndungudennisgichu62@gmail.com',817,1,NULL),(642,'ndwigalewismunyi82@gmail.com',818,1,NULL),(643,'ngugimichaelgichora13@gmail.com',819,1,NULL),(644,'ngatiasimonmuraguri43@gmail.com',820,1,NULL),(645,'njerusimonmugo73@gmail.com',821,1,NULL),(646,'njoguwinniewanjiru04@gmail.com',822,1,NULL),(647,'njokipeterkahenya24@gmail.com',823,1,NULL),(648,'nyagapetermwaniki54@gmail.com',824,1,NULL),(649,'nyagesoaabiudorina94@gmail.com',825,1,NULL),(650,'nzumajonathanndambuki25@gmail.com',826,1,NULL),(651,'ochiengfelixomondi55@gmail.com',827,1,NULL),(652,'ochomootienowilliam95@gmail.com',828,1,NULL),(653,'odhiambostephenochieng46@gmail.com',829,1,NULL),(654,'odongobrianrailaamolo76@gmail.com',830,1,NULL),(655,'odundostephenopiyo07@gmail.com',831,1,NULL),(656,'okellojobopiyo57@gmail.com',832,1,NULL),(657,'okeromichaelomondi08@gmail.com',833,1,NULL),(658,'olookevinomondi58@gmail.com',834,1,NULL),(659,'oludhepascaloduor88@gmail.com',835,1,NULL),(660,'oluochbilloduor19@gmail.com',836,1,NULL),(661,'omarmohamedabdi49@gmail.com',837,1,NULL),(662,'ombasomohamednyanamba89@gmail.com',838,1,NULL),(663,'onamujamesrodney10@gmail.com',839,1,NULL),(664,'onyangorobertmark40@gmail.com',840,1,NULL),(665,'onyinsitobiaswest70@gmail.com',841,1,NULL),(666,'otienoanitaajwang11@gmail.com',842,1,NULL),(667,'otienoerniembock31@gmail.com',843,1,NULL),(668,'oyiekeallenongado61@gmail.com',844,1,NULL),(669,'sakaligabrielirungu91@gmail.com',845,1,NULL),(670,'thaganakmark22@gmail.com',846,1,NULL),(671,'wahomedennislinus52@gmail.com',847,1,NULL),(672,'wamaejosephwanyoike82@gmail.com',848,1,NULL),(673,'wamuigakelvinkamau13@gmail.com',849,1,NULL),(674,'wanjohibrianmuturi43@gmail.com',850,1,NULL),(675,'wanjohiryangitonga83@gmail.com',851,1,NULL),(676,'wayualikomora14@gmail.com',852,1,NULL),(677,'yassinahmedfaiz44@gmail.com',853,1,NULL),(678,'yusufmoheenrashid84@gmail.com',854,1,NULL),(679,'surnameothernames80@gmail.com',855,1,NULL),(680,'abdallamohamed11@gmail.com',856,1,NULL),(682,'abdubaguyomohamed51@gmail.com',858,1,NULL),(683,'adanmohamednajib91@gmail.com',859,1,NULL),(685,'aggreytevinlitunda42@gmail.com',861,1,NULL),(686,'aginelvis72@gmail.com',862,1,NULL),(687,'akivayakevinesendi13@gmail.com',863,1,NULL),(688,'ambanipaulsternmadegwa43@gmail.com',864,1,NULL),(689,'amokewycliffeochieng73@gmail.com',865,1,NULL),(690,'atienoadhiambofay04@gmail.com',866,1,NULL),(691,'barakachillah24@gmail.com',867,1,NULL),(692,'barminogichowabenedict64@gmail.com',868,1,NULL),(693,'baruaemusugutallan94@gmail.com',869,1,NULL),(694,'bettkiplimotonny25@gmail.com',870,1,NULL),(695,'bhundianavikjayant55@gmail.com',871,1,NULL),(696,'boitmichaelkipkosgei85@gmail.com',872,1,NULL),(697,'borusnorahchelagat16@gmail.com',873,1,NULL),(698,'catherinewaigwe56@gmail.com',874,1,NULL),(699,'chumbatrevorkiprop86@gmail.com',875,1,NULL),(700,'damjikodievans27@gmail.com',876,1,NULL),(701,'gacengahoseaciuti57@gmail.com',877,1,NULL),(702,'gachokamarvin87@gmail.com',878,1,NULL),(703,'gagidenisandrew18@gmail.com',879,1,NULL),(704,'gakengebensonmugo58@gmail.com',880,1,NULL),(705,'gichukievanswahome88@gmail.com',881,1,NULL),(706,'gitahijudyannwanjiku19@gmail.com',882,1,NULL),(707,'gitausamuelnjoroge49@gmail.com',883,1,NULL),(708,'ibrahimaliabdi69@gmail.com',884,1,NULL),(709,'ibrahimanasmohamed00@gmail.com',885,1,NULL),(710,'inindalaurencebugasu30@gmail.com',886,1,NULL),(711,'irungumartinmuriuki70@gmail.com',887,1,NULL),(712,'jacksonericknzuki21@gmail.com',888,1,NULL),(713,'jamawarsamemohamud61@gmail.com',889,1,NULL),(714,'jefwakelvinmukare91@gmail.com',890,1,NULL),(715,'jumaedgaronyango22@gmail.com',891,1,NULL),(716,'kahihukelvingitogo52@gmail.com',892,1,NULL),(717,'kahinkhalifmohamed82@gmail.com',893,1,NULL),(718,'kahuranipeterkibicha13@gmail.com',894,1,NULL),(719,'kajiruabubakarmohamed43@gmail.com',895,1,NULL),(720,'kamadieugenesambula63@gmail.com',896,1,NULL),(721,'kamamimoseswamae93@gmail.com',897,1,NULL),(722,'kamaubrianmukuhi24@gmail.com',898,1,NULL),(723,'karimivincentkarani54@gmail.com',899,1,NULL),(724,'kariukimarkmuigai94@gmail.com',900,1,NULL),(725,'kariukiwairimusalome25@gmail.com',901,1,NULL),(726,'kasyokivictor55@gmail.com',902,1,NULL),(727,'keringjoanjepkogei85@gmail.com',903,1,NULL),(728,'kibetmichaelbrian16@gmail.com',904,1,NULL),(729,'kingoriahmichaelmutuma46@gmail.com',905,1,NULL),(730,'kipkemeikevin86@gmail.com',906,1,NULL),(731,'kipkoriradrianabrahamk07@gmail.com',907,1,NULL),(732,'kirujaiangitonga37@gmail.com',908,1,NULL),(733,'kiutejackmwakai67@gmail.com',909,1,NULL),(734,'kuriamarkkaruku97@gmail.com',910,1,NULL),(735,'kuriamichaelwamathai28@gmail.com',911,1,NULL),(736,'surnameothernames83@gmail.com',913,1,NULL),(737,'abdallamohamed24@gmail.com',914,1,NULL),(738,'abdallanawaalkassim54@gmail.com',915,1,NULL),(739,'abdubaguyomohamed84@gmail.com',916,1,NULL),(740,'adanmohamednajib15@gmail.com',917,1,NULL),(741,'adembaaquinousrabongo45@gmail.com',918,1,NULL),(742,'aggreytevinlitunda75@gmail.com',919,1,NULL),(743,'aginelvis06@gmail.com',920,1,NULL),(744,'akivayakevinesendi26@gmail.com',921,1,NULL),(745,'ambanipaulsternmadegwa56@gmail.com',922,1,NULL),(746,'amokewycliffeochieng86@gmail.com',923,1,NULL),(747,'atienoadhiambofay27@gmail.com',924,1,NULL),(748,'barakachillah57@gmail.com',925,1,NULL),(750,'baruaemusugutallan18@gmail.com',927,1,NULL),(751,'bettkiplimotonny48@gmail.com',928,1,NULL),(754,'borusnorahchelagat29@gmail.com',931,1,NULL),(755,'catherinewaigwe59@gmail.com',932,1,NULL),(756,'chumbatrevorkiprop89@gmail.com',933,1,NULL),(757,'damjikodievans10@gmail.com',934,1,NULL),(758,'gacengahoseaciuti30@gmail.com',935,1,NULL),(759,'gachokamarvin60@gmail.com',936,1,NULL),(760,'gagidenisandrew01@gmail.com',937,1,NULL),(761,'gakengebensonmugo31@gmail.com',938,1,NULL),(762,'gichukievanswahome61@gmail.com',939,1,NULL),(763,'gitahijudyannwanjiku02@gmail.com',940,1,NULL),(764,'gitausamuelnjoroge32@gmail.com',941,1,NULL),(765,'ibrahimaliabdi72@gmail.com',942,1,NULL),(766,'ibrahimanasmohamed03@gmail.com',943,1,NULL),(768,'jkmulwa@uonbi.ac.ke',945,1,NULL),(769,'pngare@gmail.com',946,1,NULL),(770,'naoh@gmail.mi.com',947,1,NULL),(771,'kcl@gmail.mi.com',948,1,NULL),(772,'h2s@gmail.mi.com',949,1,NULL),(773,'javase@gmail.com.com',950,1,NULL),(774,'wi.gitau@uonbi.ac.ke',951,1,NULL),(775,'gureya@uonbi.ac.ke',952,1,NULL),(776,'gureya.daharewa@gmail.com',953,1,NULL),(777,'fname.lname@gmail.com',954,1,NULL),(778,'stiles.ss@gmail.com',955,1,NULL),(779,'deleteme@gmail.com',956,1,NULL),(780,'papayaasukuma@gmail.com',957,1,NULL);
/*!40000 ALTER TABLE `email_contact` ENABLE KEYS */;
UNLOCK TABLES;

--
-- Table structure for table `evaluated_question`
--

DROP TABLE IF EXISTS `evaluated_question`;
/*!40101 SET @saved_cs_client     = @@character_set_client */;
/*!40101 SET character_set_client = utf8 */;
CREATE TABLE `evaluated_question` (
  `id` int(10) unsigned NOT NULL AUTO_INCREMENT,
  `question` varchar(200) NOT NULL,
  `means_of_answering` smallint(3) unsigned NOT NULL,
  `question_category` smallint(3) unsigned NOT NULL,
  `rating_type` smallint(3) unsigned DEFAULT NULL,
  `evaluation_session` int(10) unsigned NOT NULL,
  `active` tinyint(1) DEFAULT NULL,
  `version` int(11) DEFAULT NULL,
  PRIMARY KEY (`id`),
  UNIQUE KEY `id_UNIQUE` (`id`),
  KEY `fk_evaluated_question_means_of_answering1_idx` (`means_of_answering`),
  KEY `fk_evaluated_question_question_category1_idx` (`question_category`),
  KEY `fk_evaluated_question_rating_type1_idx` (`rating_type`),
  KEY `fk_evaluated_question_evaluation_session1_idx` (`evaluation_session`),
  CONSTRAINT `fk_evaluated_question_evaluation_session1` FOREIGN KEY (`evaluation_session`) REFERENCES `evaluation_session` (`id`) ON DELETE NO ACTION ON UPDATE NO ACTION,
  CONSTRAINT `fk_evaluated_question_means_of_answering1` FOREIGN KEY (`means_of_answering`) REFERENCES `means_of_answering` (`id`) ON DELETE NO ACTION ON UPDATE NO ACTION,
  CONSTRAINT `fk_evaluated_question_question_category1` FOREIGN KEY (`question_category`) REFERENCES `question_category` (`id`) ON DELETE NO ACTION ON UPDATE NO ACTION,
  CONSTRAINT `fk_evaluated_question_rating_type1` FOREIGN KEY (`rating_type`) REFERENCES `rating_type` (`id`) ON DELETE NO ACTION ON UPDATE NO ACTION
) ENGINE=InnoDB AUTO_INCREMENT=91 DEFAULT CHARSET=latin1;
/*!40101 SET character_set_client = @saved_cs_client */;

--
-- Dumping data for table `evaluated_question`
--

LOCK TABLES `evaluated_question` WRITE;
/*!40000 ALTER TABLE `evaluated_question` DISABLE KEYS */;
INSERT INTO `evaluated_question` VALUES (1,'Clarity of course objectives (Classroom/Clinical)',1,1,1,1,1,NULL),(2,'Achievement of course objectives',1,1,1,1,1,NULL),(3,'Relevance of course to programme objectives',1,1,1,1,1,NULL),(4,'Interpretation of concepts and theories',1,2,1,1,1,NULL),(5,'Coverage of course syllabus',1,2,1,1,1,NULL),(6,'Clarity in presentation',1,2,1,1,1,NULL),(7,'Effectiveness of presentation methods',1,2,1,1,1,NULL),(8,'Sufficiency of handouts',1,3,1,1,1,NULL),(9,'Value of recommended resource materials',1,3,1,1,1,NULL),(10,'Use of audio-visual and other teaching aids',1,3,1,1,1,NULL),(11,'Guidance on the use of web based material/journals',1,3,1,1,1,NULL),(12,'Adequacy of physical facilities',1,3,1,1,1,NULL),(13,'Sufficiency of computer(ICT) facility',1,3,1,1,1,NULL),(14,'Relevance of laboratory experiment(if any)',1,3,1,1,1,NULL),(15,'Relevance and usefulness of assignments/practicals/CATs',1,4,1,1,1,NULL),(16,'Appropriate coursework assessement',1,4,1,1,1,NULL),(17,'Satisfaction with methods of evaluation for classroom theory',1,4,1,1,1,NULL),(18,'Satisfaction with methods of assessment for practicals',1,4,1,1,1,NULL),(19,'Attends class regularly',1,5,1,1,1,NULL),(20,'Keeps to the published timetable',1,5,1,1,1,NULL),(21,'Is available for consultation when necessary(outside class time)',1,5,1,1,1,NULL),(22,'Guidance in practical lessons(e.g. Nursing)',1,5,1,1,1,NULL),(23,'Explains the scope, recommended readings, delivery and evaluation methodology of the course',1,6,1,1,1,NULL),(24,'Uses organized, up-to-date notes and course materials',1,6,1,1,1,NULL),(25,'Manages time well(punctual, uses class time efficiently)',1,6,1,1,1,NULL),(26,'Demonstration of procedures in the practical sessions',1,6,1,1,1,NULL),(27,'Presents course concepts and theories in a clear and interesting way',1,7,1,1,1,NULL),(28,'Facilitates meaningful and active class participation by students',1,7,1,1,1,NULL),(29,'Answers questions clearly and knowledgeably',1,7,1,1,1,NULL),(30,'Uses relevant examples and illustrations in the class/practical',1,7,1,1,1,NULL),(31,'Is open to diverse viewpoints and opinions',1,7,1,1,1,NULL),(32,'Gives relevant and challenging assignments and tests',1,8,1,1,1,NULL),(33,'Marks assignments and tests promptly',1,8,1,1,1,NULL),(34,'Gives helpful feedback on assignments and tests',1,8,1,1,1,NULL),(35,'Use of case studies for analysis',1,8,1,1,1,NULL),(36,'Overall rating of lecturer in the classroom/during lecture',1,9,1,1,1,NULL),(37,'Overall rating of the lecturer during practical/clinical sessions',1,9,1,1,1,NULL),(38,'What proportions of classes do you attend?',1,10,4,1,1,NULL),(39,'In a normal class/practical sesison, what portion of class members are present?',1,10,4,1,1,NULL),(40,'What are the reasons for the level of attendance you have reported above?',2,10,NULL,1,1,NULL),(41,'Your lecturer would like to know if there are certain aspects you believe he/she has done especially well in his/her teaching of this course?',3,11,NULL,1,1,NULL),(42,'Your lecturer would also like to know what specific things you believe must be done to improve his/her teaching in the course?',3,11,NULL,1,1,NULL),(43,'What other materials or resources, if any, should be added to enhance understanding of the course contents?',3,11,NULL,1,1,NULL),(44,'What is your overall view of the course?',2,11,NULL,1,1,NULL),(45,'Would you recommend this course to any other group of students?',1,11,3,1,1,NULL),(46,'Clarity of course objectives (Classroom/Clinical)',1,1,1,2,1,NULL),(47,'Achievement of course objectives',1,1,1,2,1,NULL),(48,'Relevance of course to programme objectives',1,1,1,2,1,NULL),(49,'Interpretation of concepts and theories',1,2,1,2,1,NULL),(50,'Coverage of course syllabus',1,2,1,2,1,NULL),(51,'Clarity in presentation',1,2,1,2,1,NULL),(52,'Effectiveness of presentation methods',1,2,1,2,1,NULL),(53,'Sufficiency of handouts',1,3,1,2,1,NULL),(54,'Value of recommended resource materials',1,3,1,2,1,NULL),(55,'Use of audio-visual and other teaching aids',1,3,1,2,1,NULL),(56,'Guidance on the use of web based material/journals',1,3,1,2,1,NULL),(57,'Adequacy of physical facilities',1,3,1,2,1,NULL),(58,'Sufficiency of computer(ICT) facility',1,3,1,2,1,NULL),(59,'Relevance of laboratory experiment(if any)',1,3,1,2,1,NULL),(60,'Relevance and usefulness of assignments/practicals/CATs',1,4,1,2,1,NULL),(61,'Appropriate coursework assessement',1,4,1,2,1,NULL),(62,'Satisfaction with methods of evaluation for classroom theory',1,4,1,2,1,NULL),(63,'Satisfaction with methods of assessment for practicals',1,4,1,2,1,NULL),(64,'Attends class regularly',1,5,1,2,1,NULL),(65,'Keeps to the published timetable',1,5,1,2,1,NULL),(66,'Is available for consultation when necessary(outside class time)',1,5,1,2,1,NULL),(67,'Guidance in practical lessons(e.g. Nursing)',1,5,1,2,1,NULL),(68,'Explains the scope, recommended readings, delivery and evaluation methodology of the course',1,6,1,2,1,NULL),(69,'Uses organized, up-to-date notes and course materials',1,6,1,2,1,NULL),(70,'Manages time well(punctual, uses class time efficiently)',1,6,1,2,1,NULL),(71,'Demonstration of procedures in the practical sessions',1,6,1,2,1,NULL),(72,'Presents course concepts and theories in a clear and interesting way',1,7,1,2,1,NULL),(73,'Facilitates meaningful and active class participation by students',1,7,1,2,1,NULL),(74,'Answers questions clearly and knowledgeably',1,7,1,2,1,NULL),(75,'Uses relevant examples and illustrations in the class/practical',1,7,1,2,1,NULL),(76,'Is open to diverse viewpoints and opinions',1,7,1,2,1,NULL),(77,'Gives relevant and challenging assignments and tests',1,8,1,2,1,NULL),(78,'Marks assignments and tests promptly',1,8,1,2,1,NULL),(79,'Gives helpful feedback on assignments and tests',1,8,1,2,1,NULL),(80,'Use of case studies for analysis',1,8,1,2,1,NULL),(81,'Overall rating of lecturer in the classroom/during lecture',1,9,1,2,1,NULL),(82,'Overall rating of the lecturer during practical/clinical sessions',1,9,1,2,1,NULL),(83,'What proportions of classes do you attend?',1,10,4,2,1,NULL),(84,'In a normal class/practical sesison, what portion of class members are present?',1,10,4,2,1,NULL),(85,'What are the reasons for the level of attendance you have reported above?',2,10,NULL,2,1,NULL),(86,'Your lecturer would like to know if there are certain aspects you believe he/she has done especially well in his/her teaching of this course?',3,11,NULL,2,1,NULL),(87,'Your lecturer would also like to know what specific things you believe must be done to improve his/her teaching in the course?',3,11,NULL,2,1,NULL),(88,'What other materials or resources, if any, should be added to enhance understanding of the course contents?',3,11,NULL,2,1,NULL),(89,'What is your overall view of the course?',2,11,NULL,2,1,NULL),(90,'Would you recommend this course to any other group of students?',1,11,3,2,1,NULL);
/*!40000 ALTER TABLE `evaluated_question` ENABLE KEYS */;
UNLOCK TABLES;

--
-- Table structure for table `evaluated_question_answer`
--

DROP TABLE IF EXISTS `evaluated_question_answer`;
/*!40101 SET @saved_cs_client     = @@character_set_client */;
/*!40101 SET character_set_client = utf8 */;
CREATE TABLE `evaluated_question_answer` (
  `id` int(10) unsigned NOT NULL AUTO_INCREMENT,
  `rating` varchar(20) DEFAULT NULL,
  `reasoning` varchar(200) DEFAULT NULL,
  `comment1` varchar(200) DEFAULT NULL,
  `comment2` varchar(200) DEFAULT NULL,
  `comment3` varchar(200) DEFAULT NULL,
  `evaluated_question` int(10) unsigned NOT NULL,
  `course_of_instance` int(10) unsigned NOT NULL,
  `evaluation_instance` int(10) unsigned NOT NULL,
  `active` tinyint(1) DEFAULT NULL,
  `version` int(11) DEFAULT NULL,
  PRIMARY KEY (`id`),
  UNIQUE KEY `id_UNIQUE` (`id`),
  KEY `fk_evaluated_question_course_of_instance1_idx` (`course_of_instance`),
  KEY `fk_evaluated_question_evaluation_instance1_idx` (`evaluation_instance`),
  KEY `fk_evaluated_question_answer_evaluated_question1_idx` (`evaluated_question`),
  CONSTRAINT `fk_evaluated_question_answer_evaluated_question1` FOREIGN KEY (`evaluated_question`) REFERENCES `evaluated_question` (`id`) ON DELETE NO ACTION ON UPDATE NO ACTION,
  CONSTRAINT `fk_evaluated_question_course_of_instance1` FOREIGN KEY (`course_of_instance`) REFERENCES `course_of_instance` (`id`) ON DELETE NO ACTION ON UPDATE NO ACTION,
  CONSTRAINT `fk_evaluated_question_evaluation_instance1` FOREIGN KEY (`evaluation_instance`) REFERENCES `evaluation_instance` (`id`) ON DELETE NO ACTION ON UPDATE NO ACTION
) ENGINE=InnoDB AUTO_INCREMENT=739 DEFAULT CHARSET=latin1;
/*!40101 SET character_set_client = @saved_cs_client */;

--
-- Dumping data for table `evaluated_question_answer`
--

LOCK TABLES `evaluated_question_answer` WRITE;
/*!40000 ALTER TABLE `evaluated_question_answer` DISABLE KEYS */;
INSERT INTO `evaluated_question_answer` VALUES (1,'3',NULL,NULL,NULL,NULL,46,1,5,1,NULL),(2,'3',NULL,NULL,NULL,NULL,47,1,5,1,NULL),(3,'3',NULL,NULL,NULL,NULL,48,1,5,1,NULL),(4,'3',NULL,NULL,NULL,NULL,49,1,5,1,NULL),(5,'3',NULL,NULL,NULL,NULL,50,1,5,1,NULL),(6,'3',NULL,NULL,NULL,NULL,51,1,5,1,NULL),(7,'3',NULL,NULL,NULL,NULL,52,1,5,1,NULL),(8,'N/A',NULL,NULL,NULL,NULL,53,1,5,1,NULL),(9,'1',NULL,NULL,NULL,NULL,54,1,5,1,NULL),(10,'3',NULL,NULL,NULL,NULL,55,1,5,1,NULL),(11,'N/A',NULL,NULL,NULL,NULL,56,1,5,1,NULL),(12,'4',NULL,NULL,NULL,NULL,57,1,5,1,NULL),(13,'5',NULL,NULL,NULL,NULL,58,1,5,1,NULL),(14,'N/A',NULL,NULL,NULL,NULL,59,1,5,1,NULL),(15,'3',NULL,NULL,NULL,NULL,60,1,5,1,NULL),(16,'3',NULL,NULL,NULL,NULL,61,1,5,1,NULL),(17,'3',NULL,NULL,NULL,NULL,62,1,5,1,NULL),(18,'N/A',NULL,NULL,NULL,NULL,63,1,5,1,NULL),(19,'3',NULL,NULL,NULL,NULL,64,1,5,1,NULL),(20,'3',NULL,NULL,NULL,NULL,65,1,5,1,NULL),(21,'1',NULL,NULL,NULL,NULL,66,1,5,1,NULL),(22,'N/A',NULL,NULL,NULL,NULL,67,1,5,1,NULL),(23,'3',NULL,NULL,NULL,NULL,68,1,5,1,NULL),(24,'3',NULL,NULL,NULL,NULL,69,1,5,1,NULL),(25,'3',NULL,NULL,NULL,NULL,70,1,5,1,NULL),(26,'N/A',NULL,NULL,NULL,NULL,71,1,5,1,NULL),(27,'2',NULL,NULL,NULL,NULL,72,1,5,1,NULL),(28,'3',NULL,NULL,NULL,NULL,73,1,5,1,NULL),(29,'2',NULL,NULL,NULL,NULL,74,1,5,1,NULL),(30,'2',NULL,NULL,NULL,NULL,75,1,5,1,NULL),(31,'3',NULL,NULL,NULL,NULL,76,1,5,1,NULL),(32,'3',NULL,NULL,NULL,NULL,77,1,5,1,NULL),(33,'2',NULL,NULL,NULL,NULL,78,1,5,1,NULL),(34,'1',NULL,NULL,NULL,NULL,79,1,5,1,NULL),(35,'1',NULL,NULL,NULL,NULL,80,1,5,1,NULL),(36,'100%',NULL,NULL,NULL,NULL,83,1,17,1,NULL),(37,'100%',NULL,NULL,NULL,NULL,84,1,17,1,NULL),(38,NULL,'',NULL,NULL,NULL,85,1,17,1,NULL),(39,NULL,NULL,'his class attendance is good.','','',86,1,17,1,NULL),(40,NULL,NULL,'dfzcjghfjgjgkyb,cxcvbfthgfnggmb hcfhnbvbg','','',87,1,17,1,NULL),(41,NULL,NULL,'hand-outs if possible','','',88,1,17,1,NULL),(42,NULL,'gftjghfirbsevghjm   kuykgyukiuluhjk ',NULL,NULL,NULL,89,1,17,1,NULL),(43,'Yes',NULL,NULL,NULL,NULL,90,1,17,1,NULL),(44,'4',NULL,NULL,NULL,NULL,46,2,4,1,NULL),(45,'4',NULL,NULL,NULL,NULL,47,2,4,1,NULL),(46,'4',NULL,NULL,NULL,NULL,48,2,4,1,NULL),(47,'4',NULL,NULL,NULL,NULL,49,2,4,1,NULL),(48,'4',NULL,NULL,NULL,NULL,50,2,4,1,NULL),(49,'4',NULL,NULL,NULL,NULL,51,2,4,1,NULL),(50,'3',NULL,NULL,NULL,NULL,52,2,4,1,NULL),(51,'2',NULL,NULL,NULL,NULL,53,2,4,1,NULL),(52,'3',NULL,NULL,NULL,NULL,54,2,4,1,NULL),(53,'1',NULL,NULL,NULL,NULL,55,2,4,1,NULL),(54,'1',NULL,NULL,NULL,NULL,56,2,4,1,NULL),(55,'4',NULL,NULL,NULL,NULL,57,2,4,1,NULL),(56,'4',NULL,NULL,NULL,NULL,58,2,4,1,NULL),(57,'3',NULL,NULL,NULL,NULL,59,2,4,1,NULL),(58,'3',NULL,NULL,NULL,NULL,60,2,4,1,NULL),(59,'3',NULL,NULL,NULL,NULL,61,2,4,1,NULL),(60,'2',NULL,NULL,NULL,NULL,62,2,4,1,NULL),(61,'1',NULL,NULL,NULL,NULL,63,2,4,1,NULL),(62,'2',NULL,NULL,NULL,NULL,64,2,4,1,NULL),(63,'4',NULL,NULL,NULL,NULL,65,2,4,1,NULL),(64,'4',NULL,NULL,NULL,NULL,66,2,4,1,NULL),(65,'N/A',NULL,NULL,NULL,NULL,67,2,4,1,NULL),(66,'3',NULL,NULL,NULL,NULL,68,2,4,1,NULL),(67,'4',NULL,NULL,NULL,NULL,69,2,4,1,NULL),(68,'4',NULL,NULL,NULL,NULL,70,2,4,1,NULL),(69,'2',NULL,NULL,NULL,NULL,71,2,4,1,NULL),(70,'2',NULL,NULL,NULL,NULL,72,2,4,1,NULL),(71,'2',NULL,NULL,NULL,NULL,73,2,4,1,NULL),(72,'4',NULL,NULL,NULL,NULL,74,2,4,1,NULL),(73,'4',NULL,NULL,NULL,NULL,75,2,4,1,NULL),(74,'4',NULL,NULL,NULL,NULL,76,2,4,1,NULL),(75,'1',NULL,NULL,NULL,NULL,77,2,4,1,NULL),(76,'1',NULL,NULL,NULL,NULL,78,2,4,1,NULL),(77,'1',NULL,NULL,NULL,NULL,79,2,4,1,NULL),(78,'3',NULL,NULL,NULL,NULL,80,2,4,1,NULL),(79,'3',NULL,NULL,NULL,NULL,81,2,4,1,NULL),(80,'N/A',NULL,NULL,NULL,NULL,82,2,4,1,NULL),(81,'75 - 99%',NULL,NULL,NULL,NULL,83,2,4,1,NULL),(82,'75 - 99%',NULL,NULL,NULL,NULL,84,2,4,1,NULL),(83,NULL,'',NULL,NULL,NULL,85,2,4,1,NULL),(84,NULL,NULL,'','','',86,2,4,1,NULL),(85,NULL,NULL,'','','',87,2,4,1,NULL),(86,NULL,NULL,'','','',88,2,4,1,NULL),(87,NULL,'',NULL,NULL,NULL,89,2,4,1,NULL),(88,'Yes',NULL,NULL,NULL,NULL,90,2,4,1,NULL),(89,'1',NULL,NULL,NULL,NULL,46,3,14,1,NULL),(90,'1',NULL,NULL,NULL,NULL,47,3,14,1,NULL),(91,'1',NULL,NULL,NULL,NULL,48,3,14,1,NULL),(92,'1',NULL,NULL,NULL,NULL,49,3,14,1,NULL),(93,'3',NULL,NULL,NULL,NULL,50,3,14,1,NULL),(94,'1',NULL,NULL,NULL,NULL,51,3,14,1,NULL),(95,'1',NULL,NULL,NULL,NULL,52,3,14,1,NULL),(96,'1',NULL,NULL,NULL,NULL,53,3,14,1,NULL),(97,'2',NULL,NULL,NULL,NULL,54,3,14,1,NULL),(98,'3',NULL,NULL,NULL,NULL,55,3,14,1,NULL),(99,'1',NULL,NULL,NULL,NULL,56,3,14,1,NULL),(100,'1',NULL,NULL,NULL,NULL,57,3,14,1,NULL),(101,'2',NULL,NULL,NULL,NULL,58,3,14,1,NULL),(102,'1',NULL,NULL,NULL,NULL,59,3,14,1,NULL),(103,'2',NULL,NULL,NULL,NULL,60,3,14,1,NULL),(104,'4',NULL,NULL,NULL,NULL,61,3,14,1,NULL),(105,'1',NULL,NULL,NULL,NULL,62,3,14,1,NULL),(106,'1',NULL,NULL,NULL,NULL,63,3,14,1,NULL),(107,'4',NULL,NULL,NULL,NULL,64,3,14,1,NULL),(108,'4',NULL,NULL,NULL,NULL,65,3,14,1,NULL),(109,'4',NULL,NULL,NULL,NULL,66,3,14,1,NULL),(110,'4',NULL,NULL,NULL,NULL,67,3,14,1,NULL),(111,'1',NULL,NULL,NULL,NULL,68,3,14,1,NULL),(112,'1',NULL,NULL,NULL,NULL,69,3,14,1,NULL),(113,'1',NULL,NULL,NULL,NULL,70,3,14,1,NULL),(114,'1',NULL,NULL,NULL,NULL,71,3,14,1,NULL),(115,'1',NULL,NULL,NULL,NULL,72,3,14,1,NULL),(116,'1',NULL,NULL,NULL,NULL,73,3,14,1,NULL),(117,'1',NULL,NULL,NULL,NULL,74,3,14,1,NULL),(118,'1',NULL,NULL,NULL,NULL,75,3,14,1,NULL),(119,'1',NULL,NULL,NULL,NULL,76,3,14,1,NULL),(120,'3',NULL,NULL,NULL,NULL,77,3,14,1,NULL),(121,'3',NULL,NULL,NULL,NULL,78,3,14,1,NULL),(122,'3',NULL,NULL,NULL,NULL,79,3,14,1,NULL),(123,'2',NULL,NULL,NULL,NULL,80,3,14,1,NULL),(124,'2',NULL,NULL,NULL,NULL,81,3,14,1,NULL),(125,'1',NULL,NULL,NULL,NULL,82,3,14,1,NULL),(126,'100%',NULL,NULL,NULL,NULL,83,3,14,1,NULL),(127,'100%',NULL,NULL,NULL,NULL,84,3,14,1,NULL),(128,NULL,'',NULL,NULL,NULL,85,3,14,1,NULL),(129,NULL,NULL,'','','',86,3,14,1,NULL),(130,NULL,NULL,'','','',87,3,14,1,NULL),(131,NULL,NULL,'','','',88,3,14,1,NULL),(132,NULL,'',NULL,NULL,NULL,89,3,14,1,NULL),(133,'Yes',NULL,NULL,NULL,NULL,90,3,14,1,NULL),(134,'4',NULL,NULL,NULL,NULL,46,4,17,1,NULL),(135,'4',NULL,NULL,NULL,NULL,47,4,17,1,NULL),(136,'4',NULL,NULL,NULL,NULL,48,4,17,1,NULL),(137,'4',NULL,NULL,NULL,NULL,49,4,17,1,NULL),(138,'4',NULL,NULL,NULL,NULL,50,4,17,1,NULL),(139,'4',NULL,NULL,NULL,NULL,51,4,17,1,NULL),(140,'4',NULL,NULL,NULL,NULL,52,4,17,1,NULL),(141,'4',NULL,NULL,NULL,NULL,53,4,17,1,NULL),(142,'4',NULL,NULL,NULL,NULL,54,4,17,1,NULL),(143,'4',NULL,NULL,NULL,NULL,55,4,17,1,NULL),(144,'4',NULL,NULL,NULL,NULL,56,4,17,1,NULL),(145,'4',NULL,NULL,NULL,NULL,57,4,17,1,NULL),(146,'4',NULL,NULL,NULL,NULL,58,4,17,1,NULL),(147,'4',NULL,NULL,NULL,NULL,59,4,17,1,NULL),(148,'4',NULL,NULL,NULL,NULL,60,4,17,1,NULL),(149,'4',NULL,NULL,NULL,NULL,61,4,17,1,NULL),(150,'4',NULL,NULL,NULL,NULL,62,4,17,1,NULL),(151,'4',NULL,NULL,NULL,NULL,63,4,17,1,NULL),(152,'4',NULL,NULL,NULL,NULL,64,4,17,1,NULL),(153,'4',NULL,NULL,NULL,NULL,65,4,17,1,NULL),(154,'4',NULL,NULL,NULL,NULL,66,4,17,1,NULL),(155,'4',NULL,NULL,NULL,NULL,67,4,17,1,NULL),(156,'4',NULL,NULL,NULL,NULL,68,4,17,1,NULL),(157,'4',NULL,NULL,NULL,NULL,69,4,17,1,NULL),(158,'4',NULL,NULL,NULL,NULL,70,4,17,1,NULL),(159,'4',NULL,NULL,NULL,NULL,71,4,17,1,NULL),(160,'4',NULL,NULL,NULL,NULL,72,4,17,1,NULL),(161,'4',NULL,NULL,NULL,NULL,73,4,17,1,NULL),(162,'4',NULL,NULL,NULL,NULL,74,4,17,1,NULL),(163,'4',NULL,NULL,NULL,NULL,75,4,17,1,NULL),(164,'4',NULL,NULL,NULL,NULL,76,4,17,1,NULL),(165,'4',NULL,NULL,NULL,NULL,77,4,17,1,NULL),(166,'4',NULL,NULL,NULL,NULL,78,4,17,1,NULL),(167,'4',NULL,NULL,NULL,NULL,79,4,17,1,NULL),(168,'4',NULL,NULL,NULL,NULL,80,4,17,1,NULL),(169,'4',NULL,NULL,NULL,NULL,81,4,17,1,NULL),(170,'4',NULL,NULL,NULL,NULL,82,4,17,1,NULL),(171,'Below 49%',NULL,NULL,NULL,NULL,83,4,17,1,NULL),(172,'100%',NULL,NULL,NULL,NULL,84,4,17,1,NULL),(173,NULL,'NONE',NULL,NULL,NULL,85,4,17,1,NULL),(174,NULL,NULL,'NONE','','',86,4,17,1,NULL),(175,NULL,NULL,'NONE','','',87,4,17,1,NULL),(176,NULL,NULL,'NONE','','',88,4,17,1,NULL),(177,NULL,'Great',NULL,NULL,NULL,89,4,17,1,NULL),(178,'Yes',NULL,NULL,NULL,NULL,90,4,17,1,NULL),(179,'5',NULL,NULL,NULL,NULL,46,5,14,1,NULL),(180,'5',NULL,NULL,NULL,NULL,47,5,14,1,NULL),(181,'5',NULL,NULL,NULL,NULL,48,5,14,1,NULL),(182,'5',NULL,NULL,NULL,NULL,49,5,14,1,NULL),(183,'5',NULL,NULL,NULL,NULL,50,5,14,1,NULL),(184,'5',NULL,NULL,NULL,NULL,51,5,14,1,NULL),(185,'5',NULL,NULL,NULL,NULL,52,5,14,1,NULL),(186,'5',NULL,NULL,NULL,NULL,53,5,14,1,NULL),(187,'5',NULL,NULL,NULL,NULL,54,5,14,1,NULL),(188,'5',NULL,NULL,NULL,NULL,55,5,14,1,NULL),(189,'5',NULL,NULL,NULL,NULL,56,5,14,1,NULL),(190,'5',NULL,NULL,NULL,NULL,57,5,14,1,NULL),(191,'5',NULL,NULL,NULL,NULL,58,5,14,1,NULL),(192,'5',NULL,NULL,NULL,NULL,59,5,14,1,NULL),(193,'5',NULL,NULL,NULL,NULL,60,5,14,1,NULL),(194,'5',NULL,NULL,NULL,NULL,61,5,14,1,NULL),(195,'5',NULL,NULL,NULL,NULL,62,5,14,1,NULL),(196,'5',NULL,NULL,NULL,NULL,63,5,14,1,NULL),(197,'5',NULL,NULL,NULL,NULL,64,5,14,1,NULL),(198,'5',NULL,NULL,NULL,NULL,65,5,14,1,NULL),(199,'5',NULL,NULL,NULL,NULL,66,5,14,1,NULL),(200,'5',NULL,NULL,NULL,NULL,67,5,14,1,NULL),(201,'5',NULL,NULL,NULL,NULL,68,5,14,1,NULL),(202,'5',NULL,NULL,NULL,NULL,69,5,14,1,NULL),(203,'5',NULL,NULL,NULL,NULL,70,5,14,1,NULL),(204,'5',NULL,NULL,NULL,NULL,71,5,14,1,NULL),(205,'5',NULL,NULL,NULL,NULL,72,5,14,1,NULL),(206,'5',NULL,NULL,NULL,NULL,73,5,14,1,NULL),(207,'5',NULL,NULL,NULL,NULL,74,5,14,1,NULL),(208,'5',NULL,NULL,NULL,NULL,75,5,14,1,NULL),(209,'5',NULL,NULL,NULL,NULL,76,5,14,1,NULL),(210,'5',NULL,NULL,NULL,NULL,77,5,14,1,NULL),(211,'5',NULL,NULL,NULL,NULL,78,5,14,1,NULL),(212,'5',NULL,NULL,NULL,NULL,79,5,14,1,NULL),(213,'5',NULL,NULL,NULL,NULL,80,5,14,1,NULL),(214,'5',NULL,NULL,NULL,NULL,81,5,14,1,NULL),(215,'5',NULL,NULL,NULL,NULL,82,5,14,1,NULL),(216,'100%',NULL,NULL,NULL,NULL,83,5,14,1,NULL),(217,'100%',NULL,NULL,NULL,NULL,84,5,14,1,NULL),(218,NULL,'',NULL,NULL,NULL,85,5,14,1,NULL),(219,NULL,NULL,'','','',86,5,14,1,NULL),(220,NULL,NULL,'','','',87,5,14,1,NULL),(221,NULL,NULL,'','','',88,5,14,1,NULL),(222,NULL,'',NULL,NULL,NULL,89,5,14,1,NULL),(223,'Yes',NULL,NULL,NULL,NULL,90,5,14,1,NULL),(224,'5',NULL,NULL,NULL,NULL,46,6,16,1,NULL),(225,'5',NULL,NULL,NULL,NULL,47,6,16,1,NULL),(226,'5',NULL,NULL,NULL,NULL,48,6,16,1,NULL),(227,'4',NULL,NULL,NULL,NULL,49,6,16,1,NULL),(228,'4',NULL,NULL,NULL,NULL,50,6,16,1,NULL),(229,'4',NULL,NULL,NULL,NULL,51,6,16,1,NULL),(230,'5',NULL,NULL,NULL,NULL,52,6,16,1,NULL),(231,'N/A',NULL,NULL,NULL,NULL,53,6,16,1,NULL),(232,'5',NULL,NULL,NULL,NULL,54,6,16,1,NULL),(233,'5',NULL,NULL,NULL,NULL,55,6,16,1,NULL),(234,'5',NULL,NULL,NULL,NULL,56,6,16,1,NULL),(235,'5',NULL,NULL,NULL,NULL,57,6,16,1,NULL),(236,'5',NULL,NULL,NULL,NULL,58,6,16,1,NULL),(237,'5',NULL,NULL,NULL,NULL,59,6,14,1,NULL),(238,'4',NULL,NULL,NULL,NULL,60,6,14,1,NULL),(239,'4',NULL,NULL,NULL,NULL,61,6,14,1,NULL),(240,'5',NULL,NULL,NULL,NULL,62,6,14,1,NULL),(241,'5',NULL,NULL,NULL,NULL,63,6,14,1,NULL),(242,'3',NULL,NULL,NULL,NULL,64,6,14,1,NULL),(243,'5',NULL,NULL,NULL,NULL,65,6,14,1,NULL),(244,'N/A',NULL,NULL,NULL,NULL,66,6,14,1,NULL),(245,'4',NULL,NULL,NULL,NULL,67,6,14,1,NULL),(246,'5',NULL,NULL,NULL,NULL,68,6,14,1,NULL),(247,'5',NULL,NULL,NULL,NULL,69,6,14,1,NULL),(248,'5',NULL,NULL,NULL,NULL,70,6,14,1,NULL),(249,'5',NULL,NULL,NULL,NULL,71,6,14,1,NULL),(250,'5',NULL,NULL,NULL,NULL,72,6,14,1,NULL),(251,'4',NULL,NULL,NULL,NULL,73,6,14,1,NULL),(252,'5',NULL,NULL,NULL,NULL,74,6,14,1,NULL),(253,'4',NULL,NULL,NULL,NULL,75,6,14,1,NULL),(254,'4',NULL,NULL,NULL,NULL,76,6,14,1,NULL),(255,'N/A',NULL,NULL,NULL,NULL,77,6,14,1,NULL),(256,'3',NULL,NULL,NULL,NULL,78,6,14,1,NULL),(257,'2',NULL,NULL,NULL,NULL,79,6,14,1,NULL),(258,'4',NULL,NULL,NULL,NULL,80,6,14,1,NULL),(259,'4',NULL,NULL,NULL,NULL,81,6,14,1,NULL),(260,'4',NULL,NULL,NULL,NULL,82,6,14,1,NULL),(261,'100%',NULL,NULL,NULL,NULL,83,6,14,1,NULL),(262,'75 - 99%',NULL,NULL,NULL,NULL,84,6,14,1,NULL),(263,NULL,'',NULL,NULL,NULL,85,6,14,1,NULL),(264,NULL,NULL,'','','',86,6,14,1,NULL),(265,NULL,NULL,'','','',87,6,14,1,NULL),(266,NULL,NULL,'','','',88,6,14,1,NULL),(267,NULL,'',NULL,NULL,NULL,89,6,14,1,NULL),(268,'Yes',NULL,NULL,NULL,NULL,90,6,14,1,NULL),(269,'5',NULL,NULL,NULL,NULL,46,7,10,1,NULL),(270,'5',NULL,NULL,NULL,NULL,47,7,10,1,NULL),(271,'5',NULL,NULL,NULL,NULL,48,7,10,1,NULL),(272,'4',NULL,NULL,NULL,NULL,49,7,10,1,NULL),(273,'4',NULL,NULL,NULL,NULL,50,7,10,1,NULL),(274,'3',NULL,NULL,NULL,NULL,51,7,10,1,NULL),(275,'5',NULL,NULL,NULL,NULL,52,7,10,1,NULL),(276,'3',NULL,NULL,NULL,NULL,53,7,10,1,NULL),(277,'5',NULL,NULL,NULL,NULL,54,7,10,1,NULL),(278,'4',NULL,NULL,NULL,NULL,55,7,10,1,NULL),(279,'N/A',NULL,NULL,NULL,NULL,56,7,10,1,NULL),(280,'5',NULL,NULL,NULL,NULL,57,7,10,1,NULL),(281,'5',NULL,NULL,NULL,NULL,58,7,10,1,NULL),(282,'N/A',NULL,NULL,NULL,NULL,59,7,10,1,NULL),(283,'5',NULL,NULL,NULL,NULL,60,7,10,1,NULL),(284,'5',NULL,NULL,NULL,NULL,61,7,10,1,NULL),(285,'5',NULL,NULL,NULL,NULL,62,7,10,1,NULL),(286,'5',NULL,NULL,NULL,NULL,63,7,10,1,NULL),(287,'2',NULL,NULL,NULL,NULL,64,7,10,1,NULL),(288,'5',NULL,NULL,NULL,NULL,65,7,10,1,NULL),(289,'3',NULL,NULL,NULL,NULL,66,7,10,1,NULL),(290,'N/A',NULL,NULL,NULL,NULL,67,7,10,1,NULL),(291,'5',NULL,NULL,NULL,NULL,68,7,10,1,NULL),(292,'5',NULL,NULL,NULL,NULL,69,7,10,1,NULL),(293,'5',NULL,NULL,NULL,NULL,70,7,10,1,NULL),(294,'5',NULL,NULL,NULL,NULL,71,7,10,1,NULL),(295,'5',NULL,NULL,NULL,NULL,72,7,10,1,NULL),(296,'5',NULL,NULL,NULL,NULL,73,7,10,1,NULL),(297,'5',NULL,NULL,NULL,NULL,74,7,10,1,NULL),(298,'5',NULL,NULL,NULL,NULL,75,7,10,1,NULL),(299,'5',NULL,NULL,NULL,NULL,76,7,10,1,NULL),(300,'5',NULL,NULL,NULL,NULL,77,7,10,1,NULL),(301,'3',NULL,NULL,NULL,NULL,78,7,10,1,NULL),(302,'2',NULL,NULL,NULL,NULL,79,7,10,1,NULL),(303,'5',NULL,NULL,NULL,NULL,80,7,10,1,NULL),(304,'4',NULL,NULL,NULL,NULL,81,7,10,1,NULL),(305,'N/A',NULL,NULL,NULL,NULL,82,7,10,1,NULL),(306,'75 - 99%',NULL,NULL,NULL,NULL,83,7,10,1,NULL),(307,'75 - 99%',NULL,NULL,NULL,NULL,84,7,10,1,NULL),(308,NULL,'Public holidays, sickness.',NULL,NULL,NULL,85,7,10,1,NULL),(309,NULL,NULL,'Number systems','Networks','',86,7,10,1,NULL),(310,NULL,NULL,'Give more assignments.','','',87,7,10,1,NULL),(311,NULL,NULL,'Past Questions and soft copy books.','','',88,7,10,1,NULL),(312,NULL,'Amazing',NULL,NULL,NULL,89,7,10,1,NULL),(313,'Yes',NULL,NULL,NULL,NULL,90,7,10,1,NULL),(314,'5',NULL,NULL,NULL,NULL,46,8,17,1,NULL),(315,'5',NULL,NULL,NULL,NULL,47,8,17,1,NULL),(316,'5',NULL,NULL,NULL,NULL,48,8,17,1,NULL),(317,'5',NULL,NULL,NULL,NULL,49,8,17,1,NULL),(318,'5',NULL,NULL,NULL,NULL,50,8,17,1,NULL),(319,'5',NULL,NULL,NULL,NULL,51,8,17,1,NULL),(320,'5',NULL,NULL,NULL,NULL,52,8,17,1,NULL),(321,'5',NULL,NULL,NULL,NULL,53,8,17,1,NULL),(322,'5',NULL,NULL,NULL,NULL,54,8,17,1,NULL),(323,'5',NULL,NULL,NULL,NULL,55,8,17,1,NULL),(324,'5',NULL,NULL,NULL,NULL,56,8,17,1,NULL),(325,'5',NULL,NULL,NULL,NULL,57,8,17,1,NULL),(326,'5',NULL,NULL,NULL,NULL,58,8,17,1,NULL),(327,'5',NULL,NULL,NULL,NULL,59,8,17,1,NULL),(328,'5',NULL,NULL,NULL,NULL,60,8,17,1,NULL),(329,'5',NULL,NULL,NULL,NULL,61,8,17,1,NULL),(330,'5',NULL,NULL,NULL,NULL,62,8,17,1,NULL),(331,'5',NULL,NULL,NULL,NULL,63,8,17,1,NULL),(332,'5',NULL,NULL,NULL,NULL,64,8,17,1,NULL),(333,'5',NULL,NULL,NULL,NULL,65,8,17,1,NULL),(334,'5',NULL,NULL,NULL,NULL,66,8,17,1,NULL),(335,'5',NULL,NULL,NULL,NULL,67,8,17,1,NULL),(336,'5',NULL,NULL,NULL,NULL,68,8,17,1,NULL),(337,'5',NULL,NULL,NULL,NULL,69,8,10,1,NULL),(338,'5',NULL,NULL,NULL,NULL,70,8,10,1,NULL),(339,'5',NULL,NULL,NULL,NULL,71,8,10,1,NULL),(340,'5',NULL,NULL,NULL,NULL,72,8,10,1,NULL),(341,'5',NULL,NULL,NULL,NULL,73,8,10,1,NULL),(342,'5',NULL,NULL,NULL,NULL,74,8,10,1,NULL),(343,'5',NULL,NULL,NULL,NULL,75,8,10,1,NULL),(344,'5',NULL,NULL,NULL,NULL,76,8,10,1,NULL),(345,'5',NULL,NULL,NULL,NULL,77,8,10,1,NULL),(346,'5',NULL,NULL,NULL,NULL,78,8,10,1,NULL),(347,'5',NULL,NULL,NULL,NULL,79,8,10,1,NULL),(348,'5',NULL,NULL,NULL,NULL,80,8,10,1,NULL),(349,'5',NULL,NULL,NULL,NULL,81,8,10,1,NULL),(350,'5',NULL,NULL,NULL,NULL,82,8,10,1,NULL),(351,'100%',NULL,NULL,NULL,NULL,83,8,10,1,NULL),(352,'100%',NULL,NULL,NULL,NULL,84,8,10,1,NULL),(353,NULL,'NONE',NULL,NULL,NULL,85,8,10,1,NULL),(354,NULL,NULL,'NONE','','',86,8,10,1,NULL),(355,NULL,NULL,'NONE','','',87,8,10,1,NULL),(356,NULL,NULL,'NONE','','',88,8,10,1,NULL),(357,NULL,'Great',NULL,NULL,NULL,89,8,10,1,NULL),(358,'Yes',NULL,NULL,NULL,NULL,90,8,10,1,NULL),(359,'2',NULL,NULL,NULL,NULL,46,9,15,1,NULL),(360,'2',NULL,NULL,NULL,NULL,47,9,15,1,NULL),(361,'2',NULL,NULL,NULL,NULL,48,9,15,1,NULL),(362,'2',NULL,NULL,NULL,NULL,49,9,15,1,NULL),(363,'2',NULL,NULL,NULL,NULL,50,9,15,1,NULL),(364,'2',NULL,NULL,NULL,NULL,51,9,15,1,NULL),(365,'2',NULL,NULL,NULL,NULL,52,9,15,1,NULL),(366,'2',NULL,NULL,NULL,NULL,53,9,15,1,NULL),(367,'2',NULL,NULL,NULL,NULL,54,9,15,1,NULL),(368,'2',NULL,NULL,NULL,NULL,55,9,15,1,NULL),(369,'2',NULL,NULL,NULL,NULL,56,9,15,1,NULL),(370,'2',NULL,NULL,NULL,NULL,57,9,15,1,NULL),(371,'2',NULL,NULL,NULL,NULL,58,9,15,1,NULL),(372,'2',NULL,NULL,NULL,NULL,59,9,15,1,NULL),(373,'2',NULL,NULL,NULL,NULL,60,9,15,1,NULL),(374,'2',NULL,NULL,NULL,NULL,61,9,15,1,NULL),(375,'2',NULL,NULL,NULL,NULL,62,9,15,1,NULL),(376,'2',NULL,NULL,NULL,NULL,63,9,15,1,NULL),(377,'1',NULL,NULL,NULL,NULL,64,9,15,1,NULL),(378,'2',NULL,NULL,NULL,NULL,65,9,15,1,NULL),(379,'1',NULL,NULL,NULL,NULL,66,9,15,1,NULL),(380,'N/A',NULL,NULL,NULL,NULL,67,9,15,1,NULL),(381,'2',NULL,NULL,NULL,NULL,68,9,15,1,NULL),(382,'2',NULL,NULL,NULL,NULL,69,9,15,1,NULL),(383,'2',NULL,NULL,NULL,NULL,70,9,15,1,NULL),(384,'2',NULL,NULL,NULL,NULL,71,9,15,1,NULL),(385,'2',NULL,NULL,NULL,NULL,72,9,15,1,NULL),(386,'2',NULL,NULL,NULL,NULL,73,9,15,1,NULL),(387,'2',NULL,NULL,NULL,NULL,74,9,15,1,NULL),(388,'2',NULL,NULL,NULL,NULL,75,9,15,1,NULL),(389,'2',NULL,NULL,NULL,NULL,76,9,15,1,NULL),(390,'2',NULL,NULL,NULL,NULL,77,9,15,1,NULL),(391,'2',NULL,NULL,NULL,NULL,78,9,15,1,NULL),(392,'2',NULL,NULL,NULL,NULL,79,9,15,1,NULL),(393,'2',NULL,NULL,NULL,NULL,80,9,15,1,NULL),(394,'2',NULL,NULL,NULL,NULL,81,9,15,1,NULL),(395,'2',NULL,NULL,NULL,NULL,82,9,15,1,NULL),(396,'100%',NULL,NULL,NULL,NULL,83,9,15,1,NULL),(397,'75 - 99%',NULL,NULL,NULL,NULL,84,9,15,1,NULL),(398,NULL,'poor attendance schedule by the lecturer',NULL,NULL,NULL,85,9,15,1,NULL),(399,NULL,NULL,'','','',86,9,15,1,NULL),(400,NULL,NULL,'','','',87,9,15,1,NULL),(401,NULL,NULL,'','','',88,9,15,1,NULL),(402,NULL,'good course taught fairly well %50',NULL,NULL,NULL,89,9,15,1,NULL),(403,'Yes',NULL,NULL,NULL,NULL,90,9,15,1,NULL),(404,'5',NULL,NULL,NULL,NULL,46,10,17,1,NULL),(405,'5',NULL,NULL,NULL,NULL,47,10,17,1,NULL),(406,'5',NULL,NULL,NULL,NULL,48,10,17,1,NULL),(407,'5',NULL,NULL,NULL,NULL,49,10,17,1,NULL),(408,'5',NULL,NULL,NULL,NULL,50,10,17,1,NULL),(409,'5',NULL,NULL,NULL,NULL,51,10,17,1,NULL),(410,'5',NULL,NULL,NULL,NULL,52,10,17,1,NULL),(411,'5',NULL,NULL,NULL,NULL,53,10,17,1,NULL),(412,'5',NULL,NULL,NULL,NULL,54,10,17,1,NULL),(413,'5',NULL,NULL,NULL,NULL,55,10,17,1,NULL),(414,'5',NULL,NULL,NULL,NULL,56,10,17,1,NULL),(415,'5',NULL,NULL,NULL,NULL,57,10,17,1,NULL),(416,'5',NULL,NULL,NULL,NULL,58,10,17,1,NULL),(417,'5',NULL,NULL,NULL,NULL,59,10,17,1,NULL),(418,'5',NULL,NULL,NULL,NULL,60,10,17,1,NULL),(419,'5',NULL,NULL,NULL,NULL,61,10,17,1,NULL),(420,'5',NULL,NULL,NULL,NULL,62,10,17,1,NULL),(421,'5',NULL,NULL,NULL,NULL,63,10,17,1,NULL),(422,'5',NULL,NULL,NULL,NULL,64,10,17,1,NULL),(423,'5',NULL,NULL,NULL,NULL,65,10,17,1,NULL),(424,'5',NULL,NULL,NULL,NULL,66,10,17,1,NULL),(425,'5',NULL,NULL,NULL,NULL,67,10,17,1,NULL),(426,'5',NULL,NULL,NULL,NULL,68,10,17,1,NULL),(427,'5',NULL,NULL,NULL,NULL,69,10,17,1,NULL),(428,'5',NULL,NULL,NULL,NULL,70,10,17,1,NULL),(429,'5',NULL,NULL,NULL,NULL,71,10,17,1,NULL),(430,'5',NULL,NULL,NULL,NULL,72,10,17,1,NULL),(431,'5',NULL,NULL,NULL,NULL,73,10,17,1,NULL),(432,'5',NULL,NULL,NULL,NULL,74,10,17,1,NULL),(433,'5',NULL,NULL,NULL,NULL,75,10,17,1,NULL),(434,'5',NULL,NULL,NULL,NULL,76,10,17,1,NULL),(435,'5',NULL,NULL,NULL,NULL,77,10,17,1,NULL),(436,'5',NULL,NULL,NULL,NULL,78,10,17,1,NULL),(437,'5',NULL,NULL,NULL,NULL,79,10,17,1,NULL),(438,'5',NULL,NULL,NULL,NULL,80,10,17,1,NULL),(439,'5',NULL,NULL,NULL,NULL,81,10,17,1,NULL),(440,'5',NULL,NULL,NULL,NULL,82,10,17,1,NULL),(441,'100%',NULL,NULL,NULL,NULL,83,10,17,1,NULL),(442,'100%',NULL,NULL,NULL,NULL,84,10,17,1,NULL),(443,NULL,'NONE',NULL,NULL,NULL,85,10,17,1,NULL),(444,NULL,NULL,'NONE','','',86,10,17,1,NULL),(445,NULL,NULL,'NONE','','',87,10,17,1,NULL),(446,NULL,NULL,'NONE','','',88,10,17,1,NULL),(447,NULL,'GREAT',NULL,NULL,NULL,89,10,17,1,NULL),(448,'Yes',NULL,NULL,NULL,NULL,90,10,17,1,NULL),(449,'5',NULL,NULL,NULL,NULL,46,11,17,1,NULL),(450,'5',NULL,NULL,NULL,NULL,47,11,17,1,NULL),(451,'5',NULL,NULL,NULL,NULL,48,11,17,1,NULL),(452,'5',NULL,NULL,NULL,NULL,49,11,17,1,NULL),(453,'5',NULL,NULL,NULL,NULL,50,11,17,1,NULL),(454,'5',NULL,NULL,NULL,NULL,51,11,17,1,NULL),(455,'5',NULL,NULL,NULL,NULL,52,11,17,1,NULL),(456,'5',NULL,NULL,NULL,NULL,53,11,17,1,NULL),(457,'5',NULL,NULL,NULL,NULL,54,11,17,1,NULL),(458,'5',NULL,NULL,NULL,NULL,55,11,17,1,NULL),(459,'5',NULL,NULL,NULL,NULL,56,11,17,1,NULL),(460,'5',NULL,NULL,NULL,NULL,57,11,17,1,NULL),(461,'5',NULL,NULL,NULL,NULL,58,11,17,1,NULL),(462,'5',NULL,NULL,NULL,NULL,59,11,17,1,NULL),(463,'5',NULL,NULL,NULL,NULL,60,11,17,1,NULL),(464,'5',NULL,NULL,NULL,NULL,61,11,17,1,NULL),(465,'5',NULL,NULL,NULL,NULL,62,11,17,1,NULL),(466,'5',NULL,NULL,NULL,NULL,63,11,17,1,NULL),(467,'5',NULL,NULL,NULL,NULL,64,11,17,1,NULL),(468,'5',NULL,NULL,NULL,NULL,65,11,17,1,NULL),(469,'5',NULL,NULL,NULL,NULL,66,11,17,1,NULL),(470,'5',NULL,NULL,NULL,NULL,67,11,17,1,NULL),(471,'5',NULL,NULL,NULL,NULL,68,11,17,1,NULL),(472,'5',NULL,NULL,NULL,NULL,69,11,17,1,NULL),(473,'5',NULL,NULL,NULL,NULL,70,11,17,1,NULL),(474,'5',NULL,NULL,NULL,NULL,71,11,17,1,NULL),(475,'5',NULL,NULL,NULL,NULL,72,11,17,1,NULL),(476,'5',NULL,NULL,NULL,NULL,73,11,17,1,NULL),(477,'5',NULL,NULL,NULL,NULL,74,11,17,1,NULL),(478,'5',NULL,NULL,NULL,NULL,75,11,17,1,NULL),(479,'5',NULL,NULL,NULL,NULL,76,11,17,1,NULL),(480,'5',NULL,NULL,NULL,NULL,77,11,17,1,NULL),(481,'5',NULL,NULL,NULL,NULL,78,11,17,1,NULL),(482,'5',NULL,NULL,NULL,NULL,79,11,17,1,NULL),(483,'5',NULL,NULL,NULL,NULL,80,11,17,1,NULL),(484,'5',NULL,NULL,NULL,NULL,81,11,17,1,NULL),(485,'5',NULL,NULL,NULL,NULL,82,11,17,1,NULL),(486,'100%',NULL,NULL,NULL,NULL,83,11,17,1,NULL),(487,'100%',NULL,NULL,NULL,NULL,84,11,17,1,NULL),(488,NULL,'NONE',NULL,NULL,NULL,85,11,17,1,NULL),(489,NULL,NULL,'NONE','','',86,11,17,1,NULL),(490,NULL,NULL,'NONE','','',87,11,17,1,NULL),(491,NULL,NULL,'NONE','','',88,11,17,1,NULL),(492,NULL,'GREAT',NULL,NULL,NULL,89,11,17,1,NULL),(493,'Yes',NULL,NULL,NULL,NULL,90,11,17,1,NULL),(494,'3',NULL,NULL,NULL,NULL,46,12,22,1,NULL),(495,'4',NULL,NULL,NULL,NULL,47,12,22,1,NULL),(496,'3',NULL,NULL,NULL,NULL,48,12,22,1,NULL),(497,'5',NULL,NULL,NULL,NULL,49,12,22,1,NULL),(498,'5',NULL,NULL,NULL,NULL,50,12,22,1,NULL),(499,'5',NULL,NULL,NULL,NULL,51,12,22,1,NULL),(500,'5',NULL,NULL,NULL,NULL,52,12,22,1,NULL),(501,'4',NULL,NULL,NULL,NULL,53,12,22,1,NULL),(502,'5',NULL,NULL,NULL,NULL,54,12,22,1,NULL),(503,'3',NULL,NULL,NULL,NULL,55,12,22,1,NULL),(504,'5',NULL,NULL,NULL,NULL,56,12,22,1,NULL),(505,'5',NULL,NULL,NULL,NULL,57,12,22,1,NULL),(506,'5',NULL,NULL,NULL,NULL,58,12,22,1,NULL),(507,'5',NULL,NULL,NULL,NULL,59,12,22,1,NULL),(508,'5',NULL,NULL,NULL,NULL,60,12,22,1,NULL),(509,'5',NULL,NULL,NULL,NULL,61,12,22,1,NULL),(510,'5',NULL,NULL,NULL,NULL,62,12,22,1,NULL),(511,'5',NULL,NULL,NULL,NULL,63,12,22,1,NULL),(512,'5',NULL,NULL,NULL,NULL,64,12,22,1,NULL),(513,'5',NULL,NULL,NULL,NULL,65,12,22,1,NULL),(514,'5',NULL,NULL,NULL,NULL,66,12,22,1,NULL),(515,'5',NULL,NULL,NULL,NULL,67,12,22,1,NULL),(516,'5',NULL,NULL,NULL,NULL,68,12,22,1,NULL),(517,'5',NULL,NULL,NULL,NULL,69,12,22,1,NULL),(518,'5',NULL,NULL,NULL,NULL,70,12,22,1,NULL),(519,'5',NULL,NULL,NULL,NULL,71,12,22,1,NULL),(520,'5',NULL,NULL,NULL,NULL,72,12,22,1,NULL),(521,'5',NULL,NULL,NULL,NULL,73,12,22,1,NULL),(522,'5',NULL,NULL,NULL,NULL,74,12,22,1,NULL),(523,'5',NULL,NULL,NULL,NULL,75,12,22,1,NULL),(524,'5',NULL,NULL,NULL,NULL,76,12,22,1,NULL),(525,'5',NULL,NULL,NULL,NULL,77,12,22,1,NULL),(526,'5',NULL,NULL,NULL,NULL,78,12,22,1,NULL),(527,'5',NULL,NULL,NULL,NULL,79,12,22,1,NULL),(528,'5',NULL,NULL,NULL,NULL,80,12,22,1,NULL),(529,'4',NULL,NULL,NULL,NULL,81,12,22,1,NULL),(530,'4',NULL,NULL,NULL,NULL,82,12,22,1,NULL),(531,'100%',NULL,NULL,NULL,NULL,83,12,22,1,NULL),(532,'75 - 99%',NULL,NULL,NULL,NULL,84,12,22,1,NULL),(533,NULL,'',NULL,NULL,NULL,85,12,22,1,NULL),(534,NULL,NULL,'','','',86,12,22,1,NULL),(535,NULL,NULL,'','','',87,12,22,1,NULL),(536,NULL,NULL,'','','',88,12,22,1,NULL),(537,NULL,'',NULL,NULL,NULL,89,12,22,1,NULL),(538,'Yes',NULL,NULL,NULL,NULL,90,12,22,1,NULL),(539,'3',NULL,NULL,NULL,NULL,46,13,4,1,NULL),(540,'4',NULL,NULL,NULL,NULL,47,13,4,1,NULL),(541,'4',NULL,NULL,NULL,NULL,48,13,4,1,NULL),(542,'3',NULL,NULL,NULL,NULL,49,13,4,1,NULL),(543,'4',NULL,NULL,NULL,NULL,50,13,4,1,NULL),(544,'2',NULL,NULL,NULL,NULL,51,13,4,1,NULL),(545,'2',NULL,NULL,NULL,NULL,52,13,4,1,NULL),(546,'1',NULL,NULL,NULL,NULL,53,13,4,1,NULL),(547,'2',NULL,NULL,NULL,NULL,54,13,4,1,NULL),(548,'1',NULL,NULL,NULL,NULL,55,13,4,1,NULL),(549,'1',NULL,NULL,NULL,NULL,56,13,4,1,NULL),(550,'4',NULL,NULL,NULL,NULL,57,13,4,1,NULL),(551,'4',NULL,NULL,NULL,NULL,58,13,4,1,NULL),(552,'N/A',NULL,NULL,NULL,NULL,59,13,4,1,NULL),(553,'4',NULL,NULL,NULL,NULL,60,13,4,1,NULL),(554,'3',NULL,NULL,NULL,NULL,61,13,4,1,NULL),(555,'3',NULL,NULL,NULL,NULL,62,13,4,1,NULL),(556,'N/A',NULL,NULL,NULL,NULL,63,13,4,1,NULL),(557,'4',NULL,NULL,NULL,NULL,64,13,4,1,NULL),(558,'2',NULL,NULL,NULL,NULL,65,13,4,1,NULL),(559,'4',NULL,NULL,NULL,NULL,66,13,4,1,NULL),(560,'N/A',NULL,NULL,NULL,NULL,67,13,4,1,NULL),(561,'3',NULL,NULL,NULL,NULL,68,13,4,1,NULL),(562,'2',NULL,NULL,NULL,NULL,69,13,4,1,NULL),(563,'4',NULL,NULL,NULL,NULL,70,13,4,1,NULL),(564,'N/A',NULL,NULL,NULL,NULL,71,13,4,1,NULL),(565,'2',NULL,NULL,NULL,NULL,72,13,4,1,NULL),(566,'3',NULL,NULL,NULL,NULL,73,13,4,1,NULL),(567,'3',NULL,NULL,NULL,NULL,74,13,4,1,NULL),(568,'2',NULL,NULL,NULL,NULL,75,13,4,1,NULL),(569,'2',NULL,NULL,NULL,NULL,76,13,4,1,NULL),(570,'4',NULL,NULL,NULL,NULL,77,13,4,1,NULL),(571,'4',NULL,NULL,NULL,NULL,78,13,4,1,NULL),(572,'3',NULL,NULL,NULL,NULL,79,13,4,1,NULL),(573,'2',NULL,NULL,NULL,NULL,80,13,4,1,NULL),(574,'3',NULL,NULL,NULL,NULL,81,13,4,1,NULL),(575,'N/A',NULL,NULL,NULL,NULL,82,13,4,1,NULL),(576,'75 - 99%',NULL,NULL,NULL,NULL,83,13,4,1,NULL),(577,'75 - 99%',NULL,NULL,NULL,NULL,84,13,4,1,NULL),(578,NULL,'',NULL,NULL,NULL,85,13,4,1,NULL),(579,NULL,NULL,'','','',86,13,4,1,NULL),(580,NULL,NULL,'','','',87,13,4,1,NULL),(581,NULL,NULL,'','','',88,13,4,1,NULL),(582,NULL,'',NULL,NULL,NULL,89,13,4,1,NULL),(583,'Yes',NULL,NULL,NULL,NULL,90,13,4,1,NULL),(584,'5',NULL,NULL,NULL,NULL,46,14,17,1,NULL),(585,'5',NULL,NULL,NULL,NULL,47,14,17,1,NULL),(586,'5',NULL,NULL,NULL,NULL,48,14,17,1,NULL),(587,'5',NULL,NULL,NULL,NULL,49,14,17,1,NULL),(588,'5',NULL,NULL,NULL,NULL,50,14,17,1,NULL),(589,'5',NULL,NULL,NULL,NULL,51,14,17,1,NULL),(590,'5',NULL,NULL,NULL,NULL,52,14,17,1,NULL),(591,'5',NULL,NULL,NULL,NULL,53,14,17,1,NULL),(592,'5',NULL,NULL,NULL,NULL,54,14,17,1,NULL),(593,'5',NULL,NULL,NULL,NULL,55,14,17,1,NULL),(594,'5',NULL,NULL,NULL,NULL,56,14,17,1,NULL),(595,'5',NULL,NULL,NULL,NULL,57,14,17,1,NULL),(596,'5',NULL,NULL,NULL,NULL,58,14,17,1,NULL),(597,'5',NULL,NULL,NULL,NULL,59,14,17,1,NULL),(598,'5',NULL,NULL,NULL,NULL,60,14,17,1,NULL),(599,'5',NULL,NULL,NULL,NULL,61,14,17,1,NULL),(600,'5',NULL,NULL,NULL,NULL,62,14,17,1,NULL),(601,'5',NULL,NULL,NULL,NULL,63,14,17,1,NULL),(602,'5',NULL,NULL,NULL,NULL,64,14,17,1,NULL),(603,'5',NULL,NULL,NULL,NULL,65,14,17,1,NULL),(604,'5',NULL,NULL,NULL,NULL,66,14,17,1,NULL),(605,'5',NULL,NULL,NULL,NULL,67,14,17,1,NULL),(606,'5',NULL,NULL,NULL,NULL,68,14,17,1,NULL),(607,'5',NULL,NULL,NULL,NULL,69,14,17,1,NULL),(608,'5',NULL,NULL,NULL,NULL,70,14,17,1,NULL),(609,'5',NULL,NULL,NULL,NULL,71,14,17,1,NULL),(610,'5',NULL,NULL,NULL,NULL,72,14,17,1,NULL),(611,'5',NULL,NULL,NULL,NULL,73,14,17,1,NULL),(612,'5',NULL,NULL,NULL,NULL,74,14,17,1,NULL),(613,'5',NULL,NULL,NULL,NULL,75,14,17,1,NULL),(614,'5',NULL,NULL,NULL,NULL,76,14,17,1,NULL),(615,'5',NULL,NULL,NULL,NULL,77,14,17,1,NULL),(616,'5',NULL,NULL,NULL,NULL,78,14,17,1,NULL),(617,'5',NULL,NULL,NULL,NULL,79,14,17,1,NULL),(618,'5',NULL,NULL,NULL,NULL,80,14,17,1,NULL),(619,'5',NULL,NULL,NULL,NULL,81,14,17,1,NULL),(620,'5',NULL,NULL,NULL,NULL,82,14,17,1,NULL),(621,'100%',NULL,NULL,NULL,NULL,83,14,17,1,NULL),(622,'100%',NULL,NULL,NULL,NULL,84,14,17,1,NULL),(623,NULL,'NONE',NULL,NULL,NULL,85,14,17,1,NULL),(624,NULL,NULL,'NONE','','',86,14,17,1,NULL),(625,NULL,NULL,'NONE','','',87,14,17,1,NULL),(626,NULL,NULL,'NONE','','',88,14,17,1,NULL),(627,NULL,'GREAT',NULL,NULL,NULL,89,14,17,1,NULL),(628,'Yes',NULL,NULL,NULL,NULL,90,14,17,1,NULL),(629,'3',NULL,NULL,NULL,NULL,46,15,22,1,NULL),(630,'3',NULL,NULL,NULL,NULL,47,15,22,1,NULL),(631,'3',NULL,NULL,NULL,NULL,48,15,22,1,NULL),(632,'3',NULL,NULL,NULL,NULL,49,15,22,1,NULL),(633,'3',NULL,NULL,NULL,NULL,50,15,22,1,NULL),(634,'3',NULL,NULL,NULL,NULL,51,15,22,1,NULL),(635,'3',NULL,NULL,NULL,NULL,52,15,22,1,NULL),(636,'2',NULL,NULL,NULL,NULL,53,15,22,1,NULL),(637,'5',NULL,NULL,NULL,NULL,54,15,22,1,NULL),(638,'3',NULL,NULL,NULL,NULL,55,15,22,1,NULL),(639,'1',NULL,NULL,NULL,NULL,56,15,22,1,NULL),(640,'1',NULL,NULL,NULL,NULL,57,15,22,1,NULL),(641,'1',NULL,NULL,NULL,NULL,58,15,22,1,NULL),(642,'1',NULL,NULL,NULL,NULL,59,15,22,1,NULL),(643,'5',NULL,NULL,NULL,NULL,60,15,22,1,NULL),(644,'5',NULL,NULL,NULL,NULL,61,15,22,1,NULL),(645,'5',NULL,NULL,NULL,NULL,62,15,22,1,NULL),(646,'5',NULL,NULL,NULL,NULL,63,15,22,1,NULL),(647,'5',NULL,NULL,NULL,NULL,64,15,22,1,NULL),(648,'5',NULL,NULL,NULL,NULL,65,15,22,1,NULL),(649,'5',NULL,NULL,NULL,NULL,66,15,22,1,NULL),(650,'5',NULL,NULL,NULL,NULL,67,15,22,1,NULL),(651,'5',NULL,NULL,NULL,NULL,68,15,22,1,NULL),(652,'5',NULL,NULL,NULL,NULL,69,15,22,1,NULL),(653,'5',NULL,NULL,NULL,NULL,70,15,22,1,NULL),(654,'5',NULL,NULL,NULL,NULL,71,15,22,1,NULL),(655,'5',NULL,NULL,NULL,NULL,72,15,22,1,NULL),(656,'2',NULL,NULL,NULL,NULL,73,15,22,1,NULL),(657,'5',NULL,NULL,NULL,NULL,74,15,22,1,NULL),(658,'5',NULL,NULL,NULL,NULL,75,15,22,1,NULL),(659,'5',NULL,NULL,NULL,NULL,76,15,22,1,NULL),(660,'5',NULL,NULL,NULL,NULL,77,15,22,1,NULL),(661,'5',NULL,NULL,NULL,NULL,78,15,22,1,NULL),(662,'5',NULL,NULL,NULL,NULL,79,15,22,1,NULL),(663,'5',NULL,NULL,NULL,NULL,80,15,22,1,NULL),(664,'5',NULL,NULL,NULL,NULL,81,15,22,1,NULL),(665,'5',NULL,NULL,NULL,NULL,82,15,22,1,NULL),(666,'100%',NULL,NULL,NULL,NULL,83,15,22,1,NULL),(667,'75 - 99%',NULL,NULL,NULL,NULL,84,15,22,1,NULL),(668,NULL,'',NULL,NULL,NULL,85,15,22,1,NULL),(669,NULL,NULL,'','','',86,15,22,1,NULL),(670,NULL,NULL,'','','',87,15,22,1,NULL),(671,NULL,NULL,'','','',88,15,22,1,NULL),(672,NULL,'',NULL,NULL,NULL,89,15,22,1,NULL),(673,'Yes',NULL,NULL,NULL,NULL,90,15,22,1,NULL),(674,'5',NULL,NULL,NULL,NULL,46,16,17,1,NULL),(675,'5',NULL,NULL,NULL,NULL,47,16,17,1,NULL),(676,'5',NULL,NULL,NULL,NULL,48,16,17,1,NULL),(677,'5',NULL,NULL,NULL,NULL,49,16,17,1,NULL),(678,'5',NULL,NULL,NULL,NULL,50,16,17,1,NULL),(679,'5',NULL,NULL,NULL,NULL,51,16,17,1,NULL),(680,'5',NULL,NULL,NULL,NULL,52,16,17,1,NULL),(681,'4',NULL,NULL,NULL,NULL,46,17,4,1,NULL),(682,'5',NULL,NULL,NULL,NULL,62,17,4,1,NULL),(683,'4',NULL,NULL,NULL,NULL,47,17,4,1,NULL),(684,'5',NULL,NULL,NULL,NULL,63,17,4,1,NULL),(685,'4',NULL,NULL,NULL,NULL,48,17,4,1,NULL),(686,'5',NULL,NULL,NULL,NULL,64,17,4,1,NULL),(687,'4',NULL,NULL,NULL,NULL,49,17,4,1,NULL),(688,'5',NULL,NULL,NULL,NULL,65,17,4,1,NULL),(689,'3',NULL,NULL,NULL,NULL,50,17,4,1,NULL),(690,'5',NULL,NULL,NULL,NULL,66,17,4,1,NULL),(691,'4',NULL,NULL,NULL,NULL,51,17,4,1,NULL),(692,'5',NULL,NULL,NULL,NULL,67,17,4,1,NULL),(693,'3',NULL,NULL,NULL,NULL,52,17,4,1,NULL),(694,'5',NULL,NULL,NULL,NULL,68,17,4,1,NULL),(695,'2',NULL,NULL,NULL,NULL,53,17,4,1,NULL),(696,'5',NULL,NULL,NULL,NULL,69,17,4,1,NULL),(697,'3',NULL,NULL,NULL,NULL,54,17,4,1,NULL),(698,'5',NULL,NULL,NULL,NULL,70,17,4,1,NULL),(699,'2',NULL,NULL,NULL,NULL,55,17,4,1,NULL),(700,'5',NULL,NULL,NULL,NULL,71,17,4,1,NULL),(701,'2',NULL,NULL,NULL,NULL,56,17,4,1,NULL),(702,'5',NULL,NULL,NULL,NULL,72,17,4,1,NULL),(703,'4',NULL,NULL,NULL,NULL,57,17,4,1,NULL),(704,'5',NULL,NULL,NULL,NULL,73,17,4,1,NULL),(705,'4',NULL,NULL,NULL,NULL,58,17,4,1,NULL),(706,'5',NULL,NULL,NULL,NULL,74,17,4,1,NULL),(707,'N/A',NULL,NULL,NULL,NULL,59,17,4,1,NULL),(708,'5',NULL,NULL,NULL,NULL,75,17,4,1,NULL),(709,'3',NULL,NULL,NULL,NULL,60,17,4,1,NULL),(710,'5',NULL,NULL,NULL,NULL,76,17,4,1,NULL),(711,'3',NULL,NULL,NULL,NULL,61,17,4,1,NULL),(712,'5',NULL,NULL,NULL,NULL,77,17,4,1,NULL),(714,'5',NULL,NULL,NULL,NULL,78,17,4,1,NULL),(716,'5',NULL,NULL,NULL,NULL,79,17,4,1,NULL),(718,'5',NULL,NULL,NULL,NULL,80,17,4,1,NULL),(720,'5',NULL,NULL,NULL,NULL,81,17,4,1,NULL),(722,'5',NULL,NULL,NULL,NULL,82,17,4,1,NULL),(724,'100%',NULL,NULL,NULL,NULL,83,17,4,1,NULL),(726,'100%',NULL,NULL,NULL,NULL,84,17,4,1,NULL),(728,NULL,'NONE',NULL,NULL,NULL,85,17,4,1,NULL),(730,NULL,NULL,'NONE','','',86,17,4,1,NULL),(732,NULL,NULL,'NONE','','',87,17,4,1,NULL),(734,NULL,NULL,'NONE','','',88,17,4,1,NULL),(736,NULL,'GREAT',NULL,NULL,NULL,89,17,4,1,NULL),(738,'Yes',NULL,NULL,NULL,NULL,90,17,4,1,NULL);
/*!40000 ALTER TABLE `evaluated_question_answer` ENABLE KEYS */;
UNLOCK TABLES;

--
-- Table structure for table `evaluation_instance`
--

DROP TABLE IF EXISTS `evaluation_instance`;
/*!40101 SET @saved_cs_client     = @@character_set_client */;
/*!40101 SET character_set_client = utf8 */;
CREATE TABLE `evaluation_instance` (
  `id` int(10) unsigned NOT NULL AUTO_INCREMENT,
  `anonymous_identity` varchar(45) NOT NULL,
  `evaluation_session` int(10) unsigned NOT NULL,
  `active` tinyint(1) DEFAULT NULL,
  `version` int(11) DEFAULT NULL,
  PRIMARY KEY (`id`),
  UNIQUE KEY `id_UNIQUE` (`id`),
  KEY `fk_evaluation_instance_evaluation_session1_idx` (`evaluation_session`),
  CONSTRAINT `fk_evaluation_instance_evaluation_session1` FOREIGN KEY (`evaluation_session`) REFERENCES `evaluation_session` (`id`) ON DELETE NO ACTION ON UPDATE NO ACTION
) ENGINE=InnoDB AUTO_INCREMENT=35 DEFAULT CHARSET=latin1;
/*!40101 SET character_set_client = @saved_cs_client */;

--
-- Dumping data for table `evaluation_instance`
--

LOCK TABLES `evaluation_instance` WRITE;
/*!40000 ALTER TABLE `evaluation_instance` DISABLE KEYS */;
INSERT INTO `evaluation_instance` VALUES (1,'7da7bb4fdc9429b881265e65fb47d61491d1e09a',2,1,NULL),(2,'cbabdd0a5679a472d60b200f6490ef15f6bec3ec',2,1,NULL),(3,'3f55fd7d3ea8dd11c51d67eb3a986ca3d9fac89b',2,1,NULL),(4,'292fae58d5b46d6b2cf8b221959d4e733720fb13',2,1,NULL),(5,'5ee6de1a7ba3b4857533d9bc0dc7914ea21685d4',2,1,NULL),(6,'c5a8ac5ac0893265d65aa2f75d5982275d75d647',2,1,NULL),(7,'0ea85b66d9f619f9f390dee968d98af2f9be4a53',2,1,NULL),(8,'75dfa0e78f7bc4720ecb5a75ebed8c8ed5e5449f',2,1,NULL),(9,'485803f7c2784056cc596f825591ef407482c6b3',2,1,NULL),(10,'3e26b4fa446a6d8d28792a8352bd530f378fe233',2,1,NULL),(11,'668eb3c397a08af3c53cd9439bae53683c13be0d',2,1,NULL),(12,'2fd90f02ed2dd7ae9fdd4b9641d7a219f0aa27c0',2,1,NULL),(13,'d9e1b04966e40f83ded1d32f6b410a601828ccdd',2,1,NULL),(14,'6a71aea717024b6c4cc587aab66a72d85b61595c',2,1,NULL),(15,'994abc7b0de46d619a7812c0de112c25cce18bbe',2,1,NULL),(16,'a0879185c8b2bf9eab2bfd6b78e904e4d27b3617',2,1,NULL),(17,'8a141b0b36eaabc58edd155da79ce1ef681b6b55',2,1,NULL),(18,'6d9e49fd0b94fd271dcf494dae27632a9c751009',2,1,NULL),(19,'0b57fcfe37c5b782484d352d38a59a89b26dd521',2,1,NULL),(20,'0bdeb05427c07f03253c9da3ec313ed94b538f58',2,1,NULL),(21,'ac067224c00ec07ce3c10c6d2390e2f762bd9b36',2,1,NULL),(22,'be31e36546d4dabf4c2469be26b8c269099a8cee',2,1,NULL),(23,'90d4cf406d9916379deb8e74c186f188ac77fa11',2,1,NULL),(24,'2c588b5cb63ba585008365361dbe9591517e2e57',2,1,NULL),(25,'07fe92a83307ee921f3dca51e790da850c059eb5',2,1,NULL),(26,'5218557789c2697398c8533b62007007ffde0f92',2,1,NULL),(27,'28d0794114e2cc0e23725a0f0a967a2bc9367357',2,1,NULL),(28,'666a46446093855d58d1671852c3aee5ae6f4a8c',2,1,NULL),(29,'0c017372a816d236061451484d8bfd09dcda2b3d',2,1,NULL),(30,'9f5014d5932c097c9c3de97964ff5a1b0b295013',2,1,NULL),(31,'35a1e06cf250f42c844296ae97e446bfb9ca191f',2,1,NULL),(32,'6f27eb67e425cc8eba9ab014eca5b4cc1c59baa2',2,1,NULL),(33,'013dcc0a964350db0b2cb456ad0eaf6ac2edc7b7',2,1,NULL),(34,'d1f95902bd86819c781a7a57eee219e482cb629e',2,1,NULL);
/*!40000 ALTER TABLE `evaluation_instance` ENABLE KEYS */;
UNLOCK TABLES;

--
-- Table structure for table `evaluation_session`
--

DROP TABLE IF EXISTS `evaluation_session`;
/*!40101 SET @saved_cs_client     = @@character_set_client */;
/*!40101 SET character_set_client = utf8 */;
CREATE TABLE `evaluation_session` (
  `id` int(10) unsigned NOT NULL AUTO_INCREMENT,
  `start_date` date DEFAULT NULL,
  `end_date` date DEFAULT NULL,
  `academic_year` varchar(45) DEFAULT NULL,
  `semester` varchar(45) DEFAULT NULL,
  `admission_year` date NOT NULL,
  `degree` int(10) unsigned NOT NULL,
  `active` tinyint(1) DEFAULT NULL,
  `version` int(11) DEFAULT NULL,
  PRIMARY KEY (`id`),
  UNIQUE KEY `id_UNIQUE` (`id`),
  KEY `fk_evaluation_session_degree2_idx` (`degree`),
  CONSTRAINT `fk_evaluation_session_degree2` FOREIGN KEY (`degree`) REFERENCES `degree` (`id`) ON DELETE NO ACTION ON UPDATE NO ACTION
) ENGINE=InnoDB AUTO_INCREMENT=3 DEFAULT CHARSET=latin1;
/*!40101 SET character_set_client = @saved_cs_client */;

--
-- Dumping data for table `evaluation_session`
--

LOCK TABLES `evaluation_session` WRITE;
/*!40000 ALTER TABLE `evaluation_session` DISABLE KEYS */;
INSERT INTO `evaluation_session` VALUES (1,'2015-11-24','2015-11-25','2015/2016','2(Sep to Dec) 2015','2015-11-01',1,0,NULL),(2,'2015-11-27','2015-12-04','2015/2016','1 (Sept to Dec) 2015','2015-09-01',1,0,NULL);
/*!40000 ALTER TABLE `evaluation_session` ENABLE KEYS */;
UNLOCK TABLES;

--
-- Table structure for table `faculty`
--

DROP TABLE IF EXISTS `faculty`;
/*!40101 SET @saved_cs_client     = @@character_set_client */;
/*!40101 SET character_set_client = utf8 */;
CREATE TABLE `faculty` (
  `id` int(10) unsigned NOT NULL AUTO_INCREMENT,
  `name` varchar(300) NOT NULL,
  `abbreviation` varchar(20) NOT NULL,
  `college` int(10) unsigned NOT NULL,
  `contact` int(10) unsigned NOT NULL,
  `active` tinyint(1) DEFAULT NULL,
  `version` int(11) DEFAULT NULL,
  PRIMARY KEY (`id`),
  UNIQUE KEY `id_UNIQUE` (`id`),
  UNIQUE KEY `name_UNIQUE` (`name`),
  UNIQUE KEY `abbreviation_UNIQUE` (`abbreviation`),
  KEY `fk_school_college1_idx` (`college`),
  KEY `fk_school_contact1_idx` (`contact`),
  CONSTRAINT `fk_school_college1` FOREIGN KEY (`college`) REFERENCES `college` (`id`) ON DELETE NO ACTION ON UPDATE NO ACTION,
  CONSTRAINT `fk_school_contact1` FOREIGN KEY (`contact`) REFERENCES `contact` (`id`) ON DELETE NO ACTION ON UPDATE NO ACTION
) ENGINE=InnoDB AUTO_INCREMENT=40 DEFAULT CHARSET=latin1;
/*!40101 SET character_set_client = @saved_cs_client */;

--
-- Dumping data for table `faculty`
--

LOCK TABLES `faculty` WRITE;
/*!40000 ALTER TABLE `faculty` DISABLE KEYS */;
INSERT INTO `faculty` VALUES (1,'Faculty of Agriculture ','FA',1,176,1,NULL),(2,'The Wangari Maathai Institute for Peace and Environmental Studies','WMIPES',1,177,1,NULL),(3,'Veterinary Medicine','VM',1,178,1,NULL),(4,'Centre For Biotechnology and Bioinformatics','CEBIB',2,192,1,NULL),(5,'Institute for Climate Change and Adaptation','ICCA',2,193,1,NULL),(6,'School of Physical Sciences','SPS',2,194,1,NULL),(7,'School of Biological Sciences','SBS',2,195,1,NULL),(8,'School of Computing and Informatics','SCI',2,196,1,NULL),(9,'School of Mathematics','SOM',2,197,1,NULL),(10,'Arts and Design ','AD',3,202,1,NULL),(11,'Engineering','E',3,203,1,NULL),(12,'Nuclear Science and Technology','NST',3,204,1,NULL),(13,'The Built Environment','BE',3,205,1,NULL),(14,'Center of Open and Distance Learning','CODL',4,214,1,NULL),(15,'Kenya Science Campus','KSC',4,215,1,NULL),(16,'School of Continuing and Distance Education ','SCDE',4,216,1,NULL),(17,'School of Education','SE',4,217,1,NULL),(18,'Centre for Hiv Prevention And Research','CHPR',5,225,1,NULL),(19,'Dental Sciences','DS',5,226,1,NULL),(20,'Institute of Tropical and Infectious Diseases','ITID',5,227,1,NULL),(21,'Medicine','M',5,228,1,NULL),(22,'Nursing','N',5,229,1,NULL),(23,'Pharmacy','P',5,230,1,NULL),(24,'Public Health','PH',5,231,1,NULL),(25,'College of Health Sciences Library','CHSL',5,232,1,NULL),(26,'African Women\'s Studies Centre','AWSC',6,253,1,NULL),(27,'African Studies','AS',6,254,1,NULL),(28,'Arts','A',6,255,1,NULL),(29,'Business','B',6,256,1,NULL),(30,'Centre for Advanced Studies in Environmental Law and Policy ','CASELAP',6,257,1,NULL),(31,'Diplomacy and International Studies','DIS',6,258,1,NULL),(33,'Institute For Development Studies','IDS',6,260,1,NULL),(34,'Journalism','J',6,261,1,NULL),(35,'Kisumu Campus','KC',6,262,1,NULL),(36,'Law','L',6,263,1,NULL),(37,'Mombasa Campus','MC',6,264,1,NULL),(38,'Population Studies and Research Institute','PSRI',6,265,1,NULL),(39,'Centre for Translation and Interpretation','CTI',6,266,1,NULL);
/*!40000 ALTER TABLE `faculty` ENABLE KEYS */;
UNLOCK TABLES;

--
-- Table structure for table `faculty_member`
--

DROP TABLE IF EXISTS `faculty_member`;
/*!40101 SET @saved_cs_client     = @@character_set_client */;
/*!40101 SET character_set_client = utf8 */;
CREATE TABLE `faculty_member` (
  `id` int(10) unsigned NOT NULL AUTO_INCREMENT,
  `person` int(10) unsigned NOT NULL,
  `faculty` int(10) unsigned DEFAULT NULL,
  `department` int(10) unsigned DEFAULT NULL,
  `admission_year` date DEFAULT NULL,
  `faculty_member_role` smallint(3) unsigned NOT NULL,
  `active` tinyint(1) DEFAULT NULL,
  `version` int(11) DEFAULT NULL,
  PRIMARY KEY (`id`),
  UNIQUE KEY `id_UNIQUE` (`id`),
  KEY `fk_person_has_school_person1_idx` (`person`),
  KEY `fk_school_member_role1_idx` (`faculty_member_role`),
  KEY `fk_faculty_member_faculty1_idx` (`faculty`),
  KEY `fk_faculty_member_department1_idx` (`department`),
  CONSTRAINT `fk_faculty_member_department1` FOREIGN KEY (`department`) REFERENCES `department` (`id`) ON DELETE NO ACTION ON UPDATE NO ACTION,
  CONSTRAINT `fk_faculty_member_faculty1` FOREIGN KEY (`faculty`) REFERENCES `faculty` (`id`) ON DELETE NO ACTION ON UPDATE NO ACTION,
  CONSTRAINT `fk_person_has_school_person1` FOREIGN KEY (`person`) REFERENCES `person` (`id`) ON DELETE NO ACTION ON UPDATE NO ACTION,
  CONSTRAINT `fk_school_member_role1` FOREIGN KEY (`faculty_member_role`) REFERENCES `faculty_member_role` (`id`) ON DELETE NO ACTION ON UPDATE NO ACTION
) ENGINE=InnoDB AUTO_INCREMENT=169 DEFAULT CHARSET=latin1;
/*!40101 SET character_set_client = @saved_cs_client */;

--
-- Dumping data for table `faculty_member`
--

LOCK TABLES `faculty_member` WRITE;
/*!40000 ALTER TABLE `faculty_member` DISABLE KEYS */;
INSERT INTO `faculty_member` VALUES (1,1,8,NULL,'2015-09-01',3,1,NULL),(2,2,8,NULL,'2015-09-01',3,1,NULL),(3,3,8,NULL,'2015-09-01',3,1,NULL),(4,4,8,NULL,'2015-09-01',3,1,NULL),(5,5,8,NULL,'2015-09-01',3,1,NULL),(6,6,8,NULL,'2015-09-01',3,1,NULL),(7,7,8,NULL,'2015-09-01',3,1,NULL),(8,8,8,NULL,'2015-09-01',3,1,NULL),(9,9,8,NULL,'2015-09-01',3,1,NULL),(10,10,8,NULL,'2015-09-01',3,1,NULL),(11,11,8,NULL,'2015-09-01',3,1,NULL),(12,12,8,NULL,'2015-09-01',3,1,NULL),(13,13,8,NULL,'2015-09-01',3,1,NULL),(14,14,4,NULL,'2015-09-01',3,1,NULL),(15,15,8,NULL,'2015-09-01',3,1,NULL),(16,16,8,NULL,'2015-09-01',3,1,NULL),(17,17,8,NULL,'2015-09-01',3,1,NULL),(18,18,8,NULL,'2015-09-01',3,1,NULL),(19,19,8,NULL,'2015-09-01',3,1,NULL),(20,20,8,NULL,'2015-09-01',3,1,NULL),(21,21,8,NULL,'2015-09-01',3,1,NULL),(22,22,8,NULL,'2015-09-01',3,1,NULL),(23,23,8,NULL,'2015-09-01',3,1,NULL),(24,24,8,NULL,'2015-09-01',3,1,NULL),(25,25,8,NULL,'2015-09-01',3,1,NULL),(26,26,8,NULL,'2015-09-01',3,1,NULL),(27,27,8,NULL,'2015-09-01',3,1,NULL),(28,28,8,NULL,'2015-09-01',3,1,NULL),(29,29,8,NULL,'2015-09-01',3,1,NULL),(30,30,8,NULL,'2015-09-01',3,1,NULL),(31,31,8,NULL,'2015-09-01',3,1,NULL),(32,32,8,NULL,'2015-09-01',3,1,NULL),(33,33,8,NULL,'2015-09-01',3,1,NULL),(34,34,8,NULL,'2015-09-01',3,1,NULL),(35,35,8,NULL,'2015-09-01',3,1,NULL),(36,36,8,NULL,'2015-09-01',3,1,NULL),(37,37,8,NULL,'2015-09-01',3,1,NULL),(38,38,8,NULL,'2015-09-01',3,1,NULL),(39,39,8,NULL,'2015-09-01',3,1,NULL),(40,40,8,NULL,'2015-09-01',3,1,NULL),(41,41,8,NULL,'2015-09-01',3,1,NULL),(42,42,8,NULL,'2015-09-01',3,1,NULL),(43,43,8,NULL,'2015-09-01',3,1,NULL),(44,44,8,NULL,'2015-09-01',3,1,NULL),(45,45,8,NULL,'2015-09-01',3,1,NULL),(46,46,8,NULL,'2015-09-01',3,1,NULL),(47,47,8,NULL,'2015-09-01',3,1,NULL),(48,48,8,NULL,'2015-09-01',3,1,NULL),(49,49,8,NULL,'2015-09-01',3,1,NULL),(50,50,8,NULL,'2015-09-01',3,1,NULL),(51,51,8,NULL,'2015-09-01',3,1,NULL),(52,52,8,NULL,'2015-09-01',3,1,NULL),(53,53,8,NULL,'2015-09-01',3,1,NULL),(54,54,8,NULL,'2015-09-01',3,1,NULL),(55,55,8,NULL,'2015-09-01',3,1,NULL),(56,56,8,NULL,'2015-09-01',3,1,NULL),(57,57,8,NULL,'2015-09-01',3,1,NULL),(58,58,8,NULL,'2015-09-01',3,1,NULL),(59,59,8,NULL,'2015-09-01',3,1,NULL),(60,60,8,NULL,'2015-09-01',3,1,NULL),(61,61,8,NULL,'2015-09-01',3,1,NULL),(62,62,8,NULL,'2015-09-01',3,1,NULL),(63,63,8,NULL,'2015-09-01',3,1,NULL),(64,64,8,NULL,'2015-09-01',3,1,NULL),(65,65,8,NULL,'2015-09-01',3,1,NULL),(66,66,8,NULL,'2015-09-01',3,1,NULL),(67,67,8,NULL,'2015-09-01',3,1,NULL),(68,68,8,NULL,'2015-09-01',3,1,NULL),(69,69,8,NULL,'2015-09-01',3,1,NULL),(70,70,8,NULL,'2015-09-01',3,1,NULL),(71,71,8,NULL,'2015-09-01',3,1,NULL),(72,72,8,NULL,'2015-09-01',3,1,NULL),(73,73,8,NULL,'2015-09-01',3,1,NULL),(74,74,8,NULL,'2015-09-01',3,1,NULL),(75,75,8,NULL,'2015-09-01',3,1,NULL),(76,76,8,NULL,'2015-09-01',3,1,NULL),(77,77,8,NULL,'2015-09-01',3,1,NULL),(78,78,8,NULL,'2015-09-01',3,1,NULL),(79,79,8,NULL,'2015-09-01',3,1,NULL),(80,80,8,NULL,'2015-09-01',3,1,NULL),(81,81,8,NULL,'2015-09-01',3,1,NULL),(82,82,8,NULL,'2015-09-01',3,1,NULL),(83,83,8,NULL,'2015-09-01',3,1,NULL),(84,84,8,NULL,'2015-09-01',3,1,NULL),(85,85,8,NULL,'2015-09-01',3,1,NULL),(86,86,8,NULL,'2015-09-01',3,1,NULL),(87,87,8,NULL,'2015-09-01',3,1,NULL),(88,88,8,NULL,'2015-09-01',3,1,NULL),(89,89,8,NULL,'2015-09-01',3,1,NULL),(90,90,8,NULL,'2015-09-01',3,1,NULL),(91,91,8,NULL,'2015-09-01',3,1,NULL),(92,92,8,NULL,'2015-09-01',3,1,NULL),(93,93,8,NULL,'2015-09-01',3,1,NULL),(94,94,8,NULL,'2015-09-01',3,1,NULL),(95,95,8,NULL,'2015-09-01',3,1,NULL),(96,96,8,NULL,'2015-09-01',3,1,NULL),(97,97,8,NULL,'2015-09-01',3,1,NULL),(98,98,8,NULL,'2015-09-01',3,1,NULL),(99,99,8,NULL,'2015-09-01',3,1,NULL),(100,100,8,NULL,'2015-09-01',3,1,NULL),(101,101,8,NULL,'2015-09-01',3,1,NULL),(102,102,8,NULL,'2015-09-01',3,1,NULL),(103,103,8,NULL,'2015-09-01',3,1,NULL),(104,104,8,NULL,'2015-09-01',3,1,NULL),(105,105,8,NULL,'2015-09-01',3,1,NULL),(106,106,8,NULL,'2015-09-01',3,1,NULL),(107,107,8,NULL,'2015-09-01',3,1,NULL),(108,108,8,NULL,'2015-09-01',3,1,NULL),(109,109,8,NULL,'2015-09-01',3,1,NULL),(110,110,8,NULL,'2015-09-01',3,1,NULL),(111,111,8,NULL,'2015-09-01',3,1,NULL),(112,112,8,NULL,'2015-09-01',3,1,NULL),(113,113,8,NULL,'2015-09-01',3,1,NULL),(114,114,8,NULL,'2015-09-01',3,1,NULL),(115,115,8,NULL,'2015-09-01',3,1,NULL),(116,116,8,NULL,'2015-09-01',3,1,NULL),(117,117,8,NULL,'2015-09-01',3,1,NULL),(118,118,8,NULL,'2015-09-01',3,1,NULL),(119,119,8,NULL,'2015-09-01',3,1,NULL),(120,120,8,NULL,'2015-09-01',3,1,NULL),(121,121,8,NULL,'2015-09-01',3,1,NULL),(122,122,8,NULL,'2015-09-01',3,1,NULL),(123,123,8,NULL,'2015-09-01',3,1,NULL),(124,124,4,NULL,'2015-09-01',3,1,NULL),(125,125,8,NULL,'2015-09-01',3,1,NULL),(126,126,8,NULL,'2015-09-01',3,1,NULL),(127,127,8,NULL,'2015-09-01',3,1,NULL),(128,128,8,NULL,'2015-09-01',3,1,NULL),(129,129,8,NULL,'2015-09-01',3,1,NULL),(130,130,8,NULL,'2015-09-01',3,1,NULL),(131,131,8,NULL,'2015-09-01',3,1,NULL),(132,132,8,NULL,'2015-09-01',3,1,NULL),(133,133,8,NULL,'2015-09-01',3,1,NULL),(134,134,8,NULL,'2015-09-01',3,1,NULL),(135,135,8,NULL,'2015-09-01',3,1,NULL),(136,136,8,NULL,'2015-09-01',3,1,NULL),(137,137,8,NULL,'2015-09-01',3,1,NULL),(138,138,8,NULL,'2015-09-01',3,1,NULL),(139,139,8,NULL,'2015-09-01',3,1,NULL),(140,140,8,NULL,'2015-09-01',3,1,NULL),(141,141,8,NULL,'2015-09-01',3,1,NULL),(142,142,8,NULL,'2015-09-01',3,1,NULL),(143,143,8,NULL,'2015-09-01',3,1,NULL),(144,144,8,NULL,'2015-09-01',3,1,NULL),(145,145,8,NULL,'2015-09-01',3,1,NULL),(146,146,8,NULL,'2015-09-01',3,1,NULL),(147,147,8,NULL,'2015-09-01',3,1,NULL),(148,148,8,NULL,'2015-09-01',3,1,NULL),(149,149,8,NULL,'2015-09-01',3,1,NULL),(150,150,8,NULL,'2015-09-01',3,1,NULL),(151,151,8,NULL,'2015-09-01',2,1,NULL),(152,152,8,NULL,NULL,2,1,NULL),(153,153,8,NULL,'2015-09-01',2,1,NULL),(154,154,8,NULL,'2015-09-01',2,1,NULL),(155,155,8,NULL,NULL,2,1,NULL),(157,646,8,NULL,'2016-05-01',3,1,NULL),(158,649,8,NULL,NULL,1,1,NULL),(159,645,8,NULL,'2016-05-01',1,1,NULL),(160,647,8,NULL,'2016-05-01',3,1,NULL),(161,648,8,NULL,'2016-05-01',3,1,NULL),(162,156,8,NULL,NULL,1,1,NULL),(163,644,8,NULL,NULL,1,1,NULL),(164,650,4,NULL,NULL,4,1,NULL),(165,651,8,NULL,NULL,4,1,NULL),(166,652,8,NULL,NULL,4,1,NULL),(167,653,8,NULL,NULL,4,1,NULL),(168,654,8,NULL,NULL,1,1,NULL);
/*!40000 ALTER TABLE `faculty_member` ENABLE KEYS */;
UNLOCK TABLES;

--
-- Table structure for table `faculty_member_role`
--

DROP TABLE IF EXISTS `faculty_member_role`;
/*!40101 SET @saved_cs_client     = @@character_set_client */;
/*!40101 SET character_set_client = utf8 */;
CREATE TABLE `faculty_member_role` (
  `id` smallint(3) unsigned NOT NULL AUTO_INCREMENT,
  `faculty_member_role` varchar(20) NOT NULL,
  `active` tinyint(1) DEFAULT NULL,
  `version` int(11) DEFAULT NULL,
  PRIMARY KEY (`id`),
  UNIQUE KEY `idrole_UNIQUE` (`id`),
  UNIQUE KEY `role_UNIQUE` (`faculty_member_role`)
) ENGINE=InnoDB AUTO_INCREMENT=5 DEFAULT CHARSET=latin1;
/*!40101 SET character_set_client = @saved_cs_client */;

--
-- Dumping data for table `faculty_member_role`
--

LOCK TABLES `faculty_member_role` WRITE;
/*!40000 ALTER TABLE `faculty_member_role` DISABLE KEYS */;
INSERT INTO `faculty_member_role` VALUES (1,'Management',NULL,NULL),(2,'Lecturer',NULL,NULL),(3,'Student',NULL,NULL),(4,'Other staff',NULL,NULL);
/*!40000 ALTER TABLE `faculty_member_role` ENABLE KEYS */;
UNLOCK TABLES;

--
-- Table structure for table `institution`
--

DROP TABLE IF EXISTS `institution`;
/*!40101 SET @saved_cs_client     = @@character_set_client */;
/*!40101 SET character_set_client = utf8 */;
CREATE TABLE `institution` (
  `id` int(10) unsigned NOT NULL AUTO_INCREMENT,
  `name` varchar(60) NOT NULL,
  `abbreviation` varchar(20) NOT NULL,
  `active` tinyint(1) DEFAULT NULL,
  `version` int(11) DEFAULT NULL,
  `country` int(10) unsigned NOT NULL,
  PRIMARY KEY (`id`),
  UNIQUE KEY `id_UNIQUE` (`id`),
  UNIQUE KEY `name_UNIQUE` (`name`),
  KEY `fk_institution_country2_idx` (`country`),
  CONSTRAINT `fk_institution_country2` FOREIGN KEY (`country`) REFERENCES `country` (`id`) ON DELETE NO ACTION ON UPDATE NO ACTION
) ENGINE=InnoDB AUTO_INCREMENT=2 DEFAULT CHARSET=latin1;
/*!40101 SET character_set_client = @saved_cs_client */;

--
-- Dumping data for table `institution`
--

LOCK TABLES `institution` WRITE;
/*!40000 ALTER TABLE `institution` DISABLE KEYS */;
INSERT INTO `institution` VALUES (1,'University of Nairobi','UON',1,NULL,110);
/*!40000 ALTER TABLE `institution` ENABLE KEYS */;
UNLOCK TABLES;

--
-- Table structure for table `means_of_answering`
--

DROP TABLE IF EXISTS `means_of_answering`;
/*!40101 SET @saved_cs_client     = @@character_set_client */;
/*!40101 SET character_set_client = utf8 */;
CREATE TABLE `means_of_answering` (
  `id` smallint(3) unsigned NOT NULL AUTO_INCREMENT,
  `means_of_answering` varchar(60) NOT NULL,
  `active` tinyint(1) DEFAULT NULL,
  `version` int(11) DEFAULT NULL,
  PRIMARY KEY (`id`),
  UNIQUE KEY `id_UNIQUE` (`id`),
  UNIQUE KEY `means_of_answering_UNIQUE` (`means_of_answering`)
) ENGINE=InnoDB AUTO_INCREMENT=4 DEFAULT CHARSET=latin1;
/*!40101 SET character_set_client = @saved_cs_client */;

--
-- Dumping data for table `means_of_answering`
--

LOCK TABLES `means_of_answering` WRITE;
/*!40000 ALTER TABLE `means_of_answering` DISABLE KEYS */;
INSERT INTO `means_of_answering` VALUES (1,'By rating',NULL,NULL),(2,'By reasoning',NULL,NULL),(3,'By listing comments',NULL,NULL);
/*!40000 ALTER TABLE `means_of_answering` ENABLE KEYS */;
UNLOCK TABLES;

--
-- Table structure for table `overall_admin`
--

DROP TABLE IF EXISTS `overall_admin`;
/*!40101 SET @saved_cs_client     = @@character_set_client */;
/*!40101 SET character_set_client = utf8 */;
CREATE TABLE `overall_admin` (
  `id` int(10) unsigned NOT NULL AUTO_INCREMENT,
  `username` varchar(45) NOT NULL,
  `password` varchar(150) DEFAULT NULL,
  `active` tinyint(1) DEFAULT NULL,
  `version` int(11) DEFAULT NULL,
  PRIMARY KEY (`id`),
  UNIQUE KEY `id_UNIQUE` (`id`),
  UNIQUE KEY `username_UNIQUE` (`username`)
) ENGINE=InnoDB AUTO_INCREMENT=2 DEFAULT CHARSET=latin1;
/*!40101 SET character_set_client = @saved_cs_client */;

--
-- Dumping data for table `overall_admin`
--

LOCK TABLES `overall_admin` WRITE;
/*!40000 ALTER TABLE `overall_admin` DISABLE KEYS */;
INSERT INTO `overall_admin` VALUES (1,'admin','fee308fedf9cb67042192a7d59805a50c4605983127bcf90270aa5d649137efe',1,NULL);
/*!40000 ALTER TABLE `overall_admin` ENABLE KEYS */;
UNLOCK TABLES;

--
-- Table structure for table `person`
--

DROP TABLE IF EXISTS `person`;
/*!40101 SET @saved_cs_client     = @@character_set_client */;
/*!40101 SET character_set_client = utf8 */;
CREATE TABLE `person` (
  `id` int(10) unsigned NOT NULL AUTO_INCREMENT,
  `first_name` varchar(20) NOT NULL,
  `last_name` varchar(20) NOT NULL,
  `contact` int(10) unsigned NOT NULL,
  `reference_number` varchar(20) NOT NULL,
  `national_id_or_passport` varchar(20) NOT NULL,
  `active` tinyint(1) DEFAULT NULL,
  `version` int(11) DEFAULT NULL,
  PRIMARY KEY (`id`),
  UNIQUE KEY `id_UNIQUE` (`id`),
  UNIQUE KEY `reference_number_UNIQUE` (`reference_number`),
  UNIQUE KEY `national_id_UNIQUE` (`national_id_or_passport`),
  KEY `fk_person_contact1_idx` (`contact`),
  CONSTRAINT `fk_person_contact1` FOREIGN KEY (`contact`) REFERENCES `contact` (`id`) ON DELETE NO ACTION ON UPDATE NO ACTION
) ENGINE=InnoDB AUTO_INCREMENT=655 DEFAULT CHARSET=latin1;
/*!40101 SET character_set_client = @saved_cs_client */;

--
-- Dumping data for table `person`
--

LOCK TABLES `person` WRITE;
/*!40000 ALTER TABLE `person` DISABLE KEYS */;
INSERT INTO `person` VALUES (1,'ABDALLA','MOHAMED',290,'P15/36965/2016','P15/36965/2016',1,NULL),(2,'ABDALLA','NAWAAL KASSIM',291,'P15/1703/2016','P15/1703/2016',1,NULL),(3,'ABDUBA','GUYO MOHAMED',292,'P15/1699/2016','P15/1699/2016',1,NULL),(4,'ADAN','MOHAMED NAJIB',293,'P15/34475/2014','P15/34475/2014',1,NULL),(5,'ADEMBA','AQUINOUS RABONGO',294,'P15/2753/2016','P15/2753/2016',1,NULL),(6,'AGGREY','TEVIN  LITUNDA',295,'P15/36478/2016','P15/36478/2016',1,NULL),(7,'AGIN','ELVIS',296,'P15/1726/2016','P15/1726/2016',1,NULL),(8,'AKIVAYA','KEVIN ESENDI',297,'P15/36780/2016','P15/36780/2016',1,NULL),(9,'AMBANI','PAULSTERN MADEGWA',298,'P15/1721/2016','33436099',1,NULL),(10,'AMOKE','WYCLIFFE OCHIENG\'',299,'P15/1728/2016','P15/1728/2016',1,NULL),(11,'FAY','ADHIAMBO FAY',300,'P15/4630/2015','P15/4630/2015',1,NULL),(12,'BARAK','ACHILLAH',301,'P15/1709/2016','P15/1709/2016',1,NULL),(13,'BARMIN','OGICHOWA BENEDICT',302,'P15/31737/2015','P15/31737/2015',1,NULL),(14,'BARUA','EMUSUGUT ALLAN',303,'P15/1719/2016','33399986',1,NULL),(15,'BETT','KIPLIMO TONNY',304,'P15/1716/2016','P15/1716/2016',1,NULL),(16,'BHUNDIA','NAVIK JAYANT',305,'P15/33494/2015','P15/33494/2015',1,NULL),(17,'BOIT','MICHAEL KIPKOSGEI',306,'P15/37529/2016','P15/37529/2016',1,NULL),(18,'BORUS','NORAH CHELAGAT',307,'P15/2559/2015','P15/2559/2015',1,NULL),(19,'CATHERINE','WAIGWE',308,'P15/1689/2016','P15/1689/2016',1,NULL),(20,'CHUMBA','TREVOR  KIPROP',309,'P15/36376/2016','P15/36376/2016',1,NULL),(21,'DAMJI','KODI EVANS',310,'P15/35947/2015','P15/35947/2015',1,NULL),(22,'GACENGA','HOSEA CIUTI',311,'P15/1706/2016','P15/1706/2016',1,NULL),(23,'GACHOKA','MARVIN',312,'P15/32156/2015','P15/32156/2015',1,NULL),(24,'GAGI','DENIS ANDREW',313,'P15/1713/2016','P15/1713/2016',1,NULL),(25,'GAKENGE','BENSON MUGO',314,'P15/36158/2015','P15/36158/2015',1,NULL),(26,'GICHUKI','EVANS WAHOME',315,'P15/36969/2016','P15/36969/2016',1,NULL),(27,'GITAHI','JUDY ANN WANJIKU',316,'P15/1698/2016','P15/1698/2016',1,NULL),(28,'GITAU','SAMUEL NJOROGE',317,'P15/1696/2016','P15/1696/2016',1,NULL),(29,'IBRAHIM','ALI  ABDI',318,'P15/37272/2016','P15/37272/2016',1,NULL),(30,'IBRAHIM','ANAS  MOHAMED',319,'P15/36268/2016','P15/36268/2016',1,NULL),(31,'ININDA','LAURENCE BUGASU',320,'P15/1708/2016','P15/1708/2016',1,NULL),(32,'IRUNGU','MARTIN MURIUKI',321,'P15/36341/2015','P15/36341/2015',1,NULL),(33,'JACKSON','ERICK NZUKI',322,'P15/37046/2016','P15/37046/2016',1,NULL),(34,'JAMA','WARSAME MOHAMUD',323,'P15/37269/2016','P15/37269/2016',1,NULL),(35,'JEFWA','KELVIN MUKARE',324,'P15/37344/2016','P15/37344/2016',1,NULL),(36,'JUMA','EDGAR ONYANGO',325,'P15/36117/2015','P15/36117/2015',1,NULL),(37,'KAHIHU','KELVIN GITOGO',326,'P15/30653/2015','P15/30653/2015',1,NULL),(38,'KAHIN','KHALIF MOHAMED',327,'P15/37254/2016','P15/37254/2016',1,NULL),(39,'KAHURANI','PETER KIBICHA',328,'P15/36102/2015','P15/36102/2015',1,NULL),(40,'KAJIRU','ABUBAKAR MOHAMED',329,'P15/37738/2016','P15/37738/2016',1,NULL),(41,'KAMADI','EUGENE SAMBULA',330,'P15/31916/2015','P15/31916/2015',1,NULL),(42,'KAMAMI','MOSES WAMAE',331,'P15/37641/2016','P15/37641/2016',1,NULL),(43,'KAMAU','BRIAN MUKUHI',332,'P15/36237/2016','P15/36237/2016',1,NULL),(44,'KARIMI','VINCENT KARANI',333,'P15/36507/2016','P15/36507/2016',1,NULL),(45,'KARIUKI','MARK MUIGAI',334,'P15/35753/2015','P15/35753/2015',1,NULL),(46,'KARIUKI','WAIRIMU SALOME',335,'P15/1690/2016','P15/1690/2016',1,NULL),(47,'KASYOKI','VICTOR',336,'P15/37231/2016','P15/37231/2016',1,NULL),(48,'KERING','JOAN JEPKOGEI',337,'P15/36897/2016','P15/36897/2016',1,NULL),(49,'KIBET','MICHAEL BRIAN',338,'P15/36901/2016','P15/36901/2016',1,NULL),(50,'KING\'ORIAH','MICHAEL MUTUMA',339,'P15/35462/2015','P15/35462/2015',1,NULL),(51,'KIPKEMEI','KEVIN',340,'P15/1711/2016','P15/1711/2016',1,NULL),(52,'KIPKORIR','ADRIAN ABRAHAM K',341,'P15/1715/2016','P15/1715/2016',1,NULL),(53,'KIRUJA','IAN GITONGA',342,'P15/36157/2015','P15/36157/2015',1,NULL),(54,'KIUTE','JACK MWAKAI',343,'P15/36569/2016','P15/36569/2016',1,NULL),(55,'KURIA','MARK KARUKU',344,'P15/37364/2016','P15/37364/2016',1,NULL),(56,'KURIA','MICHAEL WAMATHAI',345,'P15/34677/2014','P15/34677/2014',1,NULL),(57,'KWAMBAI','CHEPKOGEI MERCY',346,'P15/1718/2016','P15/1718/2016',1,NULL),(58,'KYALO','KELVIN MUINDI',347,'P15/37561/2016','P15/37561/2016',1,NULL),(59,'KYANDE','MICHAEL JOHN',348,'P15/34906/2014','P15/34906/2014',1,NULL),(60,'LANGAT','CALVIN KIPTOO',349,'P15/36089/2015','P15/36089/2015',1,NULL),(61,'LANGAT','DANIEL KIPYEGON',350,'P15/1714/2016','P15/1714/2016',1,NULL),(62,'LANGAT','VICTOR KIPRONO',351,'P15/1841/2016','P15/1841/2016',1,NULL),(63,'LIKONO','IAN',352,'P15/1717/2016','P15/1717/2016',1,NULL),(64,'LUCY','NJOKI',353,'P15/1694/2016','P15/1694/2016',1,NULL),(65,'LUPAO','WANJALA CLIVE',354,'P15/1701/2016','P15/1701/2016',1,NULL),(66,'LUTTA','ELVIS EMMANUEL',355,'P15/35805/2013','P15/35805/2013',1,NULL),(67,'MACHARIA','SANTANA NJOKI',356,'P15/1693/2016','P15/1693/2016',1,NULL),(68,'MACHOKA','TOM FRANK',357,'P15/31178/2015','P15/31178/2015',1,NULL),(69,'MAGETO','ALLAN BIKUNDO',358,'P15/35160/2014','P15/35160/2014',1,NULL),(70,'MAINA','KELVIN MWANGI',359,'P15/36503/2016','P15/36503/2016',1,NULL),(71,'MAKORI','BAHATI AGATA',360,'P15/1702/2016','P15/1702/2016',1,NULL),(72,'MALEYA','CLARKSTIN JUMBA',361,'P15/36168/2015','P15/36168/2015',1,NULL),(73,'MALING\'A','ERICK MUIGEI',362,'P15/36132/2015','P15/36132/2015',1,NULL),(74,'MAROSI','GREGORY JOSEPH OKARI',363,'P15/35834/2015','P15/35834/2015',1,NULL),(75,'MATHU','SHARON WANJIRU',364,'P15/36812/2016','P15/36812/2016',1,NULL),(76,'MBAKA','ABNER OISEBE',365,'P15/30459/2015','P15/30459/2015',1,NULL),(77,'MBARI','JOHN WAMBUGU',366,'P15/35101/2015','P15/35101/2015',1,NULL),(78,'MBUGUA','JUSTUS NJURU',367,'P15/33977/2014','P15/33977/2014',1,NULL),(79,'MBUGUA','PHILIP NDUNGU',368,'P15/37874/2016','P15/37874/2016',1,NULL),(80,'MBUI','TEDDY KAMAU',369,'P15/36234/2016','P15/36234/2016',1,NULL),(81,'MOSETI','CARITON MARANGA',370,'P15/36821/2016','P15/36821/2016',1,NULL),(82,'MUCHENDU','BONIFACE MICHUKI',371,'P15/35893/2015','P15/35893/2015',1,NULL),(83,'MUCHIRU','LEWIS KURIA',372,'P15/35097/2015','P15/35097/2015',1,NULL),(84,'MUGENYA','EMMANUEL WILSON',373,'P15/37139/2016','P15/37139/2016',1,NULL),(85,'MUIGAI','LUKE KIVUNAGA',374,'P15/1697/2016','P15/1697/2016',1,NULL),(86,'MULWA','ISAAC KIPTOO',375,'P15/37217/2016','P15/37217/2016',1,NULL),(87,'MUNGA','COLLINS GICHUHI',376,'P15/37957/2016','P15/37957/2016',1,NULL),(88,'MUNGAI','ERIC MBURU',377,'P15/1695/2016','P15/1695/2016',1,NULL),(89,'MUNGAI','TEVIN CHEGE',378,'P15/35759/2015','P15/35759/2015',1,NULL),(90,'MUNGATHIA','INNOCENT KITHINJI',379,'P15/36496/2016','P15/36496/2016',1,NULL),(91,'MURIITHI','EDWIN KABUI',380,'P15/36653/2016','P15/36653/2016',1,NULL),(92,'MURAYA','SAMMY NDIRANGU',381,'P15/30324/2015','P15/30324/2015',1,NULL),(93,'MURIMI','MARTIN',382,'P15/1433/2016','P15/1433/2016',1,NULL),(94,'MURIUKI','TAJIRI GITONGA',383,'P15/37017/2016','P15/37017/2016',1,NULL),(95,'MUSYOKA','ROSIANAH WANZA',384,'P15/38293/2016','P15/38293/2016',1,NULL),(96,'MUTENDE','DEREK PRINCE',385,'P15/1724/2016','P15/1724/2016',1,NULL),(97,'MUTINDA','JAPHETH  KIOKO',386,'P15/34665/2014','P15/34665/2014',1,NULL),(98,'MUTUA','AUGUSTINE NGANGA',387,'P15/30363/2015','P15/30363/2015',1,NULL),(99,'MUTUA','SOLOMON',388,'P15/37821/2016','P15/37821/2016',1,NULL),(100,'MUTUKU','MAUREEN MUMBUA',389,'P15/1710/2016','P15/1710/2016',1,NULL),(101,'MWANGI','BRIAN MACHARIA',390,'P15/37010/2016','P15/37010/2016',1,NULL),(102,'MWANGI','FREUD KARIUKI',391,'P15/1692/2016','P15/1692/2016',1,NULL),(103,'MWANIKI','EDWIN MBUTHIA',392,'P15/1705/2016','P15/1705/2016',1,NULL),(104,'MWANZIA','DAUDI KASIA',393,'P15/38236/2016','P15/38236/2016',1,NULL),(105,'MWANZIA','SAMUEL NZYUKO',394,'P15/36533/2016','P15/36533/2016',1,NULL),(106,'MWELESA','PAULETTE EMALI',395,'P15/36513/2016','P15/36513/2016',1,NULL),(107,'MWEMA','PHENA  EDITH',396,'P15/37125/2016','P15/37125/2016',1,NULL),(108,'MWENJE','STEPHEN',397,'P15/1722/2016','P15/1722/2016',1,NULL),(109,'MWITHALIE','VINCENT MURITHI',398,'P15/1723/2016','P15/1723/2016',1,NULL),(110,'NDAMBUKI','LABAN KIOKO',399,'P15/37019/2016','P15/37019/2016',1,NULL),(111,'NDICHU','STEVE KEVIN',400,'P15/36238/2016','P15/36238/2016',1,NULL),(112,'NDUNGU','DENNIS GICHU',401,'P15/36648/2016','P15/36648/2016',1,NULL),(113,'NDWIGA','LEWIS MUNYI',402,'P15/36076/2015','P15/36076/2015',1,NULL),(114,'NGUGI','MICHAEL GICHORA',403,'P15/36134/2015','P15/36134/2015',1,NULL),(115,'NGATIA','SIMON MURAGURI',404,'P15/1688/2016','P15/1688/2016',1,NULL),(116,'NJERU','SIMON MUGO',405,'P15/31143/2015','P15/31143/2015',1,NULL),(117,'NJOGU','WINNIE WANJIRU',406,'P15/35037/2014','P15/35037/2014',1,NULL),(118,'NJOKI','PETER KAHENYA',407,'P15/1712/2016','P15/1712/2016',1,NULL),(119,'NYAGA','PETER MWANIKI',408,'P15/1700/2016','P15/1700/2016',1,NULL),(120,'NYAGESOA','ABIUD ORINA',409,'P15/1725/2016','P15/1725/2016',1,NULL),(121,'NZUMA','JONATHAN NDAMBUKI',410,'P15/36756/2016','P15/36756/2016',1,NULL),(122,'OCHIENG','FELIX OMONDI',411,'P15/37073/2016','P15/37073/2016',1,NULL),(123,'OCHOMO','OTIENO WILLIAM',412,'P15/1720/2016','P15/1720/2016',1,NULL),(124,'ODHIAMBO','STEPHEN OCHIENG',413,'P15/36874/2016','32037253',1,NULL),(125,'ODONGO','BRIAN RAILA AMOLO',414,'P15/1727/2016','P15/1727/2016',1,NULL),(126,'ODUNDO','STEPHEN OPIYO',415,'P15/34017/2015','P15/34017/2015',1,NULL),(127,'OKELLO','JOB OPIYO',416,'P15/37353/2016','P15/37353/2016',1,NULL),(128,'OKERO','MICHAEL OMONDI',417,'P15/30269/2015','P15/30269/2015',1,NULL),(129,'OLOO','KEVIN OMONDI',418,'P15/35324/2015','P15/35324/2015',1,NULL),(130,'OLUDHE','PASCAL ODUOR',419,'P15/35255/2015','P15/35255/2015',1,NULL),(131,'OLUOCH','BILL ODUOR',420,'P15/38119/2016','P15/38119/2016',1,NULL),(132,'OMAR','MOHAMED ABDI',421,'P15/36337/2016','P15/36337/2016',1,NULL),(133,'OMBASO','MOHAMED NYANAMBA',422,'P15/35291/2015','P15/35291/2015',1,NULL),(134,'ONAMU','JAMES RODNEY',423,'P15/35945/2015','P15/35945/2015',1,NULL),(135,'ONYANGO','ROBERT MARK',424,'P15/1729/2016','P15/1729/2016',1,NULL),(136,'ONYINSI','TOBIAS WEST',425,'P15/37451/2016','P15/37451/2016',1,NULL),(137,'OTIENO','ANITA AJWANG',426,'P15/36551/2016','P15/36551/2016',1,NULL),(138,'OTIENO','ERNIE MBOCK',427,'P15/35280/2015','P15/35280/2015',1,NULL),(139,'OYIEKE','ALLEN ONGADO',428,'P15/36567/2016','P15/36567/2016',1,NULL),(140,'SAKALI','GABRIEL IRUNGU',429,'P15/36349/2016','P15/36349/2016',1,NULL),(141,'THAGANA','K MARK',430,'P15/1691/2016','P15/1691/2016',1,NULL),(142,'WAHOME','DENNIS LINUS',431,'P15/38166/2016','P15/38166/2016',1,NULL),(143,'WAMAE','JOSEPH WANYOIKE',432,'P15/37390/2016','P15/37390/2016',1,NULL),(144,'WAMUIGA','KELVIN KAMAU',433,'P15/35060/2015','P15/35060/2015',1,NULL),(145,'WANJOHI','BRIAN MUTURI',434,'P15/37020/2016','P15/37020/2016',1,NULL),(146,'WANJOHI','RYAN GITONGA',435,'P15/1704/2016','P15/1704/2016',1,NULL),(147,'WAYU','ALI  KOMORA',436,'P15/35954/2015','P15/35954/2015',1,NULL),(148,'YASSIN','AHMED FAIZ',437,'P15/1707/2016','P15/1707/2016',1,NULL),(149,'YUSUF','MOHEEN  RASHID',438,'P15/36820/2016','32962080',1,NULL),(150,'ZAKARIA','HUSSEIN ABDI',439,'P15/37847/2016','P15/37847/2016',1,NULL),(151,'DR EVANS','MIRITI',440,'CSC111Miriti','CSC111Miriti',1,NULL),(152,'PROF OMWENGA','OMWENGA',441,'CSC112OMWENGA','CSC112Omwenga',1,NULL),(153,'DR CORNELIUS','ABUNGU',442,'CSC113Abungu','CSC113Abungu',1,NULL),(154,'DR MARY','OKEBE',443,'CCS001Mary','CCS001Mary',1,NULL),(155,'DR PETER','MURIU',444,'CCS009MURIU','CCS009Muriu',1,NULL),(156,'PROF. PATRICK ','WEKE',445,'127000','123456',1,NULL),(644,'J.K','MULWA',945,'179510','179510',1,NULL),(645,'PHILLIP','NGARE',946,'207410','207410',1,NULL),(646,'Sodium','Chloride',947,'NAOH/261/2016','2612016',1,NULL),(647,'Potassium','Chloride',948,'KCL/261/2016','26122016',1,NULL),(648,'Hydrogen','Sulphide',949,'H2S/18/2016','182016',1,NULL),(649,'Javac','Service',950,'JASE/12/2016','1221016',1,NULL),(650,'David','Gureya',952,'21453','0790283124',1,NULL),(651,'FName','LName',954,'REG/NUMBER','PASSPORT',1,NULL),(652,'Stiles','Stelinsky',955,'SS/2015','272727',1,NULL),(653,'Delete','Me',956,'DELETE/ME','delete',1,NULL),(654,'Papaya','Asukuma',957,'PA/12312/2016','34324223',1,NULL);
/*!40000 ALTER TABLE `person` ENABLE KEYS */;
UNLOCK TABLES;

--
-- Table structure for table `phone_contact`
--

DROP TABLE IF EXISTS `phone_contact`;
/*!40101 SET @saved_cs_client     = @@character_set_client */;
/*!40101 SET character_set_client = utf8 */;
CREATE TABLE `phone_contact` (
  `id` int(10) unsigned NOT NULL AUTO_INCREMENT,
  `mobile_number` varchar(20) DEFAULT NULL,
  `fixed_number` varchar(20) DEFAULT NULL,
  `contact` int(10) unsigned NOT NULL,
  `active` tinyint(1) DEFAULT NULL,
  `version` int(11) DEFAULT NULL,
  PRIMARY KEY (`id`),
  UNIQUE KEY `id_UNIQUE` (`id`),
  UNIQUE KEY `mobile_number_UNIQUE` (`mobile_number`),
  KEY `fk_phone_contact_contact1_idx` (`contact`),
  CONSTRAINT `fk_phone_contact_contact1` FOREIGN KEY (`contact`) REFERENCES `contact` (`id`) ON DELETE NO ACTION ON UPDATE NO ACTION
) ENGINE=InnoDB AUTO_INCREMENT=779 DEFAULT CHARSET=latin1;
/*!40101 SET character_set_client = @saved_cs_client */;

--
-- Dumping data for table `phone_contact`
--

LOCK TABLES `phone_contact` WRITE;
/*!40000 ALTER TABLE `phone_contact` DISABLE KEYS */;
INSERT INTO `phone_contact` VALUES (1,'+254-73820668602','',176,1,NULL),(2,'+254-7760590250','',177,1,NULL),(3,'+254-7620323917','',178,1,NULL),(4,'+254-75270876684','',179,1,NULL),(5,'+254-77620595156','',180,1,NULL),(6,'+254-79670687892','',181,1,NULL),(7,'+254-74720378999','',182,1,NULL),(8,'+254-79110381124','',183,1,NULL),(9,'+254-7218067951','',184,1,NULL),(10,'+254-75820853998','',185,1,NULL),(11,'+254-7400909784','',186,1,NULL),(12,'+254-761019693','',187,1,NULL),(13,'+254-7680735243','',188,1,NULL),(14,'+254-78360120662','',189,1,NULL),(15,'+254-7402080151','',190,1,NULL),(16,'+254-76640917293','',191,1,NULL),(17,'+254-78480359524','',192,1,NULL),(18,'+254-72770790421','',193,1,NULL),(19,'+254-7782096783','',194,1,NULL),(20,'+254-76490827121','',195,1,NULL),(21,'+254-79390688674','',196,1,NULL),(22,'+254-76240379360','',197,1,NULL),(23,'+254-77270609185','',198,1,NULL),(24,'+254-74750588981','',199,1,NULL),(25,'+254-72370801981','',200,1,NULL),(26,'+254-72670830874','',201,1,NULL),(27,'+254-71810214512','',202,1,NULL),(28,'+254-78410371929','',203,1,NULL),(29,'+254-762089175','',204,1,NULL),(30,'+254-76520852539','',205,1,NULL),(31,'+254-7472059229','',206,1,NULL),(32,'+254-76090284271','',207,1,NULL),(33,'+254-77730106189','',208,1,NULL),(34,'+254-71790790401','',209,1,NULL),(35,'+254-75640710831','',210,1,NULL),(36,'+254-75840958461','',211,1,NULL),(37,'+254-75490167817','',212,1,NULL),(38,'+254-7277019475','',213,1,NULL),(39,'+254-76780683149','',214,1,NULL),(40,'+254-74210165249','',215,1,NULL),(41,'+254-7880276886','',216,1,NULL),(42,'+254-74840124183','',217,1,NULL),(43,'+254-72000676649','',218,1,NULL),(44,'+254-77030123708','',219,1,NULL),(45,'+254-79510682496','',220,1,NULL),(46,'+254-73380266482','',221,1,NULL),(47,'+254-7229050750','',222,1,NULL),(48,'+254-7160268734','',223,1,NULL),(49,'+254-7114074430','',224,1,NULL),(50,'+254-74980136264','',225,1,NULL),(51,'+254-79650317936','',226,1,NULL),(52,'+254-74330691669','',227,1,NULL),(53,'+254-79090174781','',228,1,NULL),(54,'+254-72550269596','',229,1,NULL),(55,'+254-71080700714','',230,1,NULL),(56,'+254-7502021721','',231,1,NULL),(57,'+254-78580725558','',232,1,NULL),(58,'+254-72590904612','',233,1,NULL),(59,'+254-75780789467','',234,1,NULL),(60,'+254-78870161935','',235,1,NULL),(61,'+254-76350829781','',236,1,NULL),(62,'+254-71120420384','',237,1,NULL),(63,'+254-76600420449','',238,1,NULL),(64,'+254-76360580996','',239,1,NULL),(65,'+254-7346026232','',240,1,NULL),(66,'+254-715071488','',241,1,NULL),(67,'+254-74940187810','',242,1,NULL),(68,'+254-73980849662','',243,1,NULL),(69,'+254-7419045640','',244,1,NULL),(70,'+254-79280634514','',245,1,NULL),(71,'+254-7129017247','',246,1,NULL),(72,'+254-7424021261','',247,1,NULL),(73,'+254-79360400387','',248,1,NULL),(74,'+254-7130397835','',249,1,NULL),(75,'+254-72400425454','',250,1,NULL),(76,'+254-73360930601','',251,1,NULL),(77,'+254-73930400430','',252,1,NULL),(78,'+254-74570837128','',253,1,NULL),(79,'+254-78620553558','',254,1,NULL),(80,'+254-74710838556','',255,1,NULL),(81,'+254-72060803134','',256,1,NULL),(82,'+254-7920596885','',257,1,NULL),(83,'+254-7100143228','',258,1,NULL),(85,'+254-77360468395','',260,1,NULL),(86,'+254-7410363136','',261,1,NULL),(87,'+254-7316025246','',262,1,NULL),(88,'+254-73000866699','',263,1,NULL),(89,'+254-77950328306','',264,1,NULL),(90,'+254-79610707895','',265,1,NULL),(91,'+254-73390227485','',266,1,NULL),(92,'+254-7665061612','',267,1,NULL),(93,'+254-77190754304','',268,1,NULL),(94,'+254-796405466','',269,1,NULL),(95,'+254-73360983782','',270,1,NULL),(96,'+254-7910335980','',271,1,NULL),(97,'+254-7112086982','',272,1,NULL),(98,'+254-731501191','',273,1,NULL),(99,'+254-77530528176','',274,1,NULL),(100,'+254-74670222567','',275,1,NULL),(101,'+254-71160604153','',276,1,NULL),(102,'+254-77750532935','',277,1,NULL),(103,'+254-77970434282','',278,1,NULL),(104,'+254-7420864452','',279,1,NULL),(105,'+254-76350801341','',280,1,NULL),(106,'+254-7919093525','',281,1,NULL),(107,'+254-7451027762','',282,1,NULL),(108,'+254-769604646','',283,1,NULL),(109,'+254-75590178943','',284,1,NULL),(110,'+254-78380859572','',285,1,NULL),(111,'+254-7730370740','',286,1,NULL),(112,'+254-73950267539','',287,1,NULL),(113,'+254-74590592900','',288,1,NULL),(114,'+254-75180338337','',289,1,NULL),(115,'2904131254',NULL,290,1,NULL),(116,'291545263',NULL,291,1,NULL),(117,'29242419127',NULL,292,1,NULL),(118,'2939641184',NULL,293,1,NULL),(119,'2940220',NULL,294,1,NULL),(120,'2953519278','',295,1,NULL),(121,'296651929',NULL,296,1,NULL),(122,'29706217',NULL,297,1,NULL),(123,'0707656751','0704805159',298,1,NULL),(124,'299328282',NULL,299,1,NULL),(125,'3001934','',300,1,NULL),(126,'301363999',NULL,301,1,NULL),(127,'3029312145',NULL,302,1,NULL),(128,'0719546159','0719546159',303,1,NULL),(129,'304723299',NULL,304,1,NULL),(130,'30507746',NULL,305,1,NULL),(131,'306423165',NULL,306,1,NULL),(132,'30788616',NULL,307,1,NULL),(133,'3083142172',NULL,308,1,NULL),(134,'30905552933',NULL,309,1,NULL),(135,'3106263',NULL,310,1,NULL),(136,'31143962980',NULL,311,1,NULL),(137,'3124392228',NULL,312,1,NULL),(138,'31374298',NULL,313,1,NULL),(139,'31499396',NULL,314,1,NULL),(140,'315748181',NULL,315,1,NULL),(141,'0702190333','',316,1,NULL),(142,'3178814264',NULL,317,1,NULL),(143,'31832249112',NULL,318,1,NULL),(144,'319072493',NULL,319,1,NULL),(145,'3205034102',NULL,320,1,NULL),(146,'3219643281',NULL,321,1,NULL),(147,'32229349117',NULL,322,1,NULL),(148,'32394159300',NULL,323,1,NULL),(149,'324217122',NULL,324,1,NULL),(150,'325813220',NULL,325,1,NULL),(151,'3263524193',NULL,326,1,NULL),(152,'32774536',NULL,327,1,NULL),(153,'328047559119',NULL,328,1,NULL),(154,'32916249',NULL,329,1,NULL),(155,'330246309',NULL,330,1,NULL),(156,'331621759290',NULL,331,1,NULL),(157,'332628128',NULL,332,1,NULL),(158,'333063088',NULL,333,1,NULL),(159,'3343917246',NULL,334,1,NULL),(160,'0702865883','',335,1,NULL),(161,'336711379181',NULL,336,1,NULL),(162,'337637989',NULL,337,1,NULL),(163,'33821479286',NULL,338,1,NULL),(164,'339025327',NULL,339,1,NULL),(165,'340457271',NULL,340,1,NULL),(166,'341595324',NULL,341,1,NULL),(167,'34232214',NULL,342,1,NULL),(168,'343436',NULL,343,1,NULL),(169,'344947679292',NULL,344,1,NULL),(170,'345150779',NULL,345,1,NULL),(171,'34615277199',NULL,346,1,NULL),(172,'3473477269',NULL,347,1,NULL),(173,'348406779313',NULL,348,1,NULL),(174,'349738779306',NULL,349,1,NULL),(175,'350170226',NULL,350,1,NULL),(176,'35127387941',NULL,351,1,NULL),(177,'35206879283','0707369639',352,1,NULL),(178,'353619258',NULL,353,1,NULL),(179,'35451979155',NULL,354,1,NULL),(180,'3556397137',NULL,355,1,NULL),(181,'356685107',NULL,356,1,NULL),(182,'357838',NULL,357,1,NULL),(183,'35845108937',NULL,358,1,NULL),(184,'3594790307',NULL,359,1,NULL),(185,'3608318161',NULL,360,1,NULL),(186,'3610138',NULL,361,1,NULL),(187,'36272289343',NULL,362,1,NULL),(188,'3638852894',NULL,363,1,NULL),(189,'364228184',NULL,364,1,NULL),(190,'3658038222',NULL,365,1,NULL),(191,'3663246',NULL,366,1,NULL),(192,'36766389271',NULL,367,1,NULL),(193,'3689389150',NULL,368,1,NULL),(194,'36914205',NULL,369,1,NULL),(195,'370448999',NULL,370,1,NULL),(196,'37196311',NULL,371,1,NULL),(197,'37264948218',NULL,372,1,NULL),(198,'3739658267',NULL,373,1,NULL),(199,'374600317',NULL,374,1,NULL),(200,'3757268922',NULL,375,1,NULL),(201,'37605689253',NULL,376,1,NULL),(202,'377676211',NULL,377,1,NULL),(203,'378100789299',NULL,378,1,NULL),(204,'379137898','',379,1,NULL),(205,'3806794',NULL,380,1,NULL),(206,'3817978196',NULL,381,1,NULL),(207,'3822889234',NULL,382,1,NULL),(208,'38384588138',NULL,383,1,NULL),(209,'3849889321',NULL,384,1,NULL),(210,'385051989158',NULL,385,1,NULL),(211,'38604989350',NULL,386,1,NULL),(212,'387625',NULL,387,1,NULL),(213,'3880299281',NULL,388,1,NULL),(214,'38994289',NULL,389,1,NULL),(215,'3905119913',NULL,390,1,NULL),(216,'39115419987',NULL,391,1,NULL),(217,'39271114',NULL,392,1,NULL),(218,'39391378',NULL,393,1,NULL),(219,'39412192',NULL,394,1,NULL),(220,'395529329',NULL,395,1,NULL),(221,'39603326',NULL,396,1,NULL),(222,'3977143174',NULL,397,1,NULL),(223,'398563341',NULL,398,1,NULL),(224,'3994883144',NULL,399,1,NULL),(225,'40011362',NULL,400,1,NULL),(226,'4013499187',NULL,401,1,NULL),(227,'40265176',NULL,402,1,NULL),(228,'403374203',NULL,403,1,NULL),(229,'40480599227',NULL,404,1,NULL),(230,'405224511',NULL,405,1,NULL),(231,'4066560',NULL,406,1,NULL),(232,'4071988',NULL,407,1,NULL),(233,'40851309',NULL,408,1,NULL),(234,'0717356476','',409,1,NULL),(235,'4106769296',NULL,410,1,NULL),(236,'411379313',NULL,411,1,NULL),(237,'4121579105',NULL,412,1,NULL),(238,'0712162312','',413,1,NULL),(239,'4144899207',NULL,414,1,NULL),(240,'415657899349',NULL,415,1,NULL),(241,'41609989391',NULL,416,1,NULL),(242,'4172959',NULL,417,1,NULL),(243,'418769280',NULL,418,1,NULL),(244,'419100099',NULL,419,1,NULL),(245,'420863',NULL,420,1,NULL),(246,'42121267',NULL,421,1,NULL),(247,'4224100117',NULL,422,1,NULL),(248,'4232471010',NULL,423,1,NULL),(249,'4249791260',NULL,424,1,NULL),(250,'425122193',NULL,425,1,NULL),(251,'4264542375',NULL,426,1,NULL),(252,'427172386',NULL,427,1,NULL),(253,'428330389',NULL,428,1,NULL),(254,'429763382',NULL,429,1,NULL),(255,'43056930078',NULL,430,1,NULL),(256,'43199119',NULL,431,1,NULL),(257,'43243440329',NULL,432,1,NULL),(258,'4338664069',NULL,433,1,NULL),(259,'434910',NULL,434,1,NULL),(260,'4351570',NULL,435,1,NULL),(261,'43679350345',NULL,436,1,NULL),(262,'437265184',NULL,437,1,NULL),(263,'4385850131','',438,1,NULL),(264,'439751152',NULL,439,1,NULL),(265,'440293600241',NULL,440,1,NULL),(266,'441717600267','',441,1,NULL),(267,'442596276',NULL,442,1,NULL),(268,'44327263',NULL,443,1,NULL),(269,'4443548','asdsd',444,1,NULL),(270,'1234','',445,1,NULL),(271,'4461210283',NULL,446,1,NULL),(272,'447721348',NULL,447,1,NULL),(273,'448421310280',NULL,448,1,NULL),(274,'44904310354',NULL,449,1,NULL),(275,'450795',NULL,450,1,NULL),(276,'4512504270',NULL,451,1,NULL),(277,'4521341107',NULL,452,1,NULL),(278,'45306131',NULL,453,1,NULL),(279,'4549410234',NULL,454,1,NULL),(280,'4552510439',NULL,455,1,NULL),(281,'4565255300',NULL,456,1,NULL),(282,'4574685143',NULL,457,1,NULL),(283,'458141',NULL,458,1,NULL),(284,'459461290',NULL,459,1,NULL),(285,'46028610362',NULL,460,1,NULL),(286,'4611710425',NULL,461,1,NULL),(287,'46295477',NULL,462,1,NULL),(288,'4637410',NULL,463,1,NULL),(289,'4640810168',NULL,464,1,NULL),(290,'46593810218',NULL,465,1,NULL),(291,'46676258',NULL,466,1,NULL),(292,'467179810107',NULL,467,1,NULL),(293,'46839164',NULL,468,1,NULL),(294,'469269178',NULL,469,1,NULL),(295,'4703799357',NULL,470,1,NULL),(296,'47130303',NULL,471,1,NULL),(297,'472046020114',NULL,472,1,NULL),(298,'47393902447',NULL,473,1,NULL),(299,'474821414',NULL,474,1,NULL),(300,'475755120200',NULL,475,1,NULL),(301,'476812124',NULL,476,1,NULL),(302,'477712352',NULL,477,1,NULL),(303,'4787220340',NULL,478,1,NULL),(304,'47903309',NULL,479,1,NULL),(305,'4806332289',NULL,480,1,NULL),(306,'481787',NULL,481,1,NULL),(307,'4821479',NULL,482,1,NULL),(308,'48394242',NULL,483,1,NULL),(309,'4848045274',NULL,484,1,NULL),(310,'48575205',NULL,485,1,NULL),(311,'48669180',NULL,486,1,NULL),(312,'48752620165',NULL,487,1,NULL),(313,'4885274',NULL,488,1,NULL),(314,'489862277',NULL,489,1,NULL),(315,'4901720279',NULL,490,1,NULL),(316,'49173720134',NULL,491,1,NULL),(317,'4926150',NULL,492,1,NULL),(318,'49303996',NULL,493,1,NULL),(319,'494282229',NULL,494,1,NULL),(320,'4954543',NULL,495,1,NULL),(321,'49698211',NULL,496,1,NULL),(322,'4972160',NULL,497,1,NULL),(323,'49872592249',NULL,498,1,NULL),(324,'499489183',NULL,499,1,NULL),(325,'5002303097',NULL,500,1,NULL),(326,'50196903119',NULL,501,1,NULL),(327,'50261262',NULL,502,1,NULL),(328,'503779130165',NULL,503,1,NULL),(329,'504291',NULL,504,1,NULL),(330,'50508523229',NULL,505,1,NULL),(331,'50603311',NULL,506,1,NULL),(332,'50754491',NULL,507,1,NULL),(333,'508773481',NULL,508,1,NULL),(334,'50980339',NULL,509,1,NULL),(335,'51044393',NULL,510,1,NULL),(336,'511974192',NULL,511,1,NULL),(337,'51241530195',NULL,512,1,NULL),(338,'51344453270',NULL,513,1,NULL),(339,'514657530337',NULL,514,1,NULL),(340,'51560630376',NULL,515,1,NULL),(341,'516623630311',NULL,516,1,NULL),(342,'517486460',NULL,517,1,NULL),(343,'518107248',NULL,518,1,NULL),(344,'51937419',NULL,519,1,NULL),(345,'5205667462',NULL,520,1,NULL),(346,'52169199',NULL,521,1,NULL),(347,'52228221',NULL,522,1,NULL),(348,'52384683295',NULL,523,1,NULL),(349,'524798201',NULL,524,1,NULL),(350,'5252514',NULL,525,1,NULL),(351,'52655390',NULL,526,1,NULL),(352,'5279930305',NULL,527,1,NULL),(353,'528812040459',NULL,528,1,NULL),(354,'5294369',NULL,529,1,NULL),(355,'53099788',NULL,530,1,NULL),(356,'531290140264',NULL,531,1,NULL),(357,'53224140508',NULL,532,1,NULL),(358,'5335671350',NULL,533,1,NULL),(359,'5341297',NULL,534,1,NULL),(360,'535844240519',NULL,535,1,NULL),(361,'536724151',NULL,536,1,NULL),(362,'53751340164',NULL,537,1,NULL),(363,'53843305',NULL,538,1,NULL),(364,'5391044137',NULL,539,1,NULL),(365,'54092440356',NULL,540,1,NULL),(366,'5419974475',NULL,541,1,NULL),(367,'5426554185',NULL,542,1,NULL),(368,'5439540448',NULL,543,1,NULL),(369,'54463643',NULL,544,1,NULL),(370,'54576431',NULL,545,1,NULL),(371,'546074417',NULL,546,1,NULL),(372,'5470937277',NULL,547,1,NULL),(373,'548774030',NULL,548,1,NULL),(374,'5490452',NULL,549,1,NULL),(375,'550724450',NULL,550,1,NULL),(376,'55120784073',NULL,551,1,NULL),(377,'55221495',NULL,552,1,NULL),(378,'55344940245',NULL,553,1,NULL),(379,'5547940512',NULL,554,1,NULL),(380,'555005431',NULL,555,1,NULL),(381,'556232',NULL,556,1,NULL),(382,'557460285',NULL,557,1,NULL),(383,'558959491',NULL,558,1,NULL),(384,'55931324',NULL,559,1,NULL),(385,'5603271328',NULL,560,1,NULL),(386,'561420340',NULL,561,1,NULL),(387,'5625325136',NULL,562,1,NULL),(388,'563625026',NULL,563,1,NULL),(389,'564992102',NULL,564,1,NULL),(390,'56572350354',NULL,565,1,NULL),(391,'5665350422',NULL,566,1,NULL),(392,'5679835406',NULL,567,1,NULL),(393,'5683407',NULL,568,1,NULL),(394,'5697450556',NULL,569,1,NULL),(395,'570131550113',NULL,570,1,NULL),(396,'5714441',NULL,571,1,NULL),(397,'572597550163',NULL,572,1,NULL),(398,'573341215',NULL,573,1,NULL),(399,'574944650448',NULL,574,1,NULL),(400,'5757192',NULL,575,1,NULL),(401,'5760264',NULL,576,1,NULL),(402,'57772429',NULL,577,1,NULL),(403,'578057153',NULL,578,1,NULL),(404,'579327505',NULL,579,1,NULL),(405,'5809198',NULL,580,1,NULL),(406,'58128315',NULL,581,1,NULL),(407,'5825282',NULL,582,1,NULL),(408,'58342985133',NULL,583,1,NULL),(409,'58406295176',NULL,584,1,NULL),(410,'5852369157',NULL,585,1,NULL),(411,'586849514',NULL,586,1,NULL),(412,'587023060543',NULL,587,1,NULL),(413,'5886060345',NULL,588,1,NULL),(414,'589590426',NULL,589,1,NULL),(415,'590262160459',NULL,590,1,NULL),(416,'59128591',NULL,591,1,NULL),(417,'59269160525',NULL,592,1,NULL),(418,'593326378',NULL,593,1,NULL),(419,'59444626396',NULL,594,1,NULL),(420,'59582926337',NULL,595,1,NULL),(421,'5965490521',NULL,596,1,NULL),(422,'5975884504',NULL,597,1,NULL),(423,'5988025214',NULL,598,1,NULL),(424,'599405590488',NULL,599,1,NULL),(425,'60085354',NULL,600,1,NULL),(426,'6014169372',NULL,601,1,NULL),(427,'6024690428',NULL,602,1,NULL),(428,'6036690100',NULL,603,1,NULL),(429,'6049580',NULL,604,1,NULL),(430,'6052436',NULL,605,1,NULL),(431,'60667294',NULL,606,1,NULL),(432,'607469799',NULL,607,1,NULL),(433,'6085038485',NULL,608,1,NULL),(434,'609668211',NULL,609,1,NULL),(435,'610109419',NULL,610,1,NULL),(436,'6114399314',NULL,611,1,NULL),(437,'6129569548',NULL,612,1,NULL),(438,'6134999204',NULL,613,1,NULL),(439,'61432538',NULL,614,1,NULL),(440,'615593',NULL,615,1,NULL),(441,'616770540',NULL,616,1,NULL),(442,'61750101281',NULL,617,1,NULL),(443,'61863212',NULL,618,1,NULL),(444,'61947188',NULL,619,1,NULL),(445,'6200201572',NULL,620,1,NULL),(446,'6218320258',NULL,621,1,NULL),(447,'622517201',NULL,622,1,NULL),(448,'6232055',NULL,623,1,NULL),(449,'62423301490',NULL,624,1,NULL),(450,'625626223',NULL,625,1,NULL),(451,'62693065',NULL,626,1,NULL),(452,'62718140275',NULL,627,1,NULL),(453,'628487',NULL,628,1,NULL),(454,'62906940610',NULL,629,1,NULL),(455,'6303501295',NULL,630,1,NULL),(456,'631175215',NULL,631,1,NULL),(457,'632730601587',NULL,632,1,NULL),(458,'6333636318',NULL,633,1,NULL),(459,'63466361',NULL,634,1,NULL),(460,'63530701198',NULL,635,1,NULL),(461,'6363701381',NULL,636,1,NULL),(462,'63756761',NULL,637,1,NULL),(463,'6386297321',NULL,638,1,NULL),(464,'63972817',NULL,639,1,NULL),(465,'640078563',NULL,640,1,NULL),(466,'6412819561',NULL,641,1,NULL),(467,'6425901345',NULL,642,1,NULL),(468,'6438945',NULL,643,1,NULL),(469,'644920214',NULL,644,1,NULL),(470,'645190457',NULL,645,1,NULL),(471,'6466529',NULL,646,1,NULL),(472,'647169',NULL,647,1,NULL),(473,'6484292567',NULL,648,1,NULL),(474,'649931217',NULL,649,1,NULL),(475,'650664350',NULL,650,1,NULL),(476,'6517051327',NULL,651,1,NULL),(477,'6522851457',NULL,652,1,NULL),(478,'653614611647',NULL,653,1,NULL),(479,'6540511',NULL,654,1,NULL),(480,'65577392',NULL,655,1,NULL),(481,'656381811251',NULL,656,1,NULL),(482,'65758621',NULL,657,1,NULL),(483,'6584981137',NULL,658,1,NULL),(484,'6590591239',NULL,659,1,NULL),(485,'66080207',NULL,660,1,NULL),(486,'661846635',NULL,661,1,NULL),(487,'662382121619',NULL,662,1,NULL),(488,'6636121532',NULL,663,1,NULL),(489,'6640221409',NULL,664,1,NULL),(490,'665422163',NULL,665,1,NULL),(491,'66682201',NULL,666,1,NULL),(492,'667480558',NULL,667,1,NULL),(493,'66811196',NULL,668,1,NULL),(494,'669034478',NULL,669,1,NULL),(495,'67096135271',NULL,670,1,NULL),(496,'6715966',NULL,671,1,NULL),(497,'67224223432',NULL,672,1,NULL),(498,'673855235612',NULL,673,1,NULL),(499,'674823216',NULL,674,1,NULL),(500,'675961372',NULL,675,1,NULL),(501,'67604633101',NULL,676,1,NULL),(502,'677879335545',NULL,677,1,NULL),(503,'678243435249',NULL,678,1,NULL),(504,'6798643137',NULL,679,1,NULL),(505,'68025375',NULL,680,1,NULL),(506,'68188535553',NULL,681,1,NULL),(507,'6827463583',NULL,682,1,NULL),(508,'6837689',NULL,683,1,NULL),(509,'68407579',NULL,684,1,NULL),(510,'68527144',NULL,685,1,NULL),(511,'686845735294',NULL,686,1,NULL),(512,'6877587500',NULL,687,1,NULL),(513,'6889283549',NULL,688,1,NULL),(514,'689395160',NULL,689,1,NULL),(515,'6909199311',NULL,690,1,NULL),(516,'69122045285',NULL,691,1,NULL),(517,'6925045597',NULL,692,1,NULL),(518,'693468184',NULL,693,1,NULL),(519,'695137839672',NULL,695,1,NULL),(520,'696493460',NULL,696,1,NULL),(521,'6979179204',NULL,697,1,NULL),(522,'698100661',NULL,698,1,NULL),(523,'69982404',NULL,699,1,NULL),(524,'700504249',NULL,700,1,NULL),(525,'701480474',NULL,701,1,NULL),(526,'70201629',NULL,702,1,NULL),(527,'703041453',NULL,703,1,NULL),(528,'704271177',NULL,704,1,NULL),(529,'70503551',NULL,705,1,NULL),(530,'706938380263',NULL,706,1,NULL),(531,'70701680',NULL,707,1,NULL),(532,'708348492',NULL,708,1,NULL),(533,'709364128',NULL,709,1,NULL),(534,'7108489',NULL,710,1,NULL),(535,'711195',NULL,711,1,NULL),(536,'712845490',NULL,712,1,NULL),(537,'7138580160',NULL,713,1,NULL),(538,'71436656',NULL,714,1,NULL),(539,'71568680594',NULL,715,1,NULL),(540,'71635378563',NULL,716,1,NULL),(541,'71716780602',NULL,717,1,NULL),(542,'71888780513',NULL,718,1,NULL),(543,'719081865',NULL,719,1,NULL),(544,'7200748347',NULL,720,1,NULL),(545,'7217880535',NULL,721,1,NULL),(546,'722640533',NULL,722,1,NULL),(547,'723439259',NULL,723,1,NULL),(548,'7248669639',NULL,724,1,NULL),(549,'72589643',NULL,725,1,NULL),(550,'7262542',NULL,726,1,NULL),(551,'727895153',NULL,727,1,NULL),(552,'7283390454',NULL,728,1,NULL),(553,'7292118',NULL,729,1,NULL),(554,'73025190648',NULL,730,1,NULL),(555,'7318497',NULL,731,1,NULL),(556,'7320290368',NULL,732,1,NULL),(557,'7335329659',NULL,733,1,NULL),(558,'73464683',NULL,734,1,NULL),(559,'7355092325',NULL,735,1,NULL),(560,'736552390333',NULL,736,1,NULL),(561,'73775638',NULL,737,1,NULL),(562,'738381429',NULL,738,1,NULL),(563,'73925194',NULL,739,1,NULL),(564,'74052849345',NULL,740,1,NULL),(565,'7411590205',NULL,741,1,NULL),(566,'74293590399',NULL,742,1,NULL),(567,'743356590144',NULL,743,1,NULL),(568,'74400169607',NULL,744,1,NULL),(569,'745664',NULL,745,1,NULL),(570,'746517140',NULL,746,1,NULL),(571,'74758679173',NULL,747,1,NULL),(572,'748611890391',NULL,748,1,NULL),(573,'7490599181',NULL,749,1,NULL),(574,'75089726',NULL,750,1,NULL),(575,'75131001339',NULL,751,1,NULL),(576,'7524131',NULL,752,1,NULL),(577,'7537001301',NULL,753,1,NULL),(578,'75450749',NULL,754,1,NULL),(579,'75563310194',NULL,755,1,NULL),(580,'756061482',NULL,756,1,NULL),(581,'7578606',NULL,757,1,NULL),(582,'7581201449',NULL,758,1,NULL),(583,'75974420363',NULL,759,1,NULL),(584,'76037201291',NULL,760,1,NULL),(585,'76160558',NULL,761,1,NULL),(586,'7623301295',NULL,762,1,NULL),(587,'7636372',NULL,763,1,NULL),(588,'76428930147',NULL,764,1,NULL),(589,'765234276',NULL,765,1,NULL),(590,'7669401174',NULL,766,1,NULL),(591,'7679025167',NULL,767,1,NULL),(592,'76894501330',NULL,768,1,NULL),(593,'76916750148',NULL,769,1,NULL),(594,'77021601124',NULL,770,1,NULL),(595,'771660574',NULL,771,1,NULL),(596,'77225170753',NULL,772,1,NULL),(597,'7735570268',NULL,773,1,NULL),(598,'7748298',NULL,774,1,NULL),(599,'77528174',NULL,775,1,NULL),(600,'77605801675',NULL,776,1,NULL),(601,'77728801172',NULL,777,1,NULL),(602,'77843190149',NULL,778,1,NULL),(603,'77949736',NULL,779,1,NULL),(604,'780869517',NULL,780,1,NULL),(605,'7819901746',NULL,781,1,NULL),(606,'7822610',NULL,782,1,NULL),(607,'783035720',NULL,783,1,NULL),(608,'78421801737',NULL,784,1,NULL),(609,'78580119',NULL,785,1,NULL),(610,'786804111330',NULL,786,1,NULL),(611,'7877158',NULL,787,1,NULL),(612,'7881653',NULL,788,1,NULL),(613,'78941421613',NULL,789,1,NULL),(614,'79072184',NULL,790,1,NULL),(615,'79150311151',NULL,791,1,NULL),(616,'79223311168',NULL,792,1,NULL),(617,'7939531153',NULL,793,1,NULL),(618,'794831400',NULL,794,1,NULL),(619,'795141744',NULL,795,1,NULL),(620,'79614723',NULL,796,1,NULL),(621,'797641700',NULL,797,1,NULL),(622,'79859411405',NULL,798,1,NULL),(623,'799845172',NULL,799,1,NULL),(624,'80009511154',NULL,800,1,NULL),(625,'801156275',NULL,801,1,NULL),(626,'80280711539',NULL,802,1,NULL),(627,'80329671150',NULL,803,1,NULL),(628,'8040811538',NULL,804,1,NULL),(629,'805503495',NULL,805,1,NULL),(630,'806668873',NULL,806,1,NULL),(631,'807249445',NULL,807,1,NULL),(632,'8088786',NULL,808,1,NULL),(633,'8091021333',NULL,809,1,NULL),(634,'8100340259',NULL,810,1,NULL),(635,'81157724',NULL,811,1,NULL),(636,'812370121662',NULL,812,1,NULL),(637,'81359312330',NULL,813,1,NULL),(638,'814437501',NULL,814,1,NULL),(639,'815402403',NULL,815,1,NULL),(640,'8163471',NULL,816,1,NULL),(641,'817652408',NULL,817,1,NULL),(642,'8184822139',NULL,818,1,NULL),(643,'8199213693',NULL,819,1,NULL),(644,'820399',NULL,820,1,NULL),(645,'821886321357',NULL,821,1,NULL),(646,'82289599',NULL,822,1,NULL),(647,'82324330',NULL,823,1,NULL),(648,'8241454221',NULL,824,1,NULL),(649,'82558421294',NULL,825,1,NULL),(650,'8266118',NULL,826,1,NULL),(651,'82767452508',NULL,827,1,NULL),(652,'82897521521',NULL,828,1,NULL),(653,'829362624',NULL,829,1,NULL),(654,'83096621746',NULL,830,1,NULL),(655,'83197962129',NULL,831,1,NULL),(656,'8320347505',NULL,832,1,NULL),(657,'833972173',NULL,833,1,NULL),(658,'8344197',NULL,834,1,NULL),(659,'8357821470',NULL,835,1,NULL),(660,'83679092225',NULL,836,1,NULL),(661,'83733492600',NULL,837,1,NULL),(662,'83879268',NULL,838,1,NULL),(663,'8390031500',NULL,839,1,NULL),(664,'8406303734',NULL,840,1,NULL),(665,'84193703382',NULL,841,1,NULL),(666,'842930165',NULL,842,1,NULL),(667,'84333277',NULL,843,1,NULL),(668,'8446253',NULL,844,1,NULL),(669,'845129131614',NULL,845,1,NULL),(670,'846012231356',NULL,846,1,NULL),(671,'8475172',NULL,847,1,NULL),(672,'8489723142',NULL,848,1,NULL),(673,'849011331739',NULL,849,1,NULL),(674,'850433172',NULL,850,1,NULL),(675,'85155754',NULL,851,1,NULL),(676,'8529043146',NULL,852,1,NULL),(677,'85304431233',NULL,853,1,NULL),(678,'8547431151',NULL,854,1,NULL),(679,'85567398',NULL,855,1,NULL),(680,'8560188128',NULL,856,1,NULL),(681,'857423150',NULL,857,1,NULL),(682,'8585188664',NULL,858,1,NULL),(683,'859568787',NULL,859,1,NULL),(684,'860128599',NULL,860,1,NULL),(685,'86163467',NULL,861,1,NULL),(686,'862517288336',NULL,862,1,NULL),(687,'863038435',NULL,863,1,NULL),(688,'864873388541',NULL,864,1,NULL),(689,'86563177',NULL,865,1,NULL),(690,'8669388708',NULL,866,1,NULL),(691,'867248132',NULL,867,1,NULL),(692,'8685470',NULL,868,1,NULL),(693,'86936848751',NULL,869,1,NULL),(694,'8702581',NULL,870,1,NULL),(695,'87115588686',NULL,871,1,NULL),(696,'87207758503',NULL,872,1,NULL),(697,'87338081',NULL,873,1,NULL),(698,'87474688596',NULL,874,1,NULL),(699,'875768816',NULL,875,1,NULL),(700,'876361479',NULL,876,1,NULL),(701,'8774788714',NULL,877,1,NULL),(702,'878887641',NULL,878,1,NULL),(703,'8792908237',NULL,879,1,NULL),(704,'88057488771',NULL,880,1,NULL),(705,'8816678483',NULL,881,1,NULL),(706,'88209381',NULL,882,1,NULL),(707,'8836398633',NULL,883,1,NULL),(708,'8843469414',NULL,884,1,NULL),(709,'88510826',NULL,885,1,NULL),(710,'886309833',NULL,886,1,NULL),(711,'887456315',NULL,887,1,NULL),(712,'8888119165',NULL,888,1,NULL),(713,'889055198313',NULL,889,1,NULL),(714,'8902681541',NULL,890,1,NULL),(715,'89102627',NULL,891,1,NULL),(716,'89225299',NULL,892,1,NULL),(717,'8938298277',NULL,893,1,NULL),(718,'894013842',NULL,894,1,NULL),(719,'89576339466',NULL,895,1,NULL),(720,'896546398299',NULL,896,1,NULL),(721,'897939350',NULL,897,1,NULL),(722,'89824106',NULL,898,1,NULL),(723,'8991154418',NULL,899,1,NULL),(724,'900684743',NULL,900,1,NULL),(725,'90161598816',NULL,901,1,NULL),(726,'902459566',NULL,902,1,NULL),(727,'9038344',NULL,903,1,NULL),(728,'9041698533',NULL,904,1,NULL),(729,'905446335',NULL,905,1,NULL),(730,'906576678',NULL,906,1,NULL),(731,'907240798859',NULL,907,1,NULL),(732,'9082379352',NULL,908,1,NULL),(733,'9092957119',NULL,909,1,NULL),(734,'91030979256',NULL,910,1,NULL),(735,'911818939',NULL,911,1,NULL),(736,'91383309',NULL,913,1,NULL),(737,'9141457607',NULL,914,1,NULL),(738,'91515457907',NULL,915,1,NULL),(739,'9168457166',NULL,916,1,NULL),(740,'9172155205',NULL,917,1,NULL),(741,'91881455862',NULL,918,1,NULL),(742,'91965652',NULL,919,1,NULL),(743,'92095345',NULL,920,1,NULL),(744,'9212657490',NULL,921,1,NULL),(745,'922005657137',NULL,922,1,NULL),(746,'92318656',NULL,923,1,NULL),(747,'92434175431',NULL,924,1,NULL),(748,'9254823',NULL,925,1,NULL),(749,'9260487568',NULL,926,1,NULL),(750,'9279085857',NULL,927,1,NULL),(751,'928314254',NULL,928,1,NULL),(752,'929778221',NULL,929,1,NULL),(753,'930798868',NULL,930,1,NULL),(754,'931851493',NULL,931,1,NULL),(755,'93296495191',NULL,932,1,NULL),(756,'9335679416',NULL,933,1,NULL),(757,'934006356',NULL,934,1,NULL),(758,'93530635',NULL,935,1,NULL),(759,'9366374',NULL,936,1,NULL),(760,'9373201824',NULL,937,1,NULL),(761,'93892167580',NULL,938,1,NULL),(762,'93972616662',NULL,939,1,NULL),(763,'9408916677',NULL,940,1,NULL),(764,'941226445',NULL,941,1,NULL),(765,'942626762',NULL,942,1,NULL),(766,'94320561',NULL,943,1,NULL),(767,'944143367754',NULL,944,1,NULL),(768,'0701795100','179520',945,1,NULL),(769,'207410','207410',946,1,NULL),(770,'0712323434','',947,1,NULL),(771,'07123234322','',948,1,NULL),(772,'071232343226787','',949,1,NULL),(773,'000001221','',950,1,NULL),(774,'0790283124','',952,1,NULL),(775,'07mobile','fixed',954,1,NULL),(776,'07stiles','stiles',955,1,NULL),(777,'07delete','delete',956,1,NULL),(778,'0732432432432432','122222',957,1,NULL);
/*!40000 ALTER TABLE `phone_contact` ENABLE KEYS */;
UNLOCK TABLES;

--
-- Table structure for table `postal_contact`
--

DROP TABLE IF EXISTS `postal_contact`;
/*!40101 SET @saved_cs_client     = @@character_set_client */;
/*!40101 SET character_set_client = utf8 */;
CREATE TABLE `postal_contact` (
  `id` int(10) unsigned NOT NULL AUTO_INCREMENT,
  `box_number` varchar(20) DEFAULT NULL,
  `postal_code` varchar(20) DEFAULT NULL,
  `town` varchar(30) DEFAULT NULL,
  `country` int(10) unsigned NOT NULL,
  `contact` int(10) unsigned NOT NULL,
  `active` tinyint(1) DEFAULT NULL,
  `version` int(11) DEFAULT NULL,
  PRIMARY KEY (`id`),
  UNIQUE KEY `idpostal_contact_UNIQUE` (`id`),
  KEY `fk_postal_contact_contact1_idx` (`contact`),
  KEY `fk_postal_contact_country1_idx` (`country`),
  CONSTRAINT `fk_postal_contact_contact1` FOREIGN KEY (`contact`) REFERENCES `contact` (`id`) ON DELETE NO ACTION ON UPDATE NO ACTION,
  CONSTRAINT `fk_postal_contact_country1` FOREIGN KEY (`country`) REFERENCES `country` (`id`) ON DELETE NO ACTION ON UPDATE NO ACTION
) ENGINE=InnoDB AUTO_INCREMENT=770 DEFAULT CHARSET=latin1;
/*!40101 SET character_set_client = @saved_cs_client */;

--
-- Dumping data for table `postal_contact`
--

LOCK TABLES `postal_contact` WRITE;
/*!40000 ALTER TABLE `postal_contact` DISABLE KEYS */;
INSERT INTO `postal_contact` VALUES (1,'','','',110,176,1,NULL),(2,'','','',110,177,1,NULL),(3,'','','',110,178,1,NULL),(4,'','','',110,179,1,NULL),(5,'','','',110,180,1,NULL),(6,'','','',110,181,1,NULL),(7,'','','',110,182,1,NULL),(8,'','','',110,183,1,NULL),(9,'','','',110,184,1,NULL),(10,'','','',110,185,1,NULL),(11,'','','',110,186,1,NULL),(12,'','','',110,187,1,NULL),(13,'','','',110,188,1,NULL),(14,'','','',110,189,1,NULL),(15,'','','',1,190,1,NULL),(16,'','','',1,191,1,NULL),(17,'','','',1,192,1,NULL),(18,'','','',1,193,1,NULL),(19,'','','',1,194,1,NULL),(20,'','','',110,195,1,NULL),(21,'','','',110,196,1,NULL),(22,'','','',1,197,1,NULL),(23,'','','',110,198,1,NULL),(24,'','','',110,199,1,NULL),(25,'','','',110,200,1,NULL),(26,'','','',110,201,1,NULL),(27,'','','',110,202,1,NULL),(28,'','','',110,203,1,NULL),(29,'','','',110,204,1,NULL),(30,'','','',110,205,1,NULL),(31,'','','',110,206,1,NULL),(32,'','','',110,207,1,NULL),(33,'','','',110,208,1,NULL),(34,'','','',110,209,1,NULL),(35,'','','',110,210,1,NULL),(36,'','','',110,211,1,NULL),(37,'','','',110,212,1,NULL),(38,'','','',110,213,1,NULL),(39,'','','',110,214,1,NULL),(40,'','','',110,215,1,NULL),(41,'','','',110,216,1,NULL),(42,'','','',110,217,1,NULL),(43,'','','',110,218,1,NULL),(44,'','','',110,219,1,NULL),(45,'','','',110,220,1,NULL),(46,'','','',110,221,1,NULL),(47,'','','',110,222,1,NULL),(48,'','','',110,223,1,NULL),(49,'','','',110,224,1,NULL),(50,'','','',110,225,1,NULL),(51,'','','',110,226,1,NULL),(52,'','','',110,227,1,NULL),(53,'','','',110,228,1,NULL),(54,'','','',110,229,1,NULL),(55,'','','',110,230,1,NULL),(56,'','','',1,231,1,NULL),(57,'','','',110,232,1,NULL),(58,'','','',110,233,1,NULL),(59,'','','',110,234,1,NULL),(60,'','','',110,235,1,NULL),(61,'','','',110,236,1,NULL),(62,'','','',110,237,1,NULL),(63,'','','',110,238,1,NULL),(64,'','','',110,239,1,NULL),(65,'','','',110,240,1,NULL),(66,'','','',110,241,1,NULL),(67,'','','',110,242,1,NULL),(68,'','','',110,243,1,NULL),(69,'','','',110,244,1,NULL),(70,'','','',110,245,1,NULL),(71,'','','',110,246,1,NULL),(72,'','','',110,247,1,NULL),(73,'','','',110,248,1,NULL),(74,'','','',110,249,1,NULL),(75,'','','',110,250,1,NULL),(76,'','','',110,251,1,NULL),(77,'','','',110,252,1,NULL),(78,'','','',110,253,1,NULL),(79,'','','',110,254,1,NULL),(80,'','','',110,255,1,NULL),(81,'','','',110,256,1,NULL),(82,'','','',110,257,1,NULL),(83,'','','',110,258,1,NULL),(85,'','','',110,260,1,NULL),(86,'','','',110,261,1,NULL),(87,'','','',110,262,1,NULL),(88,'','','',110,263,1,NULL),(89,'','','',110,264,1,NULL),(90,'','','',110,265,1,NULL),(91,'','','',110,266,1,NULL),(92,'','','',110,267,1,NULL),(93,'','','',110,268,1,NULL),(94,'','','',110,269,1,NULL),(95,'','','',110,270,1,NULL),(96,'','','',110,271,1,NULL),(97,'','','',110,272,1,NULL),(98,'','','',110,273,1,NULL),(99,'','','',110,274,1,NULL),(100,'','','',110,275,1,NULL),(101,'','','',110,276,1,NULL),(102,'','','',110,277,1,NULL),(103,'','','',110,278,1,NULL),(104,'','','',1,279,1,NULL),(105,'','','',110,280,1,NULL),(106,'','','',110,281,1,NULL),(107,'','','',110,282,1,NULL),(108,'','','',110,283,1,NULL),(109,'','','',110,284,1,NULL),(110,'','','',110,285,1,NULL),(111,'','','',110,286,1,NULL),(112,'','','',110,287,1,NULL),(113,'','','',110,288,1,NULL),(114,'','','',110,289,1,NULL),(115,NULL,NULL,NULL,110,290,1,NULL),(116,NULL,NULL,NULL,110,291,1,NULL),(117,NULL,NULL,NULL,110,292,1,NULL),(118,NULL,NULL,NULL,110,293,1,NULL),(119,NULL,NULL,NULL,110,294,1,NULL),(120,'','','',110,295,1,NULL),(121,NULL,NULL,NULL,110,296,1,NULL),(122,NULL,NULL,NULL,110,297,1,NULL),(123,'','','',110,298,1,NULL),(124,NULL,NULL,NULL,110,299,1,NULL),(125,'fb','','fdsbv',110,300,1,NULL),(126,NULL,NULL,NULL,110,301,1,NULL),(127,NULL,NULL,NULL,110,302,1,NULL),(128,'134','50244','amagoro',110,303,1,NULL),(129,NULL,NULL,NULL,110,304,1,NULL),(130,NULL,NULL,NULL,110,305,1,NULL),(131,NULL,NULL,NULL,110,306,1,NULL),(132,NULL,NULL,NULL,110,307,1,NULL),(133,NULL,NULL,NULL,110,308,1,NULL),(134,NULL,NULL,NULL,110,309,1,NULL),(135,NULL,NULL,NULL,110,310,1,NULL),(136,NULL,NULL,NULL,110,311,1,NULL),(137,NULL,NULL,NULL,110,312,1,NULL),(138,NULL,NULL,NULL,110,313,1,NULL),(139,NULL,NULL,NULL,110,314,1,NULL),(140,NULL,NULL,NULL,110,315,1,NULL),(141,'','','',110,316,1,NULL),(142,NULL,NULL,NULL,110,317,1,NULL),(143,NULL,NULL,NULL,110,318,1,NULL),(144,NULL,NULL,NULL,110,319,1,NULL),(145,NULL,NULL,NULL,110,320,1,NULL),(146,NULL,NULL,NULL,110,321,1,NULL),(147,NULL,NULL,NULL,110,322,1,NULL),(148,NULL,NULL,NULL,110,323,1,NULL),(149,NULL,NULL,NULL,110,324,1,NULL),(150,NULL,NULL,NULL,110,325,1,NULL),(151,NULL,NULL,NULL,110,326,1,NULL),(152,NULL,NULL,NULL,110,327,1,NULL),(153,NULL,NULL,NULL,110,328,1,NULL),(154,NULL,NULL,NULL,110,329,1,NULL),(155,NULL,NULL,NULL,110,330,1,NULL),(156,NULL,NULL,NULL,110,331,1,NULL),(157,NULL,NULL,NULL,110,332,1,NULL),(158,NULL,NULL,NULL,110,333,1,NULL),(159,NULL,NULL,NULL,110,334,1,NULL),(160,'684','01000','THIKA',110,335,1,NULL),(161,NULL,NULL,NULL,110,336,1,NULL),(162,NULL,NULL,NULL,110,337,1,NULL),(163,NULL,NULL,NULL,110,338,1,NULL),(164,NULL,NULL,NULL,110,339,1,NULL),(165,NULL,NULL,NULL,110,340,1,NULL),(166,NULL,NULL,NULL,110,341,1,NULL),(167,NULL,NULL,NULL,110,342,1,NULL),(168,NULL,NULL,NULL,110,343,1,NULL),(169,NULL,NULL,NULL,110,344,1,NULL),(170,NULL,NULL,NULL,110,345,1,NULL),(171,NULL,NULL,NULL,110,346,1,NULL),(172,NULL,NULL,NULL,110,347,1,NULL),(173,NULL,NULL,NULL,110,348,1,NULL),(174,NULL,NULL,NULL,110,349,1,NULL),(175,NULL,NULL,NULL,110,350,1,NULL),(176,NULL,NULL,NULL,110,351,1,NULL),(177,'','30300','',110,352,1,NULL),(178,NULL,NULL,NULL,110,353,1,NULL),(179,NULL,NULL,NULL,110,354,1,NULL),(180,NULL,NULL,NULL,110,355,1,NULL),(181,NULL,NULL,NULL,110,356,1,NULL),(182,NULL,NULL,NULL,110,357,1,NULL),(183,NULL,NULL,NULL,110,358,1,NULL),(184,NULL,NULL,NULL,110,359,1,NULL),(185,NULL,NULL,NULL,110,360,1,NULL),(186,NULL,NULL,NULL,110,361,1,NULL),(187,NULL,NULL,NULL,110,362,1,NULL),(188,NULL,NULL,NULL,110,363,1,NULL),(189,NULL,NULL,NULL,110,364,1,NULL),(190,NULL,NULL,NULL,110,365,1,NULL),(191,NULL,NULL,NULL,110,366,1,NULL),(192,NULL,NULL,NULL,110,367,1,NULL),(193,NULL,NULL,NULL,110,368,1,NULL),(194,NULL,NULL,NULL,110,369,1,NULL),(195,NULL,NULL,NULL,110,370,1,NULL),(196,NULL,NULL,NULL,110,371,1,NULL),(197,NULL,NULL,NULL,110,372,1,NULL),(198,NULL,NULL,NULL,110,373,1,NULL),(199,NULL,NULL,NULL,110,374,1,NULL),(200,NULL,NULL,NULL,110,375,1,NULL),(201,NULL,NULL,NULL,110,376,1,NULL),(202,NULL,NULL,NULL,110,377,1,NULL),(203,NULL,NULL,NULL,110,378,1,NULL),(204,'','','',110,379,1,NULL),(205,NULL,NULL,NULL,110,380,1,NULL),(206,NULL,NULL,NULL,110,381,1,NULL),(207,NULL,NULL,NULL,110,382,1,NULL),(208,NULL,NULL,NULL,110,383,1,NULL),(209,NULL,NULL,NULL,110,384,1,NULL),(210,NULL,NULL,NULL,110,385,1,NULL),(211,NULL,NULL,NULL,110,386,1,NULL),(212,NULL,NULL,NULL,110,387,1,NULL),(213,NULL,NULL,NULL,110,388,1,NULL),(214,NULL,NULL,NULL,110,389,1,NULL),(215,NULL,NULL,NULL,110,390,1,NULL),(216,NULL,NULL,NULL,110,391,1,NULL),(217,NULL,NULL,NULL,110,392,1,NULL),(218,NULL,NULL,NULL,110,393,1,NULL),(219,NULL,NULL,NULL,110,394,1,NULL),(220,NULL,NULL,NULL,110,395,1,NULL),(221,NULL,NULL,NULL,110,396,1,NULL),(222,NULL,NULL,NULL,110,397,1,NULL),(223,NULL,NULL,NULL,110,398,1,NULL),(224,NULL,NULL,NULL,110,399,1,NULL),(225,NULL,NULL,NULL,110,400,1,NULL),(226,NULL,NULL,NULL,110,401,1,NULL),(227,NULL,NULL,NULL,110,402,1,NULL),(228,NULL,NULL,NULL,110,403,1,NULL),(229,NULL,NULL,NULL,110,404,1,NULL),(230,NULL,NULL,NULL,110,405,1,NULL),(231,NULL,NULL,NULL,110,406,1,NULL),(232,NULL,NULL,NULL,110,407,1,NULL),(233,NULL,NULL,NULL,110,408,1,NULL),(234,'6537','00300','Nairobi',110,409,1,NULL),(235,NULL,NULL,NULL,110,410,1,NULL),(236,NULL,NULL,NULL,110,411,1,NULL),(237,NULL,NULL,NULL,110,412,1,NULL),(238,'','','NAIROBI',110,413,1,NULL),(239,NULL,NULL,NULL,110,414,1,NULL),(240,NULL,NULL,NULL,110,415,1,NULL),(241,NULL,NULL,NULL,110,416,1,NULL),(242,NULL,NULL,NULL,110,417,1,NULL),(243,NULL,NULL,NULL,110,418,1,NULL),(244,NULL,NULL,NULL,110,419,1,NULL),(245,NULL,NULL,NULL,110,420,1,NULL),(246,NULL,NULL,NULL,110,421,1,NULL),(247,NULL,NULL,NULL,110,422,1,NULL),(248,NULL,NULL,NULL,110,423,1,NULL),(249,NULL,NULL,NULL,110,424,1,NULL),(250,NULL,NULL,NULL,110,425,1,NULL),(251,NULL,NULL,NULL,110,426,1,NULL),(252,NULL,NULL,NULL,110,427,1,NULL),(253,NULL,NULL,NULL,110,428,1,NULL),(254,NULL,NULL,NULL,110,429,1,NULL),(255,NULL,NULL,NULL,110,430,1,NULL),(256,NULL,NULL,NULL,110,431,1,NULL),(257,NULL,NULL,NULL,110,432,1,NULL),(258,NULL,NULL,NULL,110,433,1,NULL),(259,NULL,NULL,NULL,110,434,1,NULL),(260,NULL,NULL,NULL,110,435,1,NULL),(261,NULL,NULL,NULL,110,436,1,NULL),(262,NULL,NULL,NULL,110,437,1,NULL),(263,'','','',110,438,1,NULL),(264,NULL,NULL,NULL,110,439,1,NULL),(265,NULL,NULL,NULL,110,440,1,NULL),(266,'','','Mombasa',110,441,1,NULL),(267,NULL,NULL,NULL,110,442,1,NULL),(268,NULL,NULL,NULL,110,443,1,NULL),(269,'assd','','Kericho',110,444,1,NULL),(270,'','','',110,445,1,NULL),(271,NULL,NULL,NULL,110,446,1,NULL),(272,NULL,NULL,NULL,110,447,1,NULL),(273,NULL,NULL,NULL,110,448,1,NULL),(274,NULL,NULL,NULL,110,449,1,NULL),(275,NULL,NULL,NULL,110,450,1,NULL),(276,NULL,NULL,NULL,110,451,1,NULL),(277,NULL,NULL,NULL,110,452,1,NULL),(278,NULL,NULL,NULL,110,453,1,NULL),(279,NULL,NULL,NULL,110,454,1,NULL),(280,NULL,NULL,NULL,110,455,1,NULL),(281,NULL,NULL,NULL,110,456,1,NULL),(282,NULL,NULL,NULL,110,457,1,NULL),(283,NULL,NULL,NULL,110,458,1,NULL),(284,NULL,NULL,NULL,110,459,1,NULL),(285,NULL,NULL,NULL,110,460,1,NULL),(286,NULL,NULL,NULL,110,461,1,NULL),(287,NULL,NULL,NULL,110,462,1,NULL),(288,NULL,NULL,NULL,110,463,1,NULL),(289,NULL,NULL,NULL,110,464,1,NULL),(290,NULL,NULL,NULL,110,465,1,NULL),(291,NULL,NULL,NULL,110,466,1,NULL),(292,NULL,NULL,NULL,110,467,1,NULL),(293,NULL,NULL,NULL,110,468,1,NULL),(294,NULL,NULL,NULL,110,469,1,NULL),(295,NULL,NULL,NULL,110,470,1,NULL),(296,NULL,NULL,NULL,110,471,1,NULL),(297,NULL,NULL,NULL,110,472,1,NULL),(298,NULL,NULL,NULL,110,473,1,NULL),(299,NULL,NULL,NULL,110,474,1,NULL),(300,NULL,NULL,NULL,110,475,1,NULL),(301,NULL,NULL,NULL,110,476,1,NULL),(302,NULL,NULL,NULL,110,477,1,NULL),(303,NULL,NULL,NULL,110,478,1,NULL),(304,NULL,NULL,NULL,110,479,1,NULL),(305,NULL,NULL,NULL,110,480,1,NULL),(306,NULL,NULL,NULL,110,481,1,NULL),(307,NULL,NULL,NULL,110,482,1,NULL),(308,NULL,NULL,NULL,110,483,1,NULL),(309,NULL,NULL,NULL,110,484,1,NULL),(310,NULL,NULL,NULL,110,486,1,NULL),(311,NULL,NULL,NULL,110,487,1,NULL),(312,NULL,NULL,NULL,110,488,1,NULL),(313,NULL,NULL,NULL,110,489,1,NULL),(314,NULL,NULL,NULL,110,490,1,NULL),(315,NULL,NULL,NULL,110,491,1,NULL),(316,NULL,NULL,NULL,110,492,1,NULL),(317,NULL,NULL,NULL,110,493,1,NULL),(318,NULL,NULL,NULL,110,494,1,NULL),(319,NULL,NULL,NULL,110,495,1,NULL),(320,NULL,NULL,NULL,110,496,1,NULL),(321,NULL,NULL,NULL,110,497,1,NULL),(322,NULL,NULL,NULL,110,498,1,NULL),(323,NULL,NULL,NULL,110,499,1,NULL),(324,NULL,NULL,NULL,110,500,1,NULL),(325,NULL,NULL,NULL,110,501,1,NULL),(326,NULL,NULL,NULL,110,502,1,NULL),(327,NULL,NULL,NULL,110,503,1,NULL),(328,NULL,NULL,NULL,110,504,1,NULL),(329,NULL,NULL,NULL,110,505,1,NULL),(330,NULL,NULL,NULL,110,506,1,NULL),(331,NULL,NULL,NULL,110,507,1,NULL),(332,NULL,NULL,NULL,110,508,1,NULL),(333,NULL,NULL,NULL,110,509,1,NULL),(334,NULL,NULL,NULL,110,510,1,NULL),(335,NULL,NULL,NULL,110,511,1,NULL),(336,NULL,NULL,NULL,110,512,1,NULL),(337,NULL,NULL,NULL,110,513,1,NULL),(338,NULL,NULL,NULL,110,514,1,NULL),(339,NULL,NULL,NULL,110,515,1,NULL),(340,NULL,NULL,NULL,110,516,1,NULL),(341,NULL,NULL,NULL,110,517,1,NULL),(342,NULL,NULL,NULL,110,518,1,NULL),(343,NULL,NULL,NULL,110,519,1,NULL),(344,NULL,NULL,NULL,110,520,1,NULL),(345,NULL,NULL,NULL,110,521,1,NULL),(346,NULL,NULL,NULL,110,522,1,NULL),(347,NULL,NULL,NULL,110,523,1,NULL),(348,NULL,NULL,NULL,110,524,1,NULL),(349,NULL,NULL,NULL,110,525,1,NULL),(350,NULL,NULL,NULL,110,526,1,NULL),(351,NULL,NULL,NULL,110,527,1,NULL),(352,NULL,NULL,NULL,110,528,1,NULL),(353,NULL,NULL,NULL,110,529,1,NULL),(354,NULL,NULL,NULL,110,530,1,NULL),(355,NULL,NULL,NULL,110,531,1,NULL),(356,NULL,NULL,NULL,110,532,1,NULL),(357,NULL,NULL,NULL,110,533,1,NULL),(358,NULL,NULL,NULL,110,534,1,NULL),(359,NULL,NULL,NULL,110,535,1,NULL),(360,NULL,NULL,NULL,110,536,1,NULL),(361,NULL,NULL,NULL,110,537,1,NULL),(362,NULL,NULL,NULL,110,538,1,NULL),(363,NULL,NULL,NULL,110,539,1,NULL),(364,NULL,NULL,NULL,110,540,1,NULL),(365,NULL,NULL,NULL,110,541,1,NULL),(366,NULL,NULL,NULL,110,542,1,NULL),(367,NULL,NULL,NULL,110,543,1,NULL),(368,NULL,NULL,NULL,110,544,1,NULL),(369,NULL,NULL,NULL,110,545,1,NULL),(370,NULL,NULL,NULL,110,546,1,NULL),(371,NULL,NULL,NULL,110,547,1,NULL),(372,NULL,NULL,NULL,110,548,1,NULL),(373,NULL,NULL,NULL,110,549,1,NULL),(374,NULL,NULL,NULL,110,550,1,NULL),(375,NULL,NULL,NULL,110,551,1,NULL),(376,NULL,NULL,NULL,110,552,1,NULL),(377,NULL,NULL,NULL,110,553,1,NULL),(378,NULL,NULL,NULL,110,554,1,NULL),(379,NULL,NULL,NULL,110,555,1,NULL),(380,NULL,NULL,NULL,110,556,1,NULL),(381,NULL,NULL,NULL,110,557,1,NULL),(382,NULL,NULL,NULL,110,558,1,NULL),(383,NULL,NULL,NULL,110,559,1,NULL),(384,NULL,NULL,NULL,110,560,1,NULL),(385,NULL,NULL,NULL,110,561,1,NULL),(386,NULL,NULL,NULL,110,562,1,NULL),(387,NULL,NULL,NULL,110,563,1,NULL),(388,NULL,NULL,NULL,110,564,1,NULL),(389,NULL,NULL,NULL,110,565,1,NULL),(390,NULL,NULL,NULL,110,566,1,NULL),(391,NULL,NULL,NULL,110,567,1,NULL),(392,NULL,NULL,NULL,110,568,1,NULL),(393,NULL,NULL,NULL,110,569,1,NULL),(394,NULL,NULL,NULL,110,570,1,NULL),(395,NULL,NULL,NULL,110,571,1,NULL),(396,NULL,NULL,NULL,110,572,1,NULL),(397,NULL,NULL,NULL,110,573,1,NULL),(398,NULL,NULL,NULL,110,574,1,NULL),(399,NULL,NULL,NULL,110,575,1,NULL),(400,NULL,NULL,NULL,110,576,1,NULL),(401,NULL,NULL,NULL,110,577,1,NULL),(402,NULL,NULL,NULL,110,578,1,NULL),(403,NULL,NULL,NULL,110,579,1,NULL),(404,NULL,NULL,NULL,110,580,1,NULL),(405,NULL,NULL,NULL,110,581,1,NULL),(406,NULL,NULL,NULL,110,582,1,NULL),(407,NULL,NULL,NULL,110,583,1,NULL),(408,NULL,NULL,NULL,110,584,1,NULL),(409,NULL,NULL,NULL,110,585,1,NULL),(410,NULL,NULL,NULL,110,586,1,NULL),(411,NULL,NULL,NULL,110,587,1,NULL),(412,NULL,NULL,NULL,110,588,1,NULL),(413,NULL,NULL,NULL,110,589,1,NULL),(414,NULL,NULL,NULL,110,590,1,NULL),(415,NULL,NULL,NULL,110,591,1,NULL),(416,NULL,NULL,NULL,110,592,1,NULL),(417,NULL,NULL,NULL,110,593,1,NULL),(418,NULL,NULL,NULL,110,594,1,NULL),(419,NULL,NULL,NULL,110,595,1,NULL),(420,NULL,NULL,NULL,110,596,1,NULL),(421,NULL,NULL,NULL,110,597,1,NULL),(422,NULL,NULL,NULL,110,598,1,NULL),(423,NULL,NULL,NULL,110,599,1,NULL),(424,NULL,NULL,NULL,110,600,1,NULL),(425,NULL,NULL,NULL,110,601,1,NULL),(426,NULL,NULL,NULL,110,602,1,NULL),(427,NULL,NULL,NULL,110,603,1,NULL),(428,NULL,NULL,NULL,110,604,1,NULL),(429,NULL,NULL,NULL,110,605,1,NULL),(430,NULL,NULL,NULL,110,606,1,NULL),(431,NULL,NULL,NULL,110,607,1,NULL),(432,NULL,NULL,NULL,110,608,1,NULL),(433,NULL,NULL,NULL,110,609,1,NULL),(434,NULL,NULL,NULL,110,610,1,NULL),(435,NULL,NULL,NULL,110,611,1,NULL),(436,NULL,NULL,NULL,110,612,1,NULL),(437,NULL,NULL,NULL,110,613,1,NULL),(438,NULL,NULL,NULL,110,614,1,NULL),(439,NULL,NULL,NULL,110,615,1,NULL),(440,NULL,NULL,NULL,110,616,1,NULL),(441,NULL,NULL,NULL,110,617,1,NULL),(442,NULL,NULL,NULL,110,618,1,NULL),(443,NULL,NULL,NULL,110,619,1,NULL),(444,NULL,NULL,NULL,110,620,1,NULL),(445,NULL,NULL,NULL,110,621,1,NULL),(446,NULL,NULL,NULL,110,622,1,NULL),(447,NULL,NULL,NULL,110,623,1,NULL),(448,NULL,NULL,NULL,110,624,1,NULL),(449,NULL,NULL,NULL,110,625,1,NULL),(450,NULL,NULL,NULL,110,626,1,NULL),(451,NULL,NULL,NULL,110,627,1,NULL),(452,NULL,NULL,NULL,110,628,1,NULL),(453,NULL,NULL,NULL,110,629,1,NULL),(454,NULL,NULL,NULL,110,630,1,NULL),(455,NULL,NULL,NULL,110,631,1,NULL),(456,NULL,NULL,NULL,110,632,1,NULL),(457,NULL,NULL,NULL,110,633,1,NULL),(458,NULL,NULL,NULL,110,634,1,NULL),(459,NULL,NULL,NULL,110,635,1,NULL),(460,NULL,NULL,NULL,110,636,1,NULL),(461,NULL,NULL,NULL,110,637,1,NULL),(462,NULL,NULL,NULL,110,638,1,NULL),(463,NULL,NULL,NULL,110,639,1,NULL),(464,NULL,NULL,NULL,110,640,1,NULL),(465,NULL,NULL,NULL,110,641,1,NULL),(466,NULL,NULL,NULL,110,642,1,NULL),(467,NULL,NULL,NULL,110,643,1,NULL),(468,NULL,NULL,NULL,110,644,1,NULL),(469,NULL,NULL,NULL,110,645,1,NULL),(470,NULL,NULL,NULL,110,646,1,NULL),(471,NULL,NULL,NULL,110,647,1,NULL),(472,NULL,NULL,NULL,110,648,1,NULL),(473,NULL,NULL,NULL,110,649,1,NULL),(474,NULL,NULL,NULL,110,650,1,NULL),(475,NULL,NULL,NULL,110,651,1,NULL),(476,NULL,NULL,NULL,110,652,1,NULL),(477,NULL,NULL,NULL,110,653,1,NULL),(478,NULL,NULL,NULL,110,654,1,NULL),(479,NULL,NULL,NULL,110,655,1,NULL),(480,NULL,NULL,NULL,110,656,1,NULL),(481,NULL,NULL,NULL,110,657,1,NULL),(482,NULL,NULL,NULL,110,658,1,NULL),(483,NULL,NULL,NULL,110,659,1,NULL),(484,NULL,NULL,NULL,110,660,1,NULL),(485,NULL,NULL,NULL,110,661,1,NULL),(486,NULL,NULL,NULL,110,662,1,NULL),(487,NULL,NULL,NULL,110,663,1,NULL),(488,NULL,NULL,NULL,110,664,1,NULL),(489,NULL,NULL,NULL,110,665,1,NULL),(490,NULL,NULL,NULL,110,667,1,NULL),(491,NULL,NULL,NULL,110,668,1,NULL),(492,NULL,NULL,NULL,110,669,1,NULL),(493,NULL,NULL,NULL,110,670,1,NULL),(494,NULL,NULL,NULL,110,671,1,NULL),(495,NULL,NULL,NULL,110,672,1,NULL),(496,NULL,NULL,NULL,110,673,1,NULL),(497,NULL,NULL,NULL,110,674,1,NULL),(498,NULL,NULL,NULL,110,675,1,NULL),(499,NULL,NULL,NULL,110,676,1,NULL),(500,NULL,NULL,NULL,110,677,1,NULL),(501,NULL,NULL,NULL,110,678,1,NULL),(502,NULL,NULL,NULL,110,679,1,NULL),(503,NULL,NULL,NULL,110,680,1,NULL),(504,NULL,NULL,NULL,110,681,1,NULL),(505,NULL,NULL,NULL,110,682,1,NULL),(506,NULL,NULL,NULL,110,683,1,NULL),(507,NULL,NULL,NULL,110,684,1,NULL),(508,NULL,NULL,NULL,110,685,1,NULL),(509,NULL,NULL,NULL,110,686,1,NULL),(510,NULL,NULL,NULL,110,687,1,NULL),(511,NULL,NULL,NULL,110,688,1,NULL),(512,NULL,NULL,NULL,110,689,1,NULL),(513,NULL,NULL,NULL,110,690,1,NULL),(514,NULL,NULL,NULL,110,691,1,NULL),(515,NULL,NULL,NULL,110,692,1,NULL),(516,NULL,NULL,NULL,110,693,1,NULL),(517,NULL,NULL,NULL,110,695,1,NULL),(518,NULL,NULL,NULL,110,696,1,NULL),(519,NULL,NULL,NULL,110,697,1,NULL),(520,NULL,NULL,NULL,110,698,1,NULL),(521,NULL,NULL,NULL,110,699,1,NULL),(522,NULL,NULL,NULL,110,700,1,NULL),(523,NULL,NULL,NULL,110,701,1,NULL),(524,NULL,NULL,NULL,110,702,1,NULL),(525,NULL,NULL,NULL,110,703,1,NULL),(526,NULL,NULL,NULL,110,704,1,NULL),(527,NULL,NULL,NULL,110,705,1,NULL),(528,NULL,NULL,NULL,110,706,1,NULL),(529,NULL,NULL,NULL,110,707,1,NULL),(530,NULL,NULL,NULL,110,708,1,NULL),(531,NULL,NULL,NULL,110,710,1,NULL),(532,NULL,NULL,NULL,110,711,1,NULL),(533,NULL,NULL,NULL,110,712,1,NULL),(534,NULL,NULL,NULL,110,713,1,NULL),(535,NULL,NULL,NULL,110,714,1,NULL),(536,NULL,NULL,NULL,110,715,1,NULL),(537,NULL,NULL,NULL,110,716,1,NULL),(538,NULL,NULL,NULL,110,717,1,NULL),(539,NULL,NULL,NULL,110,718,1,NULL),(540,NULL,NULL,NULL,110,719,1,NULL),(541,NULL,NULL,NULL,110,720,1,NULL),(542,NULL,NULL,NULL,110,721,1,NULL),(543,NULL,NULL,NULL,110,722,1,NULL),(544,NULL,NULL,NULL,110,723,1,NULL),(545,NULL,NULL,NULL,110,724,1,NULL),(546,NULL,NULL,NULL,110,725,1,NULL),(547,NULL,NULL,NULL,110,726,1,NULL),(548,NULL,NULL,NULL,110,727,1,NULL),(549,NULL,NULL,NULL,110,728,1,NULL),(550,NULL,NULL,NULL,110,729,1,NULL),(551,NULL,NULL,NULL,110,730,1,NULL),(552,NULL,NULL,NULL,110,731,1,NULL),(553,NULL,NULL,NULL,110,732,1,NULL),(554,NULL,NULL,NULL,110,733,1,NULL),(555,NULL,NULL,NULL,110,734,1,NULL),(556,NULL,NULL,NULL,110,735,1,NULL),(557,NULL,NULL,NULL,110,736,1,NULL),(558,NULL,NULL,NULL,110,737,1,NULL),(559,NULL,NULL,NULL,110,738,1,NULL),(560,NULL,NULL,NULL,110,739,1,NULL),(561,NULL,NULL,NULL,110,740,1,NULL),(562,NULL,NULL,NULL,110,741,1,NULL),(563,NULL,NULL,NULL,110,742,1,NULL),(564,NULL,NULL,NULL,110,743,1,NULL),(565,NULL,NULL,NULL,110,744,1,NULL),(566,NULL,NULL,NULL,110,745,1,NULL),(567,NULL,NULL,NULL,110,746,1,NULL),(568,NULL,NULL,NULL,110,747,1,NULL),(569,NULL,NULL,NULL,110,748,1,NULL),(570,NULL,NULL,NULL,110,749,1,NULL),(571,NULL,NULL,NULL,110,750,1,NULL),(572,NULL,NULL,NULL,110,751,1,NULL),(573,NULL,NULL,NULL,110,752,1,NULL),(574,NULL,NULL,NULL,110,753,1,NULL),(575,NULL,NULL,NULL,110,754,1,NULL),(576,NULL,NULL,NULL,110,755,1,NULL),(577,NULL,NULL,NULL,110,756,1,NULL),(578,NULL,NULL,NULL,110,757,1,NULL),(579,NULL,NULL,NULL,110,758,1,NULL),(580,NULL,NULL,NULL,110,759,1,NULL),(581,NULL,NULL,NULL,110,760,1,NULL),(582,NULL,NULL,NULL,110,761,1,NULL),(583,NULL,NULL,NULL,110,762,1,NULL),(584,NULL,NULL,NULL,110,763,1,NULL),(585,NULL,NULL,NULL,110,764,1,NULL),(586,NULL,NULL,NULL,110,765,1,NULL),(587,NULL,NULL,NULL,110,766,1,NULL),(588,NULL,NULL,NULL,110,767,1,NULL),(589,NULL,NULL,NULL,110,768,1,NULL),(590,NULL,NULL,NULL,110,769,1,NULL),(591,NULL,NULL,NULL,110,770,1,NULL),(592,NULL,NULL,NULL,110,771,1,NULL),(593,NULL,NULL,NULL,110,772,1,NULL),(594,NULL,NULL,NULL,110,773,1,NULL),(595,NULL,NULL,NULL,110,774,1,NULL),(596,NULL,NULL,NULL,110,775,1,NULL),(597,NULL,NULL,NULL,110,776,1,NULL),(598,NULL,NULL,NULL,110,777,1,NULL),(599,NULL,NULL,NULL,110,778,1,NULL),(600,NULL,NULL,NULL,110,779,1,NULL),(601,NULL,NULL,NULL,110,780,1,NULL),(602,NULL,NULL,NULL,110,781,1,NULL),(603,NULL,NULL,NULL,110,782,1,NULL),(604,NULL,NULL,NULL,110,783,1,NULL),(605,NULL,NULL,NULL,110,784,1,NULL),(606,NULL,NULL,NULL,110,785,1,NULL),(607,NULL,NULL,NULL,110,786,1,NULL),(608,NULL,NULL,NULL,110,787,1,NULL),(609,NULL,NULL,NULL,110,788,1,NULL),(610,NULL,NULL,NULL,110,789,1,NULL),(611,NULL,NULL,NULL,110,790,1,NULL),(612,NULL,NULL,NULL,110,791,1,NULL),(613,NULL,NULL,NULL,110,792,1,NULL),(614,NULL,NULL,NULL,110,793,1,NULL),(615,NULL,NULL,NULL,110,794,1,NULL),(616,NULL,NULL,NULL,110,795,1,NULL),(617,NULL,NULL,NULL,110,796,1,NULL),(618,NULL,NULL,NULL,110,797,1,NULL),(619,NULL,NULL,NULL,110,798,1,NULL),(620,NULL,NULL,NULL,110,799,1,NULL),(621,NULL,NULL,NULL,110,800,1,NULL),(622,NULL,NULL,NULL,110,801,1,NULL),(623,NULL,NULL,NULL,110,802,1,NULL),(624,NULL,NULL,NULL,110,803,1,NULL),(625,NULL,NULL,NULL,110,804,1,NULL),(626,NULL,NULL,NULL,110,805,1,NULL),(627,NULL,NULL,NULL,110,806,1,NULL),(628,NULL,NULL,NULL,110,807,1,NULL),(629,NULL,NULL,NULL,110,808,1,NULL),(630,NULL,NULL,NULL,110,809,1,NULL),(631,NULL,NULL,NULL,110,810,1,NULL),(632,NULL,NULL,NULL,110,811,1,NULL),(633,NULL,NULL,NULL,110,812,1,NULL),(634,NULL,NULL,NULL,110,813,1,NULL),(635,NULL,NULL,NULL,110,814,1,NULL),(636,NULL,NULL,NULL,110,815,1,NULL),(637,NULL,NULL,NULL,110,816,1,NULL),(638,NULL,NULL,NULL,110,817,1,NULL),(639,NULL,NULL,NULL,110,818,1,NULL),(640,NULL,NULL,NULL,110,819,1,NULL),(641,NULL,NULL,NULL,110,820,1,NULL),(642,NULL,NULL,NULL,110,821,1,NULL),(643,NULL,NULL,NULL,110,822,1,NULL),(644,NULL,NULL,NULL,110,823,1,NULL),(645,NULL,NULL,NULL,110,824,1,NULL),(646,NULL,NULL,NULL,110,825,1,NULL),(647,NULL,NULL,NULL,110,826,1,NULL),(648,NULL,NULL,NULL,110,827,1,NULL),(649,NULL,NULL,NULL,110,828,1,NULL),(650,NULL,NULL,NULL,110,829,1,NULL),(651,NULL,NULL,NULL,110,830,1,NULL),(652,NULL,NULL,NULL,110,831,1,NULL),(653,NULL,NULL,NULL,110,832,1,NULL),(654,NULL,NULL,NULL,110,833,1,NULL),(655,NULL,NULL,NULL,110,834,1,NULL),(656,NULL,NULL,NULL,110,835,1,NULL),(657,NULL,NULL,NULL,110,836,1,NULL),(658,NULL,NULL,NULL,110,837,1,NULL),(659,NULL,NULL,NULL,110,838,1,NULL),(660,NULL,NULL,NULL,110,839,1,NULL),(661,NULL,NULL,NULL,110,840,1,NULL),(662,NULL,NULL,NULL,110,841,1,NULL),(663,NULL,NULL,NULL,110,842,1,NULL),(664,NULL,NULL,NULL,110,843,1,NULL),(665,NULL,NULL,NULL,110,844,1,NULL),(666,NULL,NULL,NULL,110,845,1,NULL),(667,NULL,NULL,NULL,110,846,1,NULL),(668,NULL,NULL,NULL,110,847,1,NULL),(669,NULL,NULL,NULL,110,848,1,NULL),(670,NULL,NULL,NULL,110,849,1,NULL),(671,NULL,NULL,NULL,110,850,1,NULL),(672,NULL,NULL,NULL,110,851,1,NULL),(673,NULL,NULL,NULL,110,852,1,NULL),(674,NULL,NULL,NULL,110,853,1,NULL),(675,NULL,NULL,NULL,110,854,1,NULL),(676,NULL,NULL,NULL,110,855,1,NULL),(677,NULL,NULL,NULL,110,856,1,NULL),(678,NULL,NULL,NULL,110,858,1,NULL),(679,NULL,NULL,NULL,110,859,1,NULL),(680,NULL,NULL,NULL,110,861,1,NULL),(681,NULL,NULL,NULL,110,862,1,NULL),(682,NULL,NULL,NULL,110,863,1,NULL),(683,NULL,NULL,NULL,110,864,1,NULL),(684,NULL,NULL,NULL,110,865,1,NULL),(685,NULL,NULL,NULL,110,866,1,NULL),(686,NULL,NULL,NULL,110,867,1,NULL),(687,NULL,NULL,NULL,110,868,1,NULL),(688,NULL,NULL,NULL,110,869,1,NULL),(689,NULL,NULL,NULL,110,870,1,NULL),(690,NULL,NULL,NULL,110,871,1,NULL),(691,NULL,NULL,NULL,110,872,1,NULL),(692,NULL,NULL,NULL,110,873,1,NULL),(693,NULL,NULL,NULL,110,874,1,NULL),(694,NULL,NULL,NULL,110,875,1,NULL),(695,NULL,NULL,NULL,110,876,1,NULL),(696,NULL,NULL,NULL,110,877,1,NULL),(697,NULL,NULL,NULL,110,878,1,NULL),(698,NULL,NULL,NULL,110,879,1,NULL),(699,NULL,NULL,NULL,110,880,1,NULL),(700,NULL,NULL,NULL,110,881,1,NULL),(701,NULL,NULL,NULL,110,882,1,NULL),(702,NULL,NULL,NULL,110,883,1,NULL),(703,NULL,NULL,NULL,110,884,1,NULL),(704,NULL,NULL,NULL,110,885,1,NULL),(705,NULL,NULL,NULL,110,886,1,NULL),(706,NULL,NULL,NULL,110,887,1,NULL),(707,NULL,NULL,NULL,110,888,1,NULL),(708,NULL,NULL,NULL,110,889,1,NULL),(709,NULL,NULL,NULL,110,890,1,NULL),(710,NULL,NULL,NULL,110,891,1,NULL),(711,NULL,NULL,NULL,110,892,1,NULL),(712,NULL,NULL,NULL,110,893,1,NULL),(713,NULL,NULL,NULL,110,894,1,NULL),(714,NULL,NULL,NULL,110,895,1,NULL),(715,NULL,NULL,NULL,110,896,1,NULL),(716,NULL,NULL,NULL,110,897,1,NULL),(717,NULL,NULL,NULL,110,898,1,NULL),(718,NULL,NULL,NULL,110,899,1,NULL),(719,NULL,NULL,NULL,110,900,1,NULL),(720,NULL,NULL,NULL,110,901,1,NULL),(721,NULL,NULL,NULL,110,902,1,NULL),(722,NULL,NULL,NULL,110,903,1,NULL),(723,NULL,NULL,NULL,110,904,1,NULL),(724,NULL,NULL,NULL,110,905,1,NULL),(725,NULL,NULL,NULL,110,906,1,NULL),(726,NULL,NULL,NULL,110,907,1,NULL),(727,NULL,NULL,NULL,110,908,1,NULL),(728,NULL,NULL,NULL,110,909,1,NULL),(729,NULL,NULL,NULL,110,910,1,NULL),(730,NULL,NULL,NULL,110,911,1,NULL),(731,NULL,NULL,NULL,110,913,1,NULL),(732,NULL,NULL,NULL,110,914,1,NULL),(733,NULL,NULL,NULL,110,915,1,NULL),(734,NULL,NULL,NULL,110,916,1,NULL),(735,NULL,NULL,NULL,110,917,1,NULL),(736,NULL,NULL,NULL,110,918,1,NULL),(737,NULL,NULL,NULL,110,919,1,NULL),(738,NULL,NULL,NULL,110,920,1,NULL),(739,NULL,NULL,NULL,110,921,1,NULL),(740,NULL,NULL,NULL,110,922,1,NULL),(741,NULL,NULL,NULL,110,923,1,NULL),(742,NULL,NULL,NULL,110,924,1,NULL),(743,NULL,NULL,NULL,110,925,1,NULL),(744,NULL,NULL,NULL,110,927,1,NULL),(745,NULL,NULL,NULL,110,928,1,NULL),(746,NULL,NULL,NULL,110,931,1,NULL),(747,NULL,NULL,NULL,110,932,1,NULL),(748,NULL,NULL,NULL,110,933,1,NULL),(749,NULL,NULL,NULL,110,934,1,NULL),(750,NULL,NULL,NULL,110,935,1,NULL),(751,NULL,NULL,NULL,110,936,1,NULL),(752,NULL,NULL,NULL,110,937,1,NULL),(753,NULL,NULL,NULL,110,938,1,NULL),(754,NULL,NULL,NULL,110,939,1,NULL),(755,NULL,NULL,NULL,110,940,1,NULL),(756,NULL,NULL,NULL,110,941,1,NULL),(757,NULL,NULL,NULL,110,942,1,NULL),(758,NULL,NULL,NULL,110,943,1,NULL),(759,'179510454','00100','Nairobi',110,945,1,NULL),(760,'','','',1,946,1,NULL),(761,'','','',110,947,1,NULL),(762,'','','',110,948,1,NULL),(763,'','','',110,949,1,NULL),(764,'','','',110,950,1,NULL),(765,'','','',1,952,1,NULL),(766,'22222','00100','Nairobi',110,954,1,NULL),(767,'9090','00100','Nairobi',110,955,1,NULL),(768,'delete','delete','Nairobi',110,956,1,NULL),(769,'24324','00100','Nairobi',110,957,1,NULL);
/*!40000 ALTER TABLE `postal_contact` ENABLE KEYS */;
UNLOCK TABLES;

--
-- Table structure for table `question`
--

DROP TABLE IF EXISTS `question`;
/*!40101 SET @saved_cs_client     = @@character_set_client */;
/*!40101 SET character_set_client = utf8 */;
CREATE TABLE `question` (
  `id` int(10) unsigned NOT NULL AUTO_INCREMENT,
  `question` varchar(200) NOT NULL,
  `question_category` smallint(3) unsigned NOT NULL,
  `means_of_answering` smallint(3) unsigned NOT NULL,
  `rating_type` smallint(3) unsigned DEFAULT NULL,
  `faculty` int(10) unsigned DEFAULT NULL,
  `department` int(10) unsigned DEFAULT NULL,
  `active` tinyint(1) DEFAULT NULL,
  `version` int(11) DEFAULT NULL,
  PRIMARY KEY (`id`),
  UNIQUE KEY `id_UNIQUE` (`id`),
  KEY `fk_question_question_category1_idx` (`question_category`),
  KEY `fk_question_means_of_answering1_idx` (`means_of_answering`),
  KEY `fk_question_faculty1_idx` (`faculty`),
  KEY `fk_question_department1_idx` (`department`),
  KEY `fk_question_rating_type1_idx` (`rating_type`),
  CONSTRAINT `fk_question_department1` FOREIGN KEY (`department`) REFERENCES `department` (`id`) ON DELETE NO ACTION ON UPDATE NO ACTION,
  CONSTRAINT `fk_question_faculty1` FOREIGN KEY (`faculty`) REFERENCES `faculty` (`id`) ON DELETE NO ACTION ON UPDATE NO ACTION,
  CONSTRAINT `fk_question_means_of_answering1` FOREIGN KEY (`means_of_answering`) REFERENCES `means_of_answering` (`id`) ON DELETE NO ACTION ON UPDATE NO ACTION,
  CONSTRAINT `fk_question_question_category1` FOREIGN KEY (`question_category`) REFERENCES `question_category` (`id`) ON DELETE NO ACTION ON UPDATE NO ACTION,
  CONSTRAINT `fk_question_rating_type1` FOREIGN KEY (`rating_type`) REFERENCES `rating_type` (`id`) ON DELETE NO ACTION ON UPDATE NO ACTION
) ENGINE=InnoDB AUTO_INCREMENT=46 DEFAULT CHARSET=latin1;
/*!40101 SET character_set_client = @saved_cs_client */;

--
-- Dumping data for table `question`
--

LOCK TABLES `question` WRITE;
/*!40000 ALTER TABLE `question` DISABLE KEYS */;
INSERT INTO `question` VALUES (1,'Clarity of course objectives (Classroom/Clinical)',1,1,1,8,NULL,1,NULL),(2,'Achievement of course objectives',1,1,1,8,NULL,1,NULL),(3,'Relevance of course to programme objectives',1,1,1,8,NULL,1,NULL),(4,'Interpretation of concepts and theories',2,1,1,8,NULL,1,NULL),(5,'Coverage of course syllabus',2,1,1,8,NULL,1,NULL),(6,'Clarity in presentation',2,1,1,8,NULL,1,NULL),(7,'Effectiveness of presentation methods',2,1,1,8,NULL,1,NULL),(8,'Sufficiency of handouts',3,1,1,8,NULL,1,NULL),(9,'Value of recommended resource materials',3,1,1,8,NULL,1,NULL),(10,'Use of audio-visual and other teaching aids',3,1,1,8,NULL,1,NULL),(11,'Guidance on the use of web based material/journals',3,1,1,8,NULL,1,NULL),(12,'Adequacy of physical facilities',3,1,1,8,NULL,1,NULL),(13,'Sufficiency of computer(ICT) facility',3,1,1,8,NULL,1,NULL),(14,'Relevance of laboratory experiment(if any)',3,1,1,8,NULL,1,NULL),(15,'Relevance and usefulness of assignments/practicals/CATs',4,1,1,8,NULL,1,NULL),(16,'Appropriate coursework assessement',4,1,1,8,NULL,1,NULL),(17,'Satisfaction with methods of evaluation for classroom theory',4,1,1,8,NULL,1,NULL),(18,'Satisfaction with methods of assessment for practicals',4,1,1,8,NULL,1,NULL),(19,'Attends class regularly',5,1,1,8,NULL,1,NULL),(20,'Keeps to the published timetable',5,1,1,8,NULL,1,NULL),(21,'Is available for consultation when necessary(outside class time)',5,1,1,8,NULL,1,NULL),(22,'Guidance in practical lessons(e.g. Nursing)',5,1,1,8,NULL,1,NULL),(23,'Explains the scope, recommended readings, delivery and evaluation methodology of the course',6,1,1,8,NULL,1,NULL),(24,'Uses organized, up-to-date notes and course materials',6,1,1,8,NULL,1,NULL),(25,'Manages time well(punctual, uses class time efficiently)',6,1,1,8,NULL,1,NULL),(26,'Demonstration of procedures in the practical sessions',6,1,1,8,NULL,1,NULL),(27,'Presents course concepts and theories in a clear and interesting way',7,1,1,8,NULL,1,NULL),(28,'Facilitates meaningful and active class participation by students',7,1,1,8,NULL,1,NULL),(29,'Answers questions clearly and knowledgeably',7,1,1,8,NULL,1,NULL),(30,'Uses relevant examples and illustrations in the class/practical',7,1,1,8,NULL,1,NULL),(31,'Is open to diverse viewpoints and opinions',7,1,1,8,NULL,1,NULL),(32,'Gives relevant and challenging assignments and tests',8,1,1,8,NULL,1,NULL),(33,'Marks assignments and tests promptly',8,1,1,8,NULL,1,NULL),(34,'Gives helpful feedback on assignments and tests',8,1,1,8,NULL,1,NULL),(35,'Use of case studies for analysis',8,1,1,8,NULL,1,NULL),(36,'Overall rating of lecturer in the classroom/during lecture',9,1,1,8,NULL,1,NULL),(37,'Overall rating of the lecturer during practical/clinical sessions',9,1,1,8,NULL,1,NULL),(38,'What proportions of classes do you attend?',10,1,4,8,NULL,1,NULL),(39,'In a normal class/practical sesison, what portion of class members are present?',10,1,4,8,NULL,1,NULL),(40,'What are the reasons for the level of attendance you have reported above?',10,2,NULL,8,NULL,1,NULL),(41,'Your lecturer would like to know if there are certain aspects you believe he/she has done especially well in his/her teaching of this course?',11,3,NULL,8,NULL,1,NULL),(42,'Your lecturer would also like to know what specific things you believe must be done to improve his/her teaching in the course?',11,3,NULL,8,NULL,1,NULL),(43,'What other materials or resources, if any, should be added to enhance understanding of the course contents?',11,3,NULL,8,NULL,1,NULL),(44,'What is your overall view of the course?',11,2,NULL,8,NULL,1,NULL),(45,'Would you recommend this course to any other group of students?',11,1,3,8,NULL,1,NULL);
/*!40000 ALTER TABLE `question` ENABLE KEYS */;
UNLOCK TABLES;

--
-- Table structure for table `question_category`
--

DROP TABLE IF EXISTS `question_category`;
/*!40101 SET @saved_cs_client     = @@character_set_client */;
/*!40101 SET character_set_client = utf8 */;
CREATE TABLE `question_category` (
  `id` smallint(3) unsigned NOT NULL AUTO_INCREMENT,
  `category` varchar(60) DEFAULT NULL,
  `active` tinyint(1) DEFAULT NULL,
  `version` int(11) DEFAULT NULL,
  PRIMARY KEY (`id`),
  UNIQUE KEY `id_UNIQUE` (`id`)
) ENGINE=InnoDB AUTO_INCREMENT=12 DEFAULT CHARSET=latin1;
/*!40101 SET character_set_client = @saved_cs_client */;

--
-- Dumping data for table `question_category`
--

LOCK TABLES `question_category` WRITE;
/*!40000 ALTER TABLE `question_category` DISABLE KEYS */;
INSERT INTO `question_category` VALUES (1,'Objectives',1,NULL),(2,'Content and Methodology',1,NULL),(3,'Materials and Physical Facilities',1,NULL),(4,'Evaluation',1,NULL),(5,'Availability of lecturer',1,NULL),(6,'Preparation',1,NULL),(7,'Course delivery',1,NULL),(8,'Course evaluation',1,NULL),(9,'Overall rating',1,NULL),(10,'Class attendance',1,NULL),(11,'General comments',1,NULL);
/*!40000 ALTER TABLE `question_category` ENABLE KEYS */;
UNLOCK TABLES;

--
-- Table structure for table `rating`
--

DROP TABLE IF EXISTS `rating`;
/*!40101 SET @saved_cs_client     = @@character_set_client */;
/*!40101 SET character_set_client = utf8 */;
CREATE TABLE `rating` (
  `id` int(10) unsigned NOT NULL AUTO_INCREMENT,
  `rating` varchar(60) DEFAULT NULL,
  `rating_type` smallint(3) unsigned NOT NULL,
  `active` tinyint(1) DEFAULT NULL,
  `version` int(11) DEFAULT NULL,
  PRIMARY KEY (`id`),
  UNIQUE KEY `id_UNIQUE` (`id`),
  KEY `fk_rating_rating_type1_idx` (`rating_type`),
  CONSTRAINT `fk_rating_rating_type1` FOREIGN KEY (`rating_type`) REFERENCES `rating_type` (`id`) ON DELETE NO ACTION ON UPDATE NO ACTION
) ENGINE=InnoDB AUTO_INCREMENT=15 DEFAULT CHARSET=latin1;
/*!40101 SET character_set_client = @saved_cs_client */;

--
-- Dumping data for table `rating`
--

LOCK TABLES `rating` WRITE;
/*!40000 ALTER TABLE `rating` DISABLE KEYS */;
INSERT INTO `rating` VALUES (1,'N/A',1,1,NULL),(2,'1',1,1,NULL),(3,'2',1,1,NULL),(4,'3',1,1,NULL),(5,'4',1,1,NULL),(6,'5',1,1,NULL),(7,'100%',4,1,NULL),(8,'75 - 99%',4,1,NULL),(9,'50 - 74%',4,1,NULL),(10,'Below 49%',4,1,NULL),(11,'Yes',3,1,NULL),(12,'No',3,1,NULL),(13,'true',2,1,NULL),(14,'false',2,1,NULL);
/*!40000 ALTER TABLE `rating` ENABLE KEYS */;
UNLOCK TABLES;

--
-- Table structure for table `rating_type`
--

DROP TABLE IF EXISTS `rating_type`;
/*!40101 SET @saved_cs_client     = @@character_set_client */;
/*!40101 SET character_set_client = utf8 */;
CREATE TABLE `rating_type` (
  `id` smallint(3) unsigned NOT NULL AUTO_INCREMENT,
  `rating_type` varchar(60) NOT NULL,
  `active` tinyint(1) DEFAULT NULL,
  `version` int(11) DEFAULT NULL,
  PRIMARY KEY (`id`),
  UNIQUE KEY `id_UNIQUE` (`id`),
  UNIQUE KEY `rating_type_UNIQUE` (`rating_type`)
) ENGINE=InnoDB AUTO_INCREMENT=5 DEFAULT CHARSET=latin1;
/*!40101 SET character_set_client = @saved_cs_client */;

--
-- Dumping data for table `rating_type`
--

LOCK TABLES `rating_type` WRITE;
/*!40000 ALTER TABLE `rating_type` DISABLE KEYS */;
INSERT INTO `rating_type` VALUES (1,'star',NULL,NULL),(2,'boolean',NULL,NULL),(3,'yes or no',NULL,NULL),(4,'percentage',NULL,NULL);
/*!40000 ALTER TABLE `rating_type` ENABLE KEYS */;
UNLOCK TABLES;

--
-- Table structure for table `student_feedback`
--

DROP TABLE IF EXISTS `student_feedback`;
/*!40101 SET @saved_cs_client     = @@character_set_client */;
/*!40101 SET character_set_client = utf8 */;
CREATE TABLE `student_feedback` (
  `id` int(10) unsigned NOT NULL AUTO_INCREMENT,
  `feedback` varchar(400) NOT NULL,
  `faculty_member` int(10) unsigned NOT NULL,
  `date_completed` datetime DEFAULT NULL,
  `evaluation_session` int(10) unsigned NOT NULL,
  `active` tinyint(1) DEFAULT NULL,
  `version` int(11) DEFAULT NULL,
  PRIMARY KEY (`id`),
  UNIQUE KEY `id_UNIQUE` (`id`),
  KEY `fk_student_feedback_faculty_member1_idx` (`faculty_member`),
  KEY `fk_student_feedback_evaluation_session1_idx` (`evaluation_session`),
  CONSTRAINT `fk_student_feedback_evaluation_session1` FOREIGN KEY (`evaluation_session`) REFERENCES `evaluation_session` (`id`) ON DELETE NO ACTION ON UPDATE NO ACTION,
  CONSTRAINT `fk_student_feedback_faculty_member1` FOREIGN KEY (`faculty_member`) REFERENCES `faculty_member` (`id`) ON DELETE NO ACTION ON UPDATE NO ACTION
) ENGINE=InnoDB AUTO_INCREMENT=11 DEFAULT CHARSET=latin1;
/*!40101 SET character_set_client = @saved_cs_client */;

--
-- Dumping data for table `student_feedback`
--

LOCK TABLES `student_feedback` WRITE;
/*!40000 ALTER TABLE `student_feedback` DISABLE KEYS */;
INSERT INTO `student_feedback` VALUES (1,'Mulwa, you have completed the course/lecturer evaluation for this evaluation session. We are happy to inform you that your opinions, comments and reasonings have been received and we are grateful. You completed your evaluation on Nov 30, 2015. Thank you very much!',86,'2015-11-30 00:00:00',2,1,NULL),(2,'Mungai, you have completed the course/lecturer evaluation for this evaluation session. We are happy to inform you that your opinions, comments and reasonings have been received and we are grateful. You completed your evaluation on Nov 30, 2015. Thank you very much!',88,'2015-11-30 00:00:00',2,1,NULL),(3,'Kariuki, you have completed the course/lecturer evaluation for this evaluation session. We are happy to inform you that your opinions, comments and reasonings have been received and we are grateful. You completed your evaluation on Nov 30, 2015. Thank you very much!',46,'2015-11-30 00:00:00',2,1,NULL),(4,'Mungathia, you have completed the course/lecturer evaluation for this evaluation session. We are happy to inform you that your opinions, comments and reasonings have been received and we are grateful. You completed your evaluation on Nov 30, 2015. Thank you very much!',90,'2015-11-30 00:00:00',2,1,NULL),(5,'Sakali, you have completed the course/lecturer evaluation for this evaluation session. We are happy to inform you that your opinions, comments and reasonings have been received and we are grateful. You completed your evaluation on Nov 30, 2015. Thank you very much!',140,'2015-11-30 00:00:00',2,1,NULL),(6,'Nyagesoa, you have completed the course/lecturer evaluation for this evaluation session. We are happy to inform you that your opinions, comments and reasonings have been received and we are grateful. You completed your evaluation on Nov 30, 2015. Thank you very much!',120,'2015-11-30 00:00:00',2,1,NULL),(7,'Njoki, you have completed the course/lecturer evaluation for this evaluation session. We are happy to inform you that your opinions, comments and reasonings have been received and we are grateful. You completed your evaluation on Nov 30, 2015. Thank you very much!',118,'2015-11-30 00:00:00',2,1,NULL),(8,'Mbari, you have completed the course/lecturer evaluation for this evaluation session. We are happy to inform you that your opinions, comments and reasonings have been received and we are grateful. You completed your evaluation on Nov 30, 2015. Thank you very much!',77,'2015-11-30 00:00:00',2,1,NULL),(9,'Kyalo, you have completed the course/lecturer evaluation for this evaluation session. We are happy to inform you that your opinions, comments and reasonings have been received and we are grateful. You completed your evaluation on Nov 30, 2015. Thank you very much!',58,'2015-11-30 00:00:00',2,1,NULL),(10,'Kibet, you have completed the course/lecturer evaluation for this evaluation session. We are happy to inform you that your opinions, comments and reasonings have been received and we are grateful. You completed your evaluation on Nov 30, 2015. Thank you very much!',49,'2015-11-30 00:00:00',2,1,NULL);
/*!40000 ALTER TABLE `student_feedback` ENABLE KEYS */;
UNLOCK TABLES;

--
-- Table structure for table `user_account`
--

DROP TABLE IF EXISTS `user_account`;
/*!40101 SET @saved_cs_client     = @@character_set_client */;
/*!40101 SET character_set_client = utf8 */;
CREATE TABLE `user_account` (
  `id` int(10) unsigned NOT NULL AUTO_INCREMENT,
  `username` varchar(20) NOT NULL,
  `password` varchar(150) NOT NULL,
  `person` int(10) unsigned NOT NULL,
  `user_group` smallint(3) unsigned NOT NULL,
  `active` tinyint(1) DEFAULT NULL,
  `active_from` datetime DEFAULT NULL,
  `deactivated_on` datetime DEFAULT NULL,
  `version` int(11) DEFAULT NULL,
  PRIMARY KEY (`id`),
  UNIQUE KEY `id_UNIQUE` (`id`),
  UNIQUE KEY `username_UNIQUE` (`username`),
  KEY `fk__user_user_group1_idx` (`user_group`),
  KEY `fk__user_person1_idx` (`person`),
  CONSTRAINT `fk__user_person1` FOREIGN KEY (`person`) REFERENCES `person` (`id`) ON DELETE NO ACTION ON UPDATE NO ACTION,
  CONSTRAINT `fk__user_user_group1` FOREIGN KEY (`user_group`) REFERENCES `user_group` (`id`) ON DELETE NO ACTION ON UPDATE NO ACTION
) ENGINE=InnoDB AUTO_INCREMENT=169 DEFAULT CHARSET=latin1;
/*!40101 SET character_set_client = @saved_cs_client */;

--
-- Dumping data for table `user_account`
--

LOCK TABLES `user_account` WRITE;
/*!40000 ALTER TABLE `user_account` DISABLE KEYS */;
INSERT INTO `user_account` VALUES (1,'P15/36965/2016','2c5c6de873654ed0f13668b8918304c3b21827c1bc17ba86fde6be73a3c7ef64',1,3,1,NULL,NULL,NULL),(2,'P15/1703/2016','823b0279823733f814894a3f8a24c1eb558d6aba798bf7b84cc6b868bb7d3484',2,3,1,NULL,NULL,NULL),(3,'P15/1699/2016','b4cf1b990280c1e0550b83d50d033d85c10f7802ae9fbd579a018875a77a8fa3',3,3,1,NULL,NULL,NULL),(4,'P15/34475/2014','2dfa91de326845bd54896f0ba5125032798e68741c92bc9c334ecbe692086892',4,3,1,NULL,NULL,NULL),(5,'P15/2753/2016','e54336c4f29f8c9f40bbceffd45293d89f7c99c8d00e6fbe431c3a9b08231c07',5,3,1,NULL,NULL,NULL),(6,'P15/36478/2016','27ef5b68c771ee8206b8a2e28ae2a7cf155b651c9975e000d3d190b9ae9dcac0',6,3,1,NULL,NULL,NULL),(7,'P15/1726/2016','413d0b67e95a8d83d44b65b8321103d7cc2dbf0cb1cc6c1a10eb2ccd71403502',7,3,1,NULL,NULL,NULL),(8,'P15/36780/2016','ea3d16cc24eaa9b21b924a3f1a2078cdf29fc5cb9f60db1df201556f5b4ccf58',8,3,1,NULL,NULL,NULL),(9,'P15/1721/2016','53266ee650b2ce488f392c29246efeff44071c1bde039c4788fbca9016d31526',9,3,1,NULL,NULL,NULL),(10,'P15/1728/2016','69b54066d724b41511d8ae57f931f72580439004f42f54240b9d07070d95a9bb',10,3,1,NULL,NULL,NULL),(11,'P15/4630/2015','7fd197dd6801345413e937dacd51d49839e1fae2624f7d2735025f657b3839d6',11,3,1,NULL,NULL,NULL),(12,'P15/1709/2016','59621bc02dbb050e7bf0b51afef80e95b16f1f1f254e26e5e1271515299c2483',12,3,1,NULL,NULL,NULL),(13,'P15/31737/2015','5bcb2fbf729340d8e84b2cd3205a3782f47914b55f0a38224063b15bcf8d094c',13,3,1,NULL,NULL,NULL),(14,'P15/1719/2016','690dc8f34908c79bdbd58a7ac95d6817fa731a57fffa2314e2a44186bea36ebd',14,3,1,NULL,NULL,NULL),(15,'P15/1716/2016','062ef09461db8dd1ce707263be9c47a89e9b6ee927d7c6237a24697ed55711f5',15,3,1,NULL,NULL,NULL),(16,'P15/33494/2015','9aaceaf1ee87d25c29a4c146e384d242a3e2c3a729fe964b033362a8b5c5db1c',16,3,1,NULL,NULL,NULL),(17,'P15/37529/2016','ea198da81fedb799e4a041784b870910b7721c2338233b9f647badef69e4f4d0',17,3,1,NULL,NULL,NULL),(18,'P15/2559/2015','977385cfd8cd0bebbe3475a5c9823100026039ac14e103fab232c6318b7e4673',18,3,1,NULL,NULL,NULL),(19,'P15/1689/2016','5778e27de7deaf153568603fdf6233a07f189a2281e1515d04dd44b23b9bbdd6',19,3,1,NULL,NULL,NULL),(20,'P15/36376/2016','5e9e156945246435c976d40929aa98f497c0bf5c0ef6f2a2e76f277863f5ac7a',20,3,1,NULL,NULL,NULL),(21,'P15/35947/2015','cded24d9394d8e0b7000d109b89bda386ae4ee4f14fb1e5ed3ee79aab166964a',21,3,1,NULL,NULL,NULL),(22,'P15/1706/2016','2c670c622ef86f9f9c4b43945d95f3ac52bc10151f351571dacc30bbd132630f',22,3,1,NULL,NULL,NULL),(23,'P15/32156/2015','a7768721a2262f9f3698f79caed9f8c8ba3ac0ad1db532609c5cc47036a9433f',23,3,1,NULL,NULL,NULL),(24,'P15/1713/2016','24484471a1367970f39788306de0b5a8237c81cdb9d19342032f1721d48dbdf8',24,3,1,NULL,NULL,NULL),(25,'P15/36158/2015','4b72c496c267fd611388ea873b5a0e75aa42ddb3a50d54c6ad3aaf70a78dc2cb',25,3,1,NULL,NULL,NULL),(26,'P15/36969/2016','f5254a8b3044cfdd31c3a53ebbed07fb2b21f60f4d602cf1daefa9037f7b0874',26,3,1,NULL,NULL,NULL),(27,'P15/1698/2016','b8c75f44328ed1b07b15cd00ea479a472a90dce3d669a74ab3c3f3afa32a3ae7',27,3,1,NULL,NULL,NULL),(28,'P15/1696/2016','d5d502afac6368637c81196f273ccd83faae6424bc3d2b13027a0dc0040a7785',28,3,1,NULL,NULL,NULL),(29,'P15/37272/2016','e1c4f7f85f65d2ca8d9e1bf07b76b92c1761b78876563367e1105f5e8287a578',29,3,1,NULL,NULL,NULL),(30,'P15/36268/2016','ec8052f5e705882ac41508c1c291d90279f9671d374e62dcf4b1a98d596d0e86',30,3,1,NULL,NULL,NULL),(31,'P15/1708/2016','ccf62ae81565386d7f222ed0774c26d3df452148e92b1c1f0573eb3fc85ba44f',31,3,1,NULL,NULL,NULL),(32,'P15/36341/2015','aaa107cc9a0f48a99ebabda913ba3808322571ef3b2fb318700e465544981a1d',32,3,1,NULL,NULL,NULL),(33,'P15/37046/2016','2e09af1f27f1e526b038b4beca060bfc106096557e959d0d146938b7bfddb118',33,3,1,NULL,NULL,NULL),(34,'P15/37269/2016','48e77f10cf9075fc8f069a7b958f31f2514f806314c7e519a4377815bbb0e405',34,3,1,NULL,NULL,NULL),(35,'P15/37344/2016','ee97cb6c32c9440e93c0a6257ef188e24f45eb24929fd5044f742d54e187b78f',35,3,1,NULL,NULL,NULL),(36,'P15/36117/2015','75299e204c3be3d569132afe4276404c5f3e148d2008a8cc6e639bfc0cfcace8',36,3,1,NULL,NULL,NULL),(37,'P15/30653/2015','e79d10b717160bd0733a2ac29889f092d8eec4b204213acb8604f22543a76967',37,3,1,NULL,NULL,NULL),(38,'P15/37254/2016','0ce55b20bd4d5639ed5fc8c89c174bbc571cc1031b8b963204ed3e8ecd8f4a02',38,3,1,NULL,NULL,NULL),(39,'P15/36102/2015','5699fd7501b4075d65d48ca5164662c2257c6514c3b1b533025905e570f88d5c',39,3,1,NULL,NULL,NULL),(40,'P15/37738/2016','11a26e5cc5bd8376e01bb4307fcc7eab64ed89a08bcab7c4e357851aa59eae21',40,3,1,NULL,NULL,NULL),(41,'P15/31916/2015','b0a71831f31725624be8199f31c5f4b6194551523f2c3a725bb1e4f791f37348',41,3,1,NULL,NULL,NULL),(42,'P15/37641/2016','da489e57311b82600e9986bd02b5e0851e208152cc0d588efebe8529808b4986',42,3,1,NULL,NULL,NULL),(43,'P15/36237/2016','ee7a88a095281ea2034181df2195ce69caeef35870d329eb237845129d10ce02',43,3,1,NULL,NULL,NULL),(44,'P15/36507/2016','9e9b7727196bbfcbd0927851bf723771e159d6ab3ac2a03a4434a810e8214c71',44,3,1,NULL,NULL,NULL),(45,'P15/35753/2015','10cc0bba84020e9ab5dc7516ee771d729b57daedc775e919290a5e4e8f659ca3',45,3,1,NULL,NULL,NULL),(46,'P15/1690/2016','c347a4763b6c037fdbc149ed3ecf43866104c9169414840d818e05c93e581254',46,3,1,NULL,NULL,NULL),(47,'P15/37231/2016','ec7fb54b770eb1979afbae20a97e6c3b800e7448deab2a9db0f3a481716ca814',47,3,1,NULL,NULL,NULL),(48,'P15/36897/2016','07ddf43ca316c8d5ddcc14d3cbd5735fa6ab168b13a95d8de363a029840724f9',48,3,1,NULL,NULL,NULL),(49,'P15/36901/2016','54ea77ceb260749e5c8a29715bb2b649d693f9e8c9e83e0ce33b8b7ac9255646',49,3,1,NULL,NULL,NULL),(50,'P15/35462/2015','bc2bde2e1a32b2dff68471351ae620d0db25dd11a3233b851dc14938f7a75def',50,3,1,NULL,NULL,NULL),(51,'P15/1711/2016','84a0423838c2ccca9eb9482ba112e0362caef91f0adbcb1b1edf5cfb494ce859',51,3,1,NULL,NULL,NULL),(52,'P15/1715/2016','6a9ce93d7cd1637801d1c78d01f868277953b116cae35178d8e92f3e1baf27af',52,3,1,NULL,NULL,NULL),(53,'P15/36157/2015','815856fc5b3369ae655a14ac171f2ba5fc024f2e8a92970745fc7a0ff7579a37',53,3,1,NULL,NULL,NULL),(54,'P15/36569/2016','e8bc67c2fbd99a68da77db2e89848fd1b0c84544b1d763048d062d342d3747ed',54,3,1,NULL,NULL,NULL),(55,'P15/37364/2016','6f3a5b6834f94021cd93bf80df06dcf8b9149f16d89efb2b4f59455469be6e2a',55,3,1,NULL,NULL,NULL),(56,'P15/34677/2014','e08218b6e31f23c9e962f536f748b4619a8ca834f32069e351a3d539d12d8e57',56,3,1,NULL,NULL,NULL),(57,'P15/1718/2016','c9d641ad7b973561b22504aa61244522b5a0c286fe27e15ee1fa6548a7c774ca',57,3,1,NULL,NULL,NULL),(58,'P15/37561/2016','187440ef0d06d5d3457ca869480b5c1bce31cc9115c89eb291d9401ece68f1cc',58,3,1,NULL,NULL,NULL),(59,'P15/34906/2014','8e3886a81f31a3036b1e286280e3f375b70d65071fcc767894ddb883c260de64',59,3,1,NULL,NULL,NULL),(60,'P15/36089/2015','9bf356d98d79cfb85862ff74b764827d61d1b793397a50792c0665bede98d178',60,3,1,NULL,NULL,NULL),(61,'P15/1714/2016','b4738a7a503b3e1f7dc09c230932127db3dde449dc2cfd31df8ca8bc69adf7e6',61,3,1,NULL,NULL,NULL),(62,'P15/1841/2016','1e0f03447980c94e0d4756355127d9563dde1d07130d8121537748f4bd32944f',62,3,1,NULL,NULL,NULL),(63,'P15/1717/2016','74b8a59b0da60724441335559eb01876b8a31ce90f8f482220df395a45254876',63,3,1,NULL,NULL,NULL),(64,'P15/1694/2016','01d40043d2a11ea4f390e08296f38dee2a25e68ff9e74d1d764bfce763dd86db',64,3,1,NULL,NULL,NULL),(65,'P15/1701/2016','b915b783849d507c00cf09cc21272dc3152da1eccad9f520197877188ac1c703',65,3,1,NULL,NULL,NULL),(66,'P15/35805/2013','0a639b22f1a635e5fab3e5642352d27daa678bfa37807a85fd0e4cc0b258719e',66,3,1,NULL,NULL,NULL),(67,'P15/1693/2016','6fd37ffe87c928b48b775b8540cb3fd5961c2dff360cbd15c2f9d0bcb95d3f46',67,3,1,NULL,NULL,NULL),(68,'P15/31178/2015','1827a35df3011b54de77d369500fcbfd70fe3063f102ab548594bb9542c7fb55',68,3,1,NULL,NULL,NULL),(69,'P15/35160/2014','596e008d90c18e351cdf7cca52dfeb81ec9c6e7b7206573e91eea860fce0fc5c',69,3,1,NULL,NULL,NULL),(70,'P15/36503/2016','48e21537b7c0c35095baf004e8074bacbc08c8a45efb26e9f3f2287e82b0e2f3',70,3,1,NULL,NULL,NULL),(71,'P15/1702/2016','f2348b46790e12c9e4e6318ddfdfdd07ed0ca06e7514eb4cf58a2b271bf38cd6',71,3,1,NULL,NULL,NULL),(72,'P15/36168/2015','9b9d43faaebbce9c38e47faf6b5ff8280358ac16472a9dae1fee5d41d411d996',72,3,1,NULL,NULL,NULL),(73,'P15/36132/2015','45b7114439e76c9e78a8a5bcec048e83330d55174525cd3f8f2ca0dd295cfac1',73,3,1,NULL,NULL,NULL),(74,'P15/35834/2015','ceed5c30d5116e7fa8bb8661b32c515ef64fc585649d97aace021ed9cbbe264b',74,3,1,NULL,NULL,NULL),(75,'P15/36812/2016','69d1a40516e8fddd097bac753dd274029bf2b2e16618e414d5ac59c4be963449',75,3,1,NULL,NULL,NULL),(76,'P15/30459/2015','a1e0f336c787bf6fe7d739157882d1ba67921fd14e1d01d7b35a3964a6751872',76,3,1,NULL,NULL,NULL),(77,'P15/35101/2015','64b4f413adb50bfeab98b7ea28ed7eee2fdd6772b79f39bb757f03b28e182ac5',77,3,1,NULL,NULL,NULL),(78,'P15/33977/2014','e34d027df84c2c08c3f0281abb99bc3e11166cb72fa5f9b19cdd9c831a95bec2',78,3,1,NULL,NULL,NULL),(79,'P15/37874/2016','d2b0f9288c212072b67567dd586b755350941fc42c7013a5f943adb1587d277c',79,3,1,NULL,NULL,NULL),(80,'P15/36234/2016','ed11e1a82469186e85eda9f2bedbb6f7bb4845f2ba8d3fae2a73669b1371a875',80,3,1,NULL,NULL,NULL),(81,'P15/36821/2016','43f04cf54a629b42691de043b38eca08be207538436b1eaed51cb8a78f40b6d0',81,3,1,NULL,NULL,NULL),(82,'P15/35893/2015','952591be27b23634ddcaf1bff0e93001360024ec3721bde3672c9c2f29e0b99f',82,3,1,NULL,NULL,NULL),(83,'P15/35097/2015','55ed83adaaa25937abd2a69c34c1dcda1e51a037b7b33f33472069724a3e6702',83,3,1,NULL,NULL,NULL),(84,'P15/37139/2016','dd7587a61696ca4cf81315a516f94e816e1fcdac5f9fc9bd41f5bd2bd4b49057',84,3,1,NULL,NULL,NULL),(85,'P15/1697/2016','5cfd116be4b0dcd0a2d421a4510c4e94a9d1e331c7d0c214aeaf9a9f3c2e99b9',85,3,1,NULL,NULL,NULL),(86,'P15/37217/2016','1f4e313feff928c1517a1bb6b60141680cadea7108c2d2c7cbc27fcdbdbab00f',86,3,1,NULL,NULL,NULL),(87,'P15/37957/2016','5f8a54dfacb4e4291d417e992d65415537b7fccc010a7194746327866827dbc5',87,3,1,NULL,NULL,NULL),(88,'P15/1695/2016','8fb695b3fcfb808c15227e0bd51fbc0ad40d9e676eb4cff5409395c85ba6651e',88,3,1,NULL,NULL,NULL),(89,'P15/35759/2015','cdb307d3162038b7f7927289173090e9d44d2f239e02200a1e5d48206a2df5e1',89,3,1,NULL,NULL,NULL),(90,'P15/36496/2016','108fcdf790449669fa9873955b412a1d152c55084c144d00891df6ce6a43f8f7',90,3,1,NULL,NULL,NULL),(91,'P15/36653/2016','70bc0942ce6d02f8cd4d04e42dff4da97db05779a13c832480151684e1ed7135',91,3,1,NULL,NULL,NULL),(92,'P15/30324/2015','2167811da286ed8f497700aab5e97ee2d2e69836dd0b3fa084b193bd884ec4b1',92,3,1,NULL,NULL,NULL),(93,'P15/1433/2016','2b69a826c7f908b4b613988a555c52e2bfabb07f2663df11563c52bf946d9e35',93,3,1,NULL,NULL,NULL),(94,'P15/37017/2016','6bbdeb0bdc6de598ed63947a4af1343e7f599eaee05c55c6cbdc80014c138f2b',94,3,1,NULL,NULL,NULL),(95,'P15/38293/2016','63a545043018de88398c6d1b921799da1b243343c44fa75bbcdfc18367861b4a',95,3,1,NULL,NULL,NULL),(96,'P15/1724/2016','7e77ce4fc08010b270aaf4de5a0e806b8b890ad264eac20692a18b40f8562236',96,3,1,NULL,NULL,NULL),(97,'P15/34665/2014','b59a806f545e53a883b2d53428d40f29ff73eda145e51ad49e47fab17581eb3c',97,3,1,NULL,NULL,NULL),(98,'P15/30363/2015','99b5c7a70bd742362e207a809f4be30e254b8a615d4a82954809dc24b7c7a8c8',98,3,1,NULL,NULL,NULL),(99,'P15/37821/2016','de0f2a371fadba410898b3b3161962c52971d82bbd3f6473220efd05f0b90360',99,3,1,NULL,NULL,NULL),(100,'P15/1710/2016','759675d79183353789a2f1306a1e86c6190c0ccd8ea6f548e74f634fec0ac9b4',100,3,1,NULL,NULL,NULL),(101,'P15/37010/2016','d88e7852d0cd4bd69e71404c1e67cccfe71ea16651e5879717cdbc9a16ec604b',101,3,1,NULL,NULL,NULL),(102,'P15/1692/2016','10fc6de3065302deee3267710f9c8517746e7c28f5ab2b4d24880f54d790b84b',102,3,1,NULL,NULL,NULL),(103,'P15/1705/2016','528723ce030b58e203093c49ec95175a77921626c6c9b81726f3c1c65fb16657',103,3,1,NULL,NULL,NULL),(104,'P15/38236/2016','1f902cf5ef6ecadb2b6d03e6942b7cfba9b2152a4c2b009159d237b5619d811d',104,3,1,NULL,NULL,NULL),(105,'P15/36533/2016','a75d98b355b1fc30f1ad83e66060aff67dbf374c397d19f1423c3c91d25a4fca',105,3,1,NULL,NULL,NULL),(106,'P15/36513/2016','69f485fa5dae156c6ccf74e4f0d061b049a3432214c336e4a2045f15a36325b3',106,3,1,NULL,NULL,NULL),(107,'P15/37125/2016','a8c6808a63fd822f4625154182892cd52729c66ae148fe287d6a9d7ac7796e3b',107,3,1,NULL,NULL,NULL),(108,'P15/1722/2016','0985e86c31046068ebc2fbcfe93ea098846d4100039edddff0329ccee009d4f9',108,3,1,NULL,NULL,NULL),(109,'P15/1723/2016','a0d96bc1ecaca6f849fc2f70818d82533d98bafe3a7026c0bec02a42ca90ad8d',109,3,1,NULL,NULL,NULL),(110,'P15/37019/2016','1969022c36fbcd14e885159fa29cb3e4d17d036ecad9c9d32510e29fc661c086',110,3,1,NULL,NULL,NULL),(111,'P15/36238/2016','3a701ee6649adcf8cf02481456982741f658d5342cd28ea35da64a622246eac7',111,3,1,NULL,NULL,NULL),(112,'P15/36648/2016','6c6ccb24e4845a74a676bbc2e3d2f1fb8b63d396fdb87d918e8b84180be33505',112,3,1,NULL,NULL,NULL),(113,'P15/36076/2015','98e037de7b13012928b578ac463a8f2b6d728c8871b334037bb9d4b1972aff7d',113,3,1,NULL,NULL,NULL),(114,'P15/36134/2015','aa2d1136dceb9eab2232b198ebb5f96d68eef76b16bcbecee6656ad78ff3108f',114,3,1,NULL,NULL,NULL),(115,'P15/1688/2016','fdefefb4c72e99a9ca6a6284b57c8045fd3a08a39f9bec0b019a239d0e38983c',115,3,1,NULL,NULL,NULL),(116,'P15/31143/2015','bf1a59be27bf1ae9a155924defd4e36e1405ff594161423319d75aaae2e94a2d',116,3,1,NULL,NULL,NULL),(117,'P15/35037/2014','1b45cd1d2e2e3476a56e3bc2e51f4aadb14ac311ee778111f9228f368f8c6315',117,3,1,NULL,NULL,NULL),(118,'P15/1712/2016','b8324e3e7687667e561fa5b962d3b999b933185dd70b7fc578258fa4fc1beb98',118,3,1,NULL,NULL,NULL),(119,'P15/1700/2016','7bc9e0e3e47bc8e6ae0d717851d44004a8e32efee0e684824c47a0f81c4e476d',119,3,1,NULL,NULL,NULL),(120,'P15/1725/2016','00db8981a932c4a2fe7c7f7532ce630c5d34b3a73835d9cdf5992c81f34d4a03',120,3,1,NULL,NULL,NULL),(121,'P15/36756/2016','9c268c50bf7d3608cdfd396581b3f6f82044f3ae261648df1567d7a0648ddb5f',121,3,1,NULL,NULL,NULL),(122,'P15/37073/2016','54eb033b30bbfa85178df1d9775f9ede4640426989d36f8a877a4abe13894c7f',122,3,1,NULL,NULL,NULL),(123,'P15/1720/2016','ab5465ef4488db63bd2656a61af960cfd82839779b66bb435078027560caa8fb',123,3,1,NULL,NULL,NULL),(124,'P15/36874/2016','1de896e5ec56edd77cb98c172b6cb579ab1952b00d766a86e16d118c77e718cd',124,3,1,NULL,NULL,NULL),(125,'P15/1727/2016','6a00aad0ebf0eb7fd6cb1523f1dee3b48fc505fd69228f37a0080fd11e83f138',125,3,1,NULL,NULL,NULL),(126,'P15/34017/2015','e1f8a6f299cbcc76622d4ad91b075f275e4617c11f176c865fec344a71c45f3b',126,3,1,NULL,NULL,NULL),(127,'P15/37353/2016','eecdaa9a81ec262281e849c2414d19ce5e7a99a21990b9bfbe5c16646e756408',127,3,1,NULL,NULL,NULL),(128,'P15/30269/2015','3f1f37d900eb9a0e8bb98bb0d8b516ea12eaf3228f7672005487f6bc661effe5',128,3,1,NULL,NULL,NULL),(129,'P15/35324/2015','8dd42800cdf0c3170b07b6eeb3967a3a98fc26aa42fae88c0d6bbab857aa082d',129,3,1,NULL,NULL,NULL),(130,'P15/35255/2015','47c1fe4c50a887b9b7de66cf86c3658faa2e46a06680d030d83c6feec211ceaa',130,3,1,NULL,NULL,NULL),(131,'P15/38119/2016','9d1aafd49d8197d0cc2ff9383b3b72438946a7fe208490a71616a9496a53599b',131,3,1,NULL,NULL,NULL),(132,'P15/36337/2016','c1cef4fc6678a16752d4478b64b24049531620b20227b7db3e9e2cff5d08f9e5',132,3,1,NULL,NULL,NULL),(133,'P15/35291/2015','23b7a58a9156c0e6ff4212e1419f55a9130ef17dd20fa3247eb61cc6c785be72',133,3,1,NULL,NULL,NULL),(134,'P15/35945/2015','573c5c25543d7718a1bc0a9cf130d3b1055f933e56403f6da01b4fd5886f243c',134,3,1,NULL,NULL,NULL),(135,'P15/1729/2016','12c020f9783fd6560999df6065ccf6577f6f74d77e4891cc65f5cb3e581c5623',135,3,1,NULL,NULL,NULL),(136,'P15/37451/2016','9c7cc077649b9e62644f83384e84c7c7a0c579bb4cf4cb19bd447323f41bc90e',136,3,1,NULL,NULL,NULL),(137,'P15/36551/2016','69429a7ee742370535824a25bcff46a3554f6e2e250546ad9e63bda54617c279',137,3,1,NULL,NULL,NULL),(138,'P15/35280/2015','3058d0020103af1d15ca0160979031ed2f6423f5252662cf5c6b2c970118c81c',138,3,1,NULL,NULL,NULL),(139,'P15/36567/2016','6e28e20665214b8a6c3200281c4b21d22993351a587de9d2b8c0542827bd66db',139,3,1,NULL,NULL,NULL),(140,'P15/36349/2016','0e0935678082e17b172b1a4b55672ece23b46c353222e5af42dac037202da6cf',140,3,1,NULL,NULL,NULL),(141,'P15/1691/2016','3693c3404e69aa269065bb0f5d183a4bdc51166984646a25e05918e628b95a7a',141,3,1,NULL,NULL,NULL),(142,'P15/38166/2016','438349f8e9c92230ce1c68f042bcc92850e3ee54452376293afe49f0dd643d63',142,3,1,NULL,NULL,NULL),(143,'P15/37390/2016','ec30d5d0c94c8b37fa3dd966e64652f00064373d3f8758bc5e35ca715a97b0c1',143,3,1,NULL,NULL,NULL),(144,'P15/35060/2015','358e70ccf59c6735e582f5da645f4bb26e21664f99ddef8d16f2f50d62f43fa6',144,3,1,NULL,NULL,NULL),(145,'P15/37020/2016','66863a945abd27c38ccb262fe956b291d5e848555d14463ec1189eac2571bbb0',145,3,1,NULL,NULL,NULL),(146,'P15/1704/2016','b4f8b8d69f92c9978e8ac96205e9a645517d14777c707c4d1e5c3ec46ac76d08',146,3,1,NULL,NULL,NULL),(147,'P15/35954/2015','043d42116badeab5def31a78158175a8b5598a23fd2ab55d5c556df1b3cc82d7',147,3,1,NULL,NULL,NULL),(148,'P15/1707/2016','bdcf9bfbd9cc79926bc630bc67a33fa4647d5cf48ab7b35b4bd58fa27d54fda6',148,3,1,NULL,NULL,NULL),(149,'P15/36820/2016','f58b442a7e86905fd056ed8b93f7cb11cfe0f54512cb1d0a7b284e40aedfa02a',149,3,1,NULL,NULL,NULL),(150,'P15/37847/2016','02032898fda59e12faab931c681331ec530e050e1236a60cf1d900208a11006a',150,3,1,NULL,NULL,NULL),(151,'CSC111MIRITI','e2b4aa5e0ba3a6db1e9a571c14e45bdf64c9afd72472c560f7c9930f073adffc',151,5,1,NULL,NULL,NULL),(152,'CSC112OMWENGA','46e11654d07e5dafafe1bbe965a549cc0d2e0de670e04d9c16ac79cf84476c46',152,5,1,NULL,NULL,NULL),(153,'CSC113ABUNGU','6aafe6ed78ced396ca499c455b605e0d4e1ddb9d7f6499697c161335b075ccbd',153,2,1,NULL,NULL,NULL),(154,'CCS001MARY','b7cf4cc9d326608c466907733f13f1abb08082c9928465784210f623980eae64',154,2,1,NULL,NULL,NULL),(155,'CCS009MURIU','77f8743c36bd8d7bb91c9cef1343aea108fb9dafd9e2cddc896a7da6d24c330a',155,2,1,NULL,NULL,NULL),(156,'127000','7da5a4bdc52c5c84d924d0d33534984907b01bd0a5d5a5862329531b39ba37f7',156,3,1,NULL,NULL,NULL),(158,'179510','905fbc16d2b3a6ca82254229b2d6ec8c0f8849e7db2a857d3f53a24cf1ca3360',644,3,1,NULL,NULL,NULL),(159,'207410','10a640f412f71a33d40a21e2e1e117c32053380df7730b7a2b9e865389dc7c73',645,1,1,NULL,NULL,NULL),(160,'NAOH/261/2016','3c22b47439701c5e9fa79b988bef400e7665b6625691445c007c9b1c7bca75e4',646,3,1,NULL,NULL,NULL),(161,'KCl/261/2016','eb073498b8452d83db66b3fe14efbbb62f9de742b71ffe1d11bab052df46a5a5',647,3,1,NULL,NULL,NULL),(162,'H2S/18/2016','dbe68370abf181a936b928233d3169d9444829da9f8b00378a5805e24579964e',648,3,1,NULL,NULL,NULL),(163,'JaSe/12/2016','b6bdd222d29a2218e912bbe660393c5be29a9d6857b3adc43ea66cfe46929168',649,1,1,NULL,NULL,NULL),(164,'21453','506140e1ba10d66ab7ced26665a32c6edafe618ec173bfb55b8747421381f14b',650,5,1,NULL,NULL,NULL),(165,'REG/NUMBER','df49063da479f2207888e14afc3a280f95aaa8fd19aceecf621ea41477a4fa19',651,4,1,NULL,NULL,NULL),(166,'SS/2015','59c5d00c10ed648566b21b7d52bb931f2bca81b2ccbfbda6af684462ca7d146c',652,5,1,NULL,NULL,NULL),(167,'Delete/me','683a9b3d078947546960e1ef2b51aab62b2b19af1a7a1fb8d9cb106a318ef503',653,4,1,NULL,NULL,NULL),(168,'PA/12312/2016','3bc928cd89f4969a6f0f8a3088fb7f40ab0f27728a72b5f34338c1895238642f',654,1,1,NULL,NULL,NULL);
/*!40000 ALTER TABLE `user_account` ENABLE KEYS */;
UNLOCK TABLES;

--
-- Table structure for table `user_group`
--

DROP TABLE IF EXISTS `user_group`;
/*!40101 SET @saved_cs_client     = @@character_set_client */;
/*!40101 SET character_set_client = utf8 */;
CREATE TABLE `user_group` (
  `id` smallint(3) unsigned NOT NULL AUTO_INCREMENT,
  `user_group` varchar(45) NOT NULL,
  `active` tinyint(1) DEFAULT NULL,
  `version` int(11) DEFAULT NULL,
  PRIMARY KEY (`id`),
  UNIQUE KEY `id_UNIQUE` (`id`),
  UNIQUE KEY `user_group_UNIQUE` (`user_group`)
) ENGINE=InnoDB AUTO_INCREMENT=6 DEFAULT CHARSET=latin1;
/*!40101 SET character_set_client = @saved_cs_client */;

--
-- Dumping data for table `user_group`
--

LOCK TABLES `user_group` WRITE;
/*!40000 ALTER TABLE `user_group` DISABLE KEYS */;
INSERT INTO `user_group` VALUES (1,'Management',NULL,NULL),(2,'Lecturer',NULL,NULL),(3,'Student',NULL,NULL),(4,'Other staff',NULL,NULL),(5,'Admin',NULL,NULL);
/*!40000 ALTER TABLE `user_group` ENABLE KEYS */;
UNLOCK TABLES;
/*!40103 SET TIME_ZONE=@OLD_TIME_ZONE */;

/*!40101 SET SQL_MODE=@OLD_SQL_MODE */;
/*!40014 SET FOREIGN_KEY_CHECKS=@OLD_FOREIGN_KEY_CHECKS */;
/*!40014 SET UNIQUE_CHECKS=@OLD_UNIQUE_CHECKS */;
/*!40101 SET CHARACTER_SET_CLIENT=@OLD_CHARACTER_SET_CLIENT */;
/*!40101 SET CHARACTER_SET_RESULTS=@OLD_CHARACTER_SET_RESULTS */;
/*!40101 SET COLLATION_CONNECTION=@OLD_COLLATION_CONNECTION */;
/*!40111 SET SQL_NOTES=@OLD_SQL_NOTES */;

-- Dump completed on 2016-04-25 20:14:42
